09-07 00:34:06 已启动队长进程 PID=2844，等待登录界面窗口…
09-07 00:34:07 p2844 检测到登录界面，开始播种…
09-07 00:34:09 没有可录制的实例（请先启动游戏并播种，或选中列表实例）
09-07 00:34:16 p2844 播种成功 ✓（p2844）
09-07 00:34:16 p2844 重放 leader#1 登录点击 4 步…
09-07 00:34:22 p2844 登录点击重放完毕，等待进入场景…
09-07 00:34:23 p2844 检测到已登录 ✓
09-07 00:34:27 已启动队员进程 PID=24896，等待登录界面窗口…
09-07 00:34:29 p24896 检测到登录界面，开始播种…
09-07 00:34:36 p24896 播种成功 ✓（p24896）
09-07 00:34:36 p24896 重放 member#1 登录点击 4 步…
09-07 00:34:44 p24896 登录点击重放完毕，等待进入场景…
09-07 00:34:45 p24896 检测到已登录 ✓
09-07 00:34:47 已启动队员进程 PID=24072，等待登录界面窗口…
09-07 00:34:49 p24072 检测到登录界面，开始播种…
09-07 00:34:50 已启动队员进程 PID=440，等待登录界面窗口…
09-07 00:34:51 p440 检测到登录界面，开始播种…
09-07 00:34:53 已启动队员进程 PID=6820，等待登录界面窗口…
09-07 00:34:55 p6820 检测到登录界面，开始播种…
09-07 00:34:55 p24072 播种成功 ✓（p24072）
09-07 00:34:55 p24072 重放 member#2 登录点击 4 步…
09-07 00:34:58 p440 播种成功 ✓（p440）
09-07 00:34:58 p440 重放 member#3 登录点击 4 步…
09-07 00:35:01 p6820 播种成功 ✓（p6820）
09-07 00:35:01 p6820 重放 member#4 登录点击 4 步…
09-07 00:35:03 p24072 登录点击重放完毕，等待进入场景…
09-07 00:35:06 p440 登录点击重放完毕，等待进入场景…
09-07 00:35:07 p440 检测到已登录 ✓
09-07 00:35:09 p24072 检测到已登录 ✓
09-07 00:35:09 p6820 登录点击重放完毕，等待进入场景…
09-07 00:35:19 p2844 进程消失，但发现游离游戏窗口 PID=21760 → 收养（不重启）
09-07 00:35:19 p21760 收养后仍在线 ✓
09-07 00:35:19 p24072 掉线判定: 进程消失 → 重启闭环
09-07 00:35:20 p24072 已重启为新进程 PID=25156，等待登录界面…
09-07 00:35:21 p25156 检测到登录界面，开始播种…
09-07 00:35:21 p21760 掉线判定: 进程消失 → 重启闭环
09-07 00:35:21 p6820 窗口消失（待登录阶段）→ 重启闭环
09-07 00:35:21 p6820 已重启为新进程 PID=24684，等待登录界面…
09-07 00:35:21 p21760 已重启为新进程 PID=24784，等待登录界面…
09-07 00:35:23 p24684 检测到登录界面，开始播种…
09-07 00:35:23 p24784 检测到登录界面，开始播种…
09-07 00:35:28 p25156 播种成功 ✓（p25156）
09-07 00:35:28 p25156 重放 member#2 登录点击 4 步…
09-07 00:35:28 p24072 → 新 PID=25156 播种/登录流程接管完成
09-07 00:35:30 p24784 播种成功 ✓（p24784）
09-07 00:35:30 p24684 播种成功 ✓（p24684）
09-07 00:35:30 p24784 重放 leader#1 登录点击 4 步…
09-07 00:35:30 p24684 重放 member#4 登录点击 4 步…
09-07 00:35:30 p6820 → 新 PID=24684 播种/登录流程接管完成
09-07 00:35:30 p21760 → 新 PID=24784 播种/登录流程接管完成
09-07 00:35:36 p25156 登录点击重放完毕，等待进入场景…
09-07 00:35:37 p24784 登录点击重放完毕，等待进入场景…
09-07 00:35:37 p25156 检测到已登录 ✓
09-07 00:35:39 p24684 登录点击重放完毕，等待进入场景…
09-07 00:35:39 p24784 检测到已登录 ✓
09-07 00:35:39 p24684 检测到已登录 ✓
09-07 00:35:55 [autoTeam] 阶段1: 5 人并行传送 大唐官府
09-07 00:36:05 p24684 传送完成 ✓
09-07 00:36:05 p25156 传送完成 ✓
09-07 00:36:05 p440 传送完成 ✓
09-07 00:36:05 p24896 传送完成 ✓
09-07 00:36:06 p24784 传送完成 ✓
09-07 00:36:06 [autoTeam] 阶段2: 队长走位[139,80]
09-07 00:36:48 [autoTeam] 队长准备失败，20s 后重试一次
09-07 00:37:43 [autoTeam] 阶段3: 建队
09-07 00:37:51 [autoTeam] 阶段4: 4 名队员并行申请入队
09-07 00:38:14 [autoTeam] 阶段5: 队长批准申请
09-07 00:39:01 [autoTeam] 批准结束: 成员=5/目标=5
09-07 00:39:08 [autoTeam] 天覆阵完成 ✓
09-07 00:39:09 p24784 已拉起任务脚本（队长·二号美人 gw=file://pzxy_p24784）
09-07 00:39:09 p24896 已拉起任务脚本（队员·三号美人 gw=file://pzxy_p24896）
09-07 00:39:09 p25156 已拉起任务脚本（队员·这是帅哥 gw=file://pzxy_p25156）
09-07 00:39:10 p440 已拉起任务脚本（队员·这是猛男 gw=file://pzxy_p440）
09-07 00:39:10 p24684 已拉起任务脚本（队员·一号美人 gw=file://pzxy_p24684）
09-07 00:39:10 [autoTeam] 组队+任务脚本启动完成
09-07 00:39:10 [看门狗] 启动（目标 5 人，每 15s 判定）
09-07 00:39:25 [看门狗] 异常: name 'ZGUI' is not defined
09-07 00:39:40 [看门狗] 异常: name 'ZGUI' is not defined
09-07 00:39:55 [看门狗] 异常: name 'ZGUI' is not defined
09-07 00:40:10 [看门狗] 异常: name 'ZGUI' is not defined
09-07 00:40:25 [看门狗] 异常: name 'ZGUI' is not defined
09-07 00:40:40 [看门狗] 异常: name 'ZGUI' is not defined
09-07 00:40:55 [看门狗] 异常: name 'ZGUI' is not defined
09-07 00:41:10 [看门狗] 异常: name 'ZGUI' is not defined
09-07 00:41:25 [看门狗] 异常: name 'ZGUI' is not defined
09-07 00:41:40 [看门狗] 异常: name 'ZGUI' is not defined
09-07 00:41:55 [看门狗] 异常: name 'ZGUI' is not defined
09-07 00:42:10 [看门狗] 异常: name 'ZGUI' is not defined
09-07 00:42:25 [看门狗] 异常: name 'ZGUI' is not defined
09-07 00:42:40 [看门狗] 异常: name 'ZGUI' is not defined
09-07 00:42:55 [看门狗] 异常: name 'ZGUI' is not defined
09-07 00:43:10 [看门狗] 异常: name 'ZGUI' is not defined
09-07 00:43:25 [看门狗] 异常: name 'ZGUI' is not defined
09-07 00:43:40 [看门狗] 异常: name 'ZGUI' is not defined
09-07 00:43:55 [看门狗] 异常: name 'ZGUI' is not defined
09-07 00:44:10 [看门狗] 异常: name 'ZGUI' is not defined
09-07 00:44:25 [看门狗] 异常: name 'ZGUI' is not defined
09-07 00:44:40 [看门狗] 异常: name 'ZGUI' is not defined
09-07 00:44:55 [看门狗] 异常: name 'ZGUI' is not defined
09-07 00:45:10 [看门狗] 异常: name 'ZGUI' is not defined
09-07 00:45:25 [看门狗] 异常: name 'ZGUI' is not defined
09-07 00:45:40 [看门狗] 异常: name 'ZGUI' is not defined
09-07 00:45:55 [看门狗] 异常: name 'ZGUI' is not defined
09-07 00:46:10 [看门狗] 异常: name 'ZGUI' is not defined
09-07 00:46:25 [看门狗] 异常: name 'ZGUI' is not defined
09-07 00:46:40 [看门狗] 异常: name 'ZGUI' is not defined
09-07 00:46:55 [看门狗] 异常: name 'ZGUI' is not defined
09-07 00:47:10 [看门狗] 异常: name 'ZGUI' is not defined
09-07 00:47:25 [看门狗] 异常: name 'ZGUI' is not defined
09-07 00:47:40 [看门狗] 异常: name 'ZGUI' is not defined
09-07 00:47:55 [看门狗] 异常: name 'ZGUI' is not defined
09-07 00:48:10 [看门狗] 异常: name 'ZGUI' is not defined
09-07 00:48:25 [看门狗] 异常: name 'ZGUI' is not defined
09-07 00:48:40 [看门狗] 异常: name 'ZGUI' is not defined
09-07 00:48:55 [看门狗] 异常: name 'ZGUI' is not defined
09-07 00:49:10 [看门狗] 异常: name 'ZGUI' is not defined
09-07 00:49:25 [看门狗] 异常: name 'ZGUI' is not defined
09-07 00:49:40 [看门狗] 异常: name 'ZGUI' is not defined
09-07 00:49:55 [看门狗] 异常: name 'ZGUI' is not defined
09-07 00:50:10 [看门狗] 异常: name 'ZGUI' is not defined
09-07 00:50:25 [看门狗] 异常: name 'ZGUI' is not defined
09-07 00:50:55 已启动队长进程 PID=22352，等待登录界面窗口…
09-07 00:50:56 已启动队员进程 PID=24488，等待登录界面窗口…
09-07 00:50:56 p22352 检测到登录界面，开始播种…
09-07 00:50:56 已启动队员进程 PID=7200，等待登录界面窗口…
09-07 00:50:57 已启动队员进程 PID=6580，等待登录界面窗口…
09-07 00:50:57 已启动队员进程 PID=17520，等待登录界面窗口…
09-07 00:50:57 p7200 检测到登录界面，开始播种…
09-07 00:50:58 p24488 检测到登录界面，开始播种…
09-07 00:50:58 p17520 检测到登录界面，开始播种…
09-07 00:50:59 p6580 检测到登录界面，开始播种…
09-07 00:51:07 p22352 播种成功 ✓（p22352）
09-07 00:51:07 p22352 重放 leader#1 登录点击 4 步…
09-07 00:51:09 p24488 播种成功 ✓（p24488）
09-07 00:51:09 p24488 重放 member#1 登录点击 4 步…
09-07 00:51:10 p7200 播种成功 ✓（p7200）
09-07 00:51:10 p7200 重放 member#2 登录点击 4 步…
09-07 00:51:11 p6580 播种成功 ✓（p6580）
09-07 00:51:11 p6580 重放 member#3 登录点击 4 步…
09-07 00:51:12 p17520 播种成功 ✓（p17520）
09-07 00:51:12 p17520 重放 member#4 登录点击 4 步…
09-07 00:51:13 p22352 登录点击重放完毕，等待进入场景…
09-07 00:51:14 p22352 检测到已登录 ✓
09-07 00:51:18 p7200 登录点击重放完毕，等待进入场景…
09-07 00:51:18 p24488 登录点击重放完毕，等待进入场景…
09-07 00:51:19 p6580 登录点击重放完毕，等待进入场景…
09-07 00:51:20 p17520 登录点击重放完毕，等待进入场景…
09-07 00:51:20 p24488 检测到已登录 ✓
09-07 00:51:20 p7200 检测到已登录 ✓
09-07 00:51:20 p6580 检测到已登录 ✓
09-07 00:51:22 p17520 检测到已登录 ✓
09-07 00:51:50 p22352 掉线判定: 窗口/标题异常 → 重启闭环
09-07 00:51:51 p22352 已重启为新进程 PID=13492，等待登录界面…
09-07 00:51:52 p13492 检测到登录界面，开始播种…
09-07 00:51:58 p13492 播种成功 ✓（p13492）
09-07 00:51:58 p13492 重放 leader#1 登录点击 4 步…
09-07 00:51:58 p22352 → 新 PID=13492 播种/登录流程接管完成
09-07 00:52:05 p13492 登录点击重放完毕，等待进入场景…
09-07 00:52:07 p13492 检测到已登录 ✓
09-07 00:57:08 已启动队长进程 PID=25352，等待登录界面窗口…
09-07 00:57:09 已启动队员进程 PID=18092，等待登录界面窗口…
09-07 00:57:10 已启动队员进程 PID=21596，等待登录界面窗口…
09-07 00:57:10 已启动队员进程 PID=24444，等待登录界面窗口…
09-07 00:57:10 p25352 检测到登录界面，开始播种…
09-07 00:57:11 已启动队员进程 PID=22848，等待登录界面窗口…
09-07 00:57:11 p21596 检测到登录界面，开始播种…
09-07 00:57:11 p18092 检测到登录界面，开始播种…
09-07 00:57:12 p24444 检测到登录界面，开始播种…
09-07 00:57:13 p22848 检测到登录界面，开始播种…
09-07 00:57:21 p24444 播种成功 ✓（p24444）
09-07 00:57:21 p24444 重放 member#3 登录点击 4 步…
09-07 00:57:21 p18092 播种成功 ✓（p18092）
09-07 00:57:21 p18092 重放 member#1 登录点击 4 步…
09-07 00:57:21 p21596 播种成功 ✓（p21596）
09-07 00:57:21 p21596 重放 member#2 登录点击 4 步…
09-07 00:57:21 p22848 播种成功 ✓（p22848）
09-07 00:57:21 p22848 重放 member#4 登录点击 4 步…
09-07 00:57:22 p25352 播种成功 ✓（p25352）
09-07 00:57:22 p25352 重放 leader#1 登录点击 4 步…
09-07 00:57:28 p25352 登录点击重放完毕，等待进入场景…
09-07 00:57:28 p24444 登录点击重放完毕，等待进入场景…
09-07 00:57:29 p21596 登录点击重放完毕，等待进入场景…
09-07 00:57:29 p25352 检测到已登录 ✓
09-07 00:57:29 p22848 登录点击重放完毕，等待进入场景…
09-07 00:57:29 p18092 登录点击重放完毕，等待进入场景…
09-07 00:57:31 p18092 检测到已登录 ✓
09-07 00:57:31 p22848 检测到已登录 ✓
09-07 00:57:33 p25352 掉线判定: 进程消失 → 重启闭环
09-07 00:57:33 p21596 窗口消失（待登录阶段）→ 重启闭环
09-07 00:57:33 p25352 已重启为新进程 PID=16864，等待登录界面…
09-07 00:57:33 p21596 已重启为新进程 PID=16340，等待登录界面…
09-07 00:57:35 p16340 检测到登录界面，开始播种…
09-07 00:57:35 p16864 检测到登录界面，开始播种…
09-07 00:57:42 p16340 播种成功 ✓（p16340）
09-07 00:57:42 p16340 重放 member#2 登录点击 4 步…
09-07 00:57:42 p21596 → 新 PID=16340 播种/登录流程接管完成
09-07 00:57:43 p24444 窗口消失（待登录阶段）→ 重启闭环
09-07 00:57:43 p24444 已重启为新进程 PID=22640，等待登录界面…
09-07 00:57:44 p16864 播种成功 ✓（p16864）
09-07 00:57:44 p16864 重放 leader#1 登录点击 4 步…
09-07 00:57:44 p25352 → 新 PID=16864 播种/登录流程接管完成
09-07 00:57:45 p22640 检测到登录界面，开始播种…
09-07 00:57:50 p16340 登录点击重放完毕，等待进入场景…
09-07 00:57:50 p16864 登录点击重放完毕，等待进入场景…
09-07 00:57:51 p16864 检测到已登录 ✓
09-07 00:57:51 p16340 检测到已登录 ✓
09-07 00:57:52 p22640 播种成功 ✓（p22640）
09-07 00:57:52 p22640 重放 member#3 登录点击 4 步…
09-07 00:57:52 p24444 → 新 PID=22640 播种/登录流程接管完成
09-07 00:57:59 p22640 登录点击重放完毕，等待进入场景…
09-07 00:58:01 p22640 检测到已登录 ✓
09-07 00:58:18 [autoTeam] 阶段1: 5 人并行传送 大唐官府
09-07 00:58:27 p22640 传送完成 ✓
09-07 00:58:27 p16864 传送完成 ✓
09-07 00:58:27 p18092 传送完成 ✓
09-07 00:58:28 p22848 传送完成 ✓
09-07 00:58:28 p16340 传送完成 ✓
09-07 00:58:28 [autoTeam] 阶段2: 队长走位[139,80]
09-07 00:59:13 [autoTeam] 队长准备失败，20s 后重试一次
09-07 00:59:33 已停止任务进程 9 个: 22576,20328,24300,18756,7368,24936,10892,8708,11284
09-07 01:18:34 已启动队长进程 PID=7324，等待登录界面窗口…
09-07 01:18:35 已启动队员进程 PID=17008，等待登录界面窗口…
09-07 01:18:35 p7324 检测到登录界面，开始播种…
09-07 01:18:35 已启动队员进程 PID=12936，等待登录界面窗口…
09-07 01:18:36 已启动队员进程 PID=17120，等待登录界面窗口…
09-07 01:18:36 已启动队员进程 PID=2468，等待登录界面窗口…
09-07 01:18:37 p17008 检测到登录界面，开始播种…
09-07 01:18:37 p17120 检测到登录界面，开始播种…
09-07 01:18:37 p12936 检测到登录界面，开始播种…
09-07 01:18:38 p2468 检测到登录界面，开始播种…
09-07 01:18:43 p7324 播种成功 ✓（p7324）
09-07 01:18:43 p7324 重放 leader#1 登录点击 4 步…
09-07 01:18:45 p17008 播种成功 ✓（p17008）
09-07 01:18:45 p17008 重放 member#1 登录点击 4 步…
09-07 01:18:45 p17120 播种成功 ✓（p17120）
09-07 01:18:45 p17120 重放 member#3 登录点击 4 步…
09-07 01:18:45 p12936 播种成功 ✓（p12936）
09-07 01:18:45 p12936 重放 member#2 登录点击 4 步…
09-07 01:18:45 p2468 播种成功 ✓（p2468）
09-07 01:18:45 p2468 重放 member#4 登录点击 4 步…
09-07 01:18:49 p7324 登录点击重放完毕，等待进入场景…
09-07 01:18:51 p7324 检测到已登录 ✓
09-07 01:18:53 p17120 登录点击重放完毕，等待进入场景…
09-07 01:18:53 p12936 登录点击重放完毕，等待进入场景…
09-07 01:18:53 p17120 检测到已登录 ✓
09-07 01:18:53 p17008 登录点击重放完毕，等待进入场景…
09-07 01:18:53 p2468 登录点击重放完毕，等待进入场景…
09-07 01:18:55 p17008 检测到已登录 ✓
09-07 01:18:55 p12936 检测到已登录 ✓
09-07 01:18:55 p2468 检测到已登录 ✓
09-07 01:19:15 [autoTeam] 阶段1: 5 人并行传送 大唐官府
09-07 01:19:24 p17120 传送完成 ✓
09-07 01:19:25 p12936 传送完成 ✓
09-07 01:19:25 p17008 传送完成 ✓
09-07 01:19:25 p7324 传送完成 ✓
09-07 01:19:25 p2468 传送完成 ✓
09-07 01:19:25 [autoTeam] 阶段2: 队长走位[139,80]
09-07 01:20:11 [autoTeam] 队长准备失败，20s 后重试一次
09-07 01:21:15 [autoTeam] 队长走位失败，只拉任务不组队
09-07 01:21:15 p7324 任务进程扫描为空（可能扫描失败），重扫一次
09-07 01:21:17 p7324 进程扫描两次为空，跳过拉起（防重复驱动）
09-07 01:21:17 p17008 任务进程扫描为空（可能扫描失败），重扫一次
09-07 01:21:19 p17008 进程扫描两次为空，跳过拉起（防重复驱动）
09-07 01:21:20 p12936 任务进程扫描为空（可能扫描失败），重扫一次
09-07 01:21:21 p12936 进程扫描两次为空，跳过拉起（防重复驱动）
09-07 01:21:22 p17120 任务进程扫描为空（可能扫描失败），重扫一次
09-07 01:21:23 p17120 进程扫描两次为空，跳过拉起（防重复驱动）
09-07 01:21:24 p2468 任务进程扫描为空（可能扫描失败），重扫一次
09-07 01:21:25 p2468 进程扫描两次为空，跳过拉起（防重复驱动）
09-07 01:21:25 [autoTeam] 组队+任务脚本启动完成
09-07 01:21:25 [看门狗] 启动（目标 5 人，每 15s 判定）
09-07 01:21:41 [看门狗] 检测到缺员 0/5 → 打断抓鬼，启动补组队
09-07 01:22:30 [看门狗] 补组失败：无队长坐标
09-07 01:23:27 [看门狗] 补组失败：无队长坐标
09-07 01:24:31 已启动队长进程 PID=16908，等待登录界面窗口…
09-07 01:24:32 已启动队员进程 PID=18524，等待登录界面窗口…
09-07 01:24:32 p16908 检测到登录界面，开始播种…
09-07 01:24:32 已启动队员进程 PID=16568，等待登录界面窗口…
09-07 01:24:33 已启动队员进程 PID=22412，等待登录界面窗口…
09-07 01:24:33 已启动队员进程 PID=9676，等待登录界面窗口…
09-07 01:24:33 p16568 检测到登录界面，开始播种…
09-07 01:24:34 p18524 检测到登录界面，开始播种…
09-07 01:24:34 p9676 检测到登录界面，开始播种…
09-07 01:24:35 p22412 检测到登录界面，开始播种…
09-07 01:24:49 p22412 播种成功 ✓（p22412）
09-07 01:24:49 p22412 重放 member#3 登录点击 4 步…
09-07 01:24:49 p18524 播种成功 ✓（p18524）
09-07 01:24:49 p18524 重放 member#1 登录点击 4 步…
09-07 01:24:49 p16908 播种成功 ✓（p16908）
09-07 01:24:49 p16908 重放 leader#1 登录点击 4 步…
09-07 01:24:50 p9676 播种成功 ✓（p9676）
09-07 01:24:50 p9676 重放 member#4 登录点击 4 步…
09-07 01:24:50 p16568 播种成功 ✓（p16568）
09-07 01:24:50 p16568 重放 member#2 登录点击 4 步…
09-07 01:24:56 p16908 登录点击重放完毕，等待进入场景…
09-07 01:24:57 p22412 登录点击重放完毕，等待进入场景…
09-07 01:24:58 p9676 登录点击重放完毕，等待进入场景…
09-07 01:24:58 p18524 登录点击重放完毕，等待进入场景…
09-07 01:24:58 p16568 登录点击重放完毕，等待进入场景…
09-07 01:24:59 p16908 检测到已登录 ✓
09-07 01:24:59 p22412 检测到已登录 ✓
09-07 01:24:59 p9676 检测到已登录 ✓
09-07 01:25:01 p18524 检测到已登录 ✓
09-07 01:25:01 p16568 检测到已登录 ✓
09-07 01:25:10 [autoTeam] 阶段1: 5 人并行传送 大唐官府
09-07 01:25:19 p9676 传送完成 ✓
09-07 01:25:19 p16908 传送完成 ✓
09-07 01:25:20 p18524 传送完成 ✓
09-07 01:25:20 p22412 传送完成 ✓
09-07 01:25:20 p16568 传送完成 ✓
09-07 01:25:20 [autoTeam] 阶段2: 队长走位[139,80]
09-07 01:26:35 [autoTeam] 阶段3: 建队
09-07 01:26:44 [autoTeam] 建队失败，重试一次
09-07 01:26:51 [autoTeam] 建队失败，只拉任务不组队
09-07 01:26:52 p16908 任务进程扫描为空（可能扫描失败），重扫一次
09-07 01:26:54 p16908 进程扫描两次为空，跳过拉起（防重复驱动）
09-07 01:26:54 p18524 任务进程扫描为空（可能扫描失败），重扫一次
09-07 01:26:56 p18524 进程扫描两次为空，跳过拉起（防重复驱动）
09-07 01:26:56 p16568 任务进程扫描为空（可能扫描失败），重扫一次
09-07 01:26:58 p16568 进程扫描两次为空，跳过拉起（防重复驱动）
09-07 01:26:58 p22412 任务进程扫描为空（可能扫描失败），重扫一次
09-07 01:27:00 p22412 进程扫描两次为空，跳过拉起（防重复驱动）
09-07 01:27:00 p9676 任务进程扫描为空（可能扫描失败），重扫一次
09-07 01:27:02 p9676 进程扫描两次为空，跳过拉起（防重复驱动）
09-07 01:27:02 [autoTeam] 组队+任务脚本启动完成
09-07 01:27:02 [看门狗] 启动（目标 5 人，每 15s 判定）
09-07 01:27:18 [看门狗] 检测到缺员 0/5 → 打断抓鬼，启动补组队
09-07 01:28:34 [看门狗] 队伍已散（0 人）→ 重新建队
09-07 01:28:42 [看门狗] 4 名在线队员并行申请归队
09-07 01:29:53 [看门狗] 异常: name 'find_hwnd_by_pid' is not defined
09-07 01:29:53 [看门狗] 补组批准结束: 5/5
09-07 01:30:01 p16908 任务进程扫描为空（可能扫描失败），重扫一次
09-07 01:30:02 p16908 进程扫描两次为空，跳过拉起（防重复驱动）
09-07 01:30:03 p18524 任务进程扫描为空（可能扫描失败），重扫一次
09-07 01:30:04 p18524 进程扫描两次为空，跳过拉起（防重复驱动）
09-07 01:30:05 p16568 任务进程扫描为空（可能扫描失败），重扫一次
09-07 01:30:07 p16568 进程扫描两次为空，跳过拉起（防重复驱动）
09-07 01:30:07 p22412 任务进程扫描为空（可能扫描失败），重扫一次
09-07 01:30:09 p22412 进程扫描两次为空，跳过拉起（防重复驱动）
09-07 01:30:09 p9676 任务进程扫描为空（可能扫描失败），重扫一次
09-07 01:30:11 p9676 进程扫描两次为空，跳过拉起（防重复驱动）
09-07 01:30:11 [看门狗] 满员，抓鬼已恢复 ✓
09-07 01:33:24 已启动队长进程 PID=24544，等待登录界面窗口…
09-07 01:33:25 已启动队员进程 PID=16508，等待登录界面窗口…
09-07 01:33:26 已启动队员进程 PID=13396，等待登录界面窗口…
09-07 01:33:26 p24544 检测到登录界面，开始播种…
09-07 01:33:26 已启动队员进程 PID=20612，等待登录界面窗口…
09-07 01:33:26 已启动队员进程 PID=24040，等待登录界面窗口…
09-07 01:33:26 p16508 检测到登录界面，开始播种…
09-07 01:33:27 p20612 检测到登录界面，开始播种…
09-07 01:33:27 p24040 检测到登录界面，开始播种…
09-07 01:33:28 p13396 检测到登录界面，开始播种…
09-07 01:33:34 p13396 播种成功 ✓（p13396）
09-07 01:33:34 p13396 重放 member#2 登录点击 4 步…
09-07 01:33:42 p13396 登录点击重放完毕，等待进入场景…
09-07 01:33:45 p13396 检测到已登录 ✓
09-07 01:34:16 p24544 播种成功(重试) ✓
09-07 01:34:16 p16508 播种成功(重试) ✓
09-07 01:34:17 p20612 播种成功(重试) ✓
09-07 01:34:17 p24040 播种成功(重试) ✓
09-07 01:34:51 已启动队长进程 PID=17896，等待登录界面窗口…
09-07 01:34:52 p17896 检测到登录界面，开始播种…
09-07 01:34:59 p17896 播种成功 ✓（p17896）
09-07 01:34:59 p17896 重放 leader#1 登录点击 4 步…
09-07 01:35:01 已启动队员进程 PID=17172，等待登录界面窗口…
09-07 01:35:02 p17172 检测到登录界面，开始播种…
09-07 01:35:05 p17896 登录点击重放完毕，等待进入场景…
09-07 01:35:07 p17896 检测到已登录 ✓
09-07 01:35:09 p17172 播种成功 ✓（p17172）
09-07 01:35:09 p17172 重放 member#1 登录点击 4 步…
09-07 01:35:09 已启动队员进程 PID=22452，等待登录界面窗口…
09-07 01:35:11 p22452 检测到登录界面，开始播种…
09-07 01:35:18 p22452 播种成功 ✓（p22452）
09-07 01:35:18 p22452 重放 member#2 登录点击 4 步…
09-07 01:35:18 p17172 登录点击重放完毕，等待进入场景…
09-07 01:35:18 已启动队员进程 PID=14964，等待登录界面窗口…
09-07 01:35:19 p17172 检测到已登录 ✓
09-07 01:35:20 p14964 检测到登录界面，开始播种…
09-07 01:35:26 p22452 登录点击重放完毕，等待进入场景…
09-07 01:35:27 p14964 播种成功 ✓（p14964）
09-07 01:35:27 p14964 重放 member#3 登录点击 4 步…
09-07 01:35:27 p22452 检测到已登录 ✓
09-07 01:35:28 已启动队员进程 PID=15044，等待登录界面窗口…
09-07 01:35:29 p15044 检测到登录界面，开始播种…
09-07 01:35:35 p14964 登录点击重放完毕，等待进入场景…
09-07 01:35:35 p14964 检测到已登录 ✓
09-07 01:35:35 p15044 播种成功 ✓（p15044）
09-07 01:35:35 p15044 重放 member#4 登录点击 4 步…
09-07 01:35:43 p15044 登录点击重放完毕，等待进入场景…
09-07 01:35:45 p15044 检测到已登录 ✓
09-07 01:35:51 [autoTeam] 阶段1: 5 人并行传送 大唐官府
09-07 01:36:01 p17172 传送完成 ✓
09-07 01:36:01 p14964 传送完成 ✓
09-07 01:36:01 p15044 传送完成 ✓
09-07 01:36:01 p22452 传送完成 ✓
09-07 01:36:02 p17896 传送完成 ✓
09-07 01:36:02 [autoTeam] 阶段2: 队长走位[139,80]
09-07 01:38:11 [autoTeam] 阶段3: 建队
09-07 01:38:19 [autoTeam] 阶段4: 4 名队员并行申请入队
09-07 01:38:41 [autoTeam] 阶段5: 队长批准申请
09-07 01:39:27 [autoTeam] 批准结束: 成员=5/目标=5
09-07 01:39:35 [autoTeam] 天覆阵完成 ✓
09-07 01:39:35 p17896 已拉起任务脚本（队长·二号美人 gw=file://pzxy_p17896）
09-07 01:39:35 p17172 已拉起任务脚本（队员·三号美人 gw=file://pzxy_p17172）
09-07 01:39:36 p22452 已拉起任务脚本（队员·这是帅哥 gw=file://pzxy_p22452）
09-07 01:39:36 p14964 已拉起任务脚本（队员·这是猛男 gw=file://pzxy_p14964）
09-07 01:39:36 p15044 已拉起任务脚本（队员·一号美人 gw=file://pzxy_p15044）
09-07 01:39:36 [autoTeam] 组队+任务脚本启动完成
09-07 01:39:36 [看门狗] 启动（目标 5 人，每 15s 判定）
09-07 01:42:14 已停止任务进程 5 个: 3132,18588,21920,18716,24084
09-07 01:43:44 [autoTeam] 阶段1: 5 人并行传送 大唐官府
09-07 01:43:53 p15044 传送完成 ✓
09-07 01:43:54 p14964 传送完成 ✓
09-07 01:43:54 p17172 传送完成 ✓
09-07 01:43:54 p17896 传送完成 ✓
09-07 01:43:54 p22452 传送完成 ✓
09-07 01:43:54 [autoTeam] 阶段2: 队长走位[139,80]
09-07 01:44:21 [autoTeam] 队长准备失败，20s 后重试一次
09-07 01:45:09 [autoTeam] 阶段3: 建队
09-07 01:45:17 [autoTeam] 阶段4: 4 名队员并行申请入队
09-07 01:45:38 [autoTeam] 阶段5: 队长批准申请
09-07 01:45:41 [autoTeam] 批准结束: 成员=5/目标=5
09-07 01:45:48 [autoTeam] 天覆阵完成 ✓
09-07 01:45:49 p17896 已拉起任务脚本（队长·二号美人 gw=file://pzxy_p17896）
09-07 01:45:49 p17172 已拉起任务脚本（队员·三号美人 gw=file://pzxy_p17172）
09-07 01:45:49 p22452 已拉起任务脚本（队员·这是帅哥 gw=file://pzxy_p22452）
09-07 01:45:49 p14964 已拉起任务脚本（队员·这是猛男 gw=file://pzxy_p14964）
09-07 01:45:50 p15044 已拉起任务脚本（队员·一号美人 gw=file://pzxy_p15044）
09-07 01:45:50 [autoTeam] 组队+任务脚本启动完成
09-07 01:49:35 p22452 掉线判定: 窗口/标题异常 → 重启闭环
09-07 01:49:36 p22452 已重启为新进程 PID=16932，等待登录界面…
09-07 01:49:38 p16932 检测到登录界面，开始播种…
09-07 01:49:44 p16932 播种成功 ✓（p16932）
09-07 01:49:44 p16932 重放 member#2 登录点击 4 步…
09-07 01:49:44 p22452 → 新 PID=16932 播种/登录流程接管完成
09-07 01:49:52 p16932 登录点击重放完毕，等待进入场景…
09-07 01:49:54 p16932 检测到已登录 ✓
09-07 01:50:20 p16932 掉线判定: 进程消失 → 重启闭环
09-07 01:50:20 p16932 已重启为新进程 PID=21784，等待登录界面…
09-07 01:50:21 p16932 已拉起任务脚本（队员·这是帅哥 gw=file://pzxy_p16932）
09-07 01:50:21 p21784 检测到登录界面，开始播种…
09-07 01:50:27 p21784 播种成功 ✓（p21784）
09-07 01:50:27 p21784 重放 member#2 登录点击 4 步…
09-07 01:50:27 p16932 → 新 PID=21784 播种/登录流程接管完成
09-07 01:50:36 p21784 登录点击重放完毕，等待进入场景…
09-07 01:50:38 p21784 检测到已登录 ✓
09-07 01:50:53 已清理残留任务脚本（绑定死 PID 16932，系统 PID 14924）
09-07 01:51:23 p21784 已拉起任务脚本（队员·这是帅哥 gw=file://pzxy_p21784）
09-07 01:52:34 已停止任务进程 5 个: 22348,20244,7580,16736,9628
09-07 01:52:51 [autoTeam] 阶段1: 5 人并行传送 大唐官府
09-07 01:52:59 p17172 传送完成 ✓
09-07 01:52:59 p17896 传送完成 ✓
09-07 01:53:00 p21784 传送完成 ✓
09-07 01:53:00 p15044 传送完成 ✓
09-07 01:53:00 p14964 传送完成 ✓
09-07 01:53:00 [autoTeam] 阶段2: 队长走位[139,80]
09-07 01:53:27 [autoTeam] 队长准备失败，20s 后重试一次
09-07 01:54:15 [autoTeam] 阶段3: 建队
09-07 01:54:23 [autoTeam] 阶段4: 4 名队员并行申请入队
09-07 01:54:45 [autoTeam] 阶段5: 队长批准申请
09-07 01:55:32 [autoTeam] 批准结束: 成员=5/目标=5
09-07 01:55:39 [autoTeam] 天覆阵完成 ✓
09-07 01:55:39 p17896 已拉起任务脚本（队长·二号美人 gw=file://pzxy_p17896）
09-07 01:55:40 p17172 已拉起任务脚本（队员·三号美人 gw=file://pzxy_p17172）
09-07 01:55:40 p21784 已拉起任务脚本（队员·这是帅哥 gw=file://pzxy_p21784）
09-07 01:55:40 p14964 已拉起任务脚本（队员·这是猛男 gw=file://pzxy_p14964）
09-07 01:55:41 p15044 已拉起任务脚本（队员·一号美人 gw=file://pzxy_p15044）
09-07 01:55:41 [autoTeam] 组队+任务脚本启动完成
09-07 02:01:53 已停止任务进程 5 个: 22360,22900,21304,12860,2812
09-07 02:02:15 已启动队长进程 PID=9472，等待登录界面窗口…
09-07 02:02:16 p9472 检测到登录界面，开始播种…
09-07 02:02:17 已启动队员进程 PID=11580，等待登录界面窗口…
09-07 02:02:18 已启动队员进程 PID=7604，等待登录界面窗口…
09-07 02:02:19 p11580 检测到登录界面，开始播种…
09-07 02:02:19 p7604 检测到登录界面，开始播种…
09-07 02:02:19 已启动队员进程 PID=21460，等待登录界面窗口…
09-07 02:02:21 已启动队员进程 PID=24524，等待登录界面窗口…
09-07 02:02:21 p21460 检测到登录界面，开始播种…
09-07 02:02:22 p9472 播种成功 ✓（p9472）
09-07 02:02:22 p9472 重放 leader#1 登录点击 4 步…
09-07 02:02:23 p24524 检测到登录界面，开始播种…
09-07 02:02:25 p11580 播种成功 ✓（p11580）
09-07 02:02:25 p11580 重放 member#1 登录点击 4 步…
09-07 02:02:25 p7604 播种成功 ✓（p7604）
09-07 02:02:25 p7604 重放 member#2 登录点击 4 步…
09-07 02:02:28 p21460 播种成功 ✓（p21460）
09-07 02:02:28 p21460 重放 member#3 登录点击 4 步…
09-07 02:02:29 p9472 登录点击重放完毕，等待进入场景…
09-07 02:02:29 p24524 播种成功 ✓（p24524）
09-07 02:02:29 p24524 重放 member#4 登录点击 4 步…
09-07 02:02:31 p9472 检测到已登录 ✓
09-07 02:02:34 p7604 登录点击重放完毕，等待进入场景…
09-07 02:02:34 p11580 登录点击重放完毕，等待进入场景…
09-07 02:02:35 p11580 检测到已登录 ✓
09-07 02:02:35 p7604 检测到已登录 ✓
09-07 02:02:36 p21460 登录点击重放完毕，等待进入场景…
09-07 02:02:37 p21460 检测到已登录 ✓
09-07 02:02:37 p24524 登录点击重放完毕，等待进入场景…
09-07 02:02:39 p24524 检测到已登录 ✓
09-07 02:02:47 [autoTeam] 阶段1: 5 人并行传送 大唐官府
09-07 02:02:56 p21460 传送完成 ✓
09-07 02:02:56 p7604 传送完成 ✓
09-07 02:02:56 p24524 传送完成 ✓
09-07 02:02:56 p11580 传送完成 ✓
09-07 02:02:57 p9472 传送完成 ✓
09-07 02:02:57 [autoTeam] 阶段2: 队长走位[139,80]
09-07 02:03:45 [autoTeam] 阶段3: 建队
09-07 02:03:52 [autoTeam] 阶段4: 4 名队员并行申请入队
09-07 02:04:15 [autoTeam] 阶段5: 队长批准申请
09-07 02:05:02 [autoTeam] 批准结束: 成员=5/目标=5
09-07 02:05:09 [autoTeam] 天覆阵完成 ✓
09-07 02:05:09 p9472 已拉起任务脚本（队长·二号美人 gw=file://pzxy_p9472）
09-07 02:05:10 p11580 已拉起任务脚本（队员·三号美人 gw=file://pzxy_p11580）
09-07 02:05:10 p7604 已拉起任务脚本（队员·这是帅哥 gw=file://pzxy_p7604）
09-07 02:05:10 p21460 已拉起任务脚本（队员·这是猛男 gw=file://pzxy_p21460）
09-07 02:05:10 p24524 已拉起任务脚本（队员·一号美人 gw=file://pzxy_p24524）
09-07 02:05:10 [autoTeam] 组队+任务脚本启动完成
09-07 02:05:10 [看门狗] 启动（目标 5 人，每 15s 判定）
09-07 02:07:28 [看门狗] 心跳: 5/5
09-07 02:09:46 [看门狗] 心跳: 5/5
09-07 02:10:45 已停止任务进程 5 个: 24224,24616,22008,20088,18496
09-07 02:12:00 [看门狗] 心跳: 5/5
09-07 02:14:15 [看门狗] 心跳: 5/5
09-07 02:16:28 [看门狗] 心跳: 5/5
09-07 02:18:42 [看门狗] 心跳: 5/5
09-07 02:20:56 [看门狗] 心跳: 5/5
09-07 02:21:23 p9472 掉线判定: 窗口/标题异常 → 重启闭环
09-07 02:21:23 p9472 已重启为新进程 PID=24712，等待登录界面…
09-07 02:21:25 p24524 进程消失，但发现游离游戏窗口 PID=24712 → 收养（不重启）
09-07 02:21:25 p24712 检测到登录界面，开始播种…
09-07 02:21:25 p24712 检测到登录界面，开始播种…
09-07 02:24:04 已启动队长进程 PID=7976，等待登录界面窗口…
09-07 02:24:05 p7976 检测到登录界面，开始播种…
09-07 02:24:06 已启动队员进程 PID=23140，等待登录界面窗口…
09-07 02:24:07 p23140 检测到登录界面，开始播种…
09-07 02:24:07 已启动队员进程 PID=13204，等待登录界面窗口…
09-07 02:24:08 p13204 检测到登录界面，开始播种…
09-07 02:24:08 已启动队员进程 PID=16188，等待登录界面窗口…
09-07 02:24:09 p16188 检测到登录界面，开始播种…
09-07 02:24:09 已启动队员进程 PID=22004，等待登录界面窗口…
09-07 02:24:11 p22004 检测到登录界面，开始播种…
09-07 02:24:12 p7976 播种成功 ✓（p7976）
09-07 02:24:12 p7976 重放 leader#1 登录点击 4 步…
09-07 02:24:13 p23140 播种成功 ✓（p23140）
09-07 02:24:13 p23140 重放 member#1 登录点击 4 步…
09-07 02:24:15 p13204 播种成功 ✓（p13204）
09-07 02:24:15 p13204 重放 member#2 登录点击 4 步…
09-07 02:24:16 p16188 播种成功 ✓（p16188）
09-07 02:24:16 p16188 重放 member#3 登录点击 4 步…
09-07 02:24:18 p22004 播种成功 ✓（p22004）
09-07 02:24:18 p22004 重放 member#4 登录点击 4 步…
09-07 02:24:18 p7976 登录点击重放完毕，等待进入场景…
09-07 02:24:21 p7976 检测到已登录 ✓
09-07 02:24:22 p23140 登录点击重放完毕，等待进入场景…
09-07 02:24:23 p13204 登录点击重放完毕，等待进入场景…
09-07 02:24:24 p16188 登录点击重放完毕，等待进入场景…
09-07 02:24:25 p23140 检测到已登录 ✓
09-07 02:24:25 p13204 检测到已登录 ✓
09-07 02:24:25 p16188 检测到已登录 ✓
09-07 02:24:26 p22004 登录点击重放完毕，等待进入场景…
09-07 02:24:29 p22004 检测到已登录 ✓
09-07 02:24:49 [autoTeam] 阶段1: 5 人并行传送 大唐官府
09-07 02:24:58 p7976 传送完成 ✓
09-07 02:24:58 p16188 传送完成 ✓
09-07 02:24:58 p23140 传送完成 ✓
09-07 02:24:58 p22004 传送完成 ✓
09-07 02:24:58 p13204 传送完成 ✓
09-07 02:24:58 [autoTeam] 阶段2: 队长走位[139,80]
09-07 02:26:54 [autoTeam] 阶段3: 建队
09-07 02:27:06 [autoTeam] 阶段4: 4 名队员并行申请入队
09-07 02:27:29 [autoTeam] 阶段5: 队长批准申请
09-07 02:28:31 [autoTeam] 批准结束: 成员=5/目标=5
09-07 02:28:38 [autoTeam] 天覆阵完成 ✓
09-07 02:28:39 p7976 已拉起任务脚本（队长·二号美人 gw=file://pzxy_p7976）
09-07 02:28:39 p23140 已拉起任务脚本（队员·三号美人 gw=file://pzxy_p23140）
09-07 02:28:39 p13204 已拉起任务脚本（队员·这是帅哥 gw=file://pzxy_p13204）
09-07 02:28:40 p16188 已拉起任务脚本（队员·这是猛男 gw=file://pzxy_p16188）
09-07 02:28:40 p22004 已拉起任务脚本（队员·一号美人 gw=file://pzxy_p22004）
09-07 02:28:40 [autoTeam] 组队+任务脚本启动完成
09-07 02:28:40 [看门狗] 启动（目标 5 人，每 15s 判定）
09-07 02:30:45 [看门狗] 心跳: 5/5
09-07 02:32:50 [看门狗] 心跳: 5/5
09-07 02:34:53 [看门狗] 心跳: 5/5
09-07 02:36:56 [看门狗] 心跳: 5/5
09-07 02:38:58 [看门狗] 心跳: 5/5
09-07 02:41:01 [看门狗] 心跳: 5/5
09-07 02:43:03 [看门狗] 心跳: 5/5
09-07 02:45:06 [看门狗] 心跳: 5/5
09-07 02:47:08 [看门狗] 心跳: 5/5
09-07 02:49:11 [看门狗] 心跳: 5/5
09-07 02:51:13 [看门狗] 心跳: 5/5
09-07 02:53:18 [看门狗] 心跳: 5/5
09-07 02:55:20 [看门狗] 心跳: 5/5
09-07 02:57:23 [看门狗] 心跳: 5/5
09-07 02:59:27 [看门狗] 心跳: 5/5
09-07 03:01:29 [看门狗] 心跳: 5/5
09-07 03:03:32 [看门狗] 心跳: 5/5
09-07 03:05:34 [看门狗] 心跳: 5/5
09-07 03:07:36 [看门狗] 心跳: 5/5
09-07 03:09:38 [看门狗] 心跳: 5/5
09-07 03:11:42 [看门狗] 心跳: 5/5
09-07 03:13:46 [看门狗] 心跳: 5/5
09-07 03:15:51 [看门狗] 心跳: 5/5
09-07 03:17:55 [看门狗] 心跳: 5/5
09-07 03:19:57 [看门狗] 心跳: 5/5
09-07 03:22:00 [看门狗] 心跳: 5/5
09-07 03:24:05 [看门狗] 心跳: 5/5
09-07 03:26:11 [看门狗] 心跳: 5/5
09-07 03:28:16 [看门狗] 心跳: 5/5
09-07 03:30:21 [看门狗] 心跳: 5/5
09-07 03:32:26 [看门狗] 心跳: 5/5
09-07 03:34:29 [看门狗] 心跳: 5/5
09-07 03:36:35 [看门狗] 心跳: 5/5
09-07 03:38:40 [看门狗] 心跳: 5/5
09-07 03:40:43 [看门狗] 心跳: 5/5
09-07 03:42:48 [看门狗] 心跳: 5/5
09-07 03:44:52 [看门狗] 心跳: 5/5
09-07 03:46:56 [看门狗] 心跳: 5/5
09-07 03:49:01 [看门狗] 心跳: 5/5
09-07 03:51:04 [看门狗] 心跳: 5/5
09-07 03:53:08 [看门狗] 心跳: 5/5
09-07 03:55:13 [看门狗] 心跳: 5/5
09-07 03:57:17 [看门狗] 心跳: 5/5
09-07 03:59:22 [看门狗] 心跳: 5/5
09-07 04:01:26 [看门狗] 心跳: 5/5
09-07 04:03:30 [看门狗] 心跳: 5/5
09-07 04:05:36 [看门狗] 心跳: 5/5
09-07 04:07:41 [看门狗] 心跳: 5/5
09-07 04:09:46 [看门狗] 心跳: 5/5
09-07 04:11:51 [看门狗] 心跳: 5/5
09-07 04:13:54 [看门狗] 心跳: 5/5
09-07 04:15:59 [看门狗] 心跳: 5/5
09-07 04:18:02 [看门狗] 心跳: 5/5
09-07 04:20:07 [看门狗] 心跳: 5/5
09-07 04:22:13 [看门狗] 心跳: 5/5
09-07 04:24:16 [看门狗] 心跳: 5/5
09-07 04:26:22 [看门狗] 心跳: 5/5
09-07 04:28:25 [看门狗] 心跳: 5/5
09-07 04:30:30 [看门狗] 心跳: 5/5
09-07 04:32:35 [看门狗] 心跳: 5/5
09-07 04:34:39 [看门狗] 心跳: 5/5
09-07 04:36:45 [看门狗] 心跳: 5/5
09-07 04:38:50 [看门狗] 心跳: 5/5
09-07 04:40:55 [看门狗] 心跳: 5/5
09-07 04:42:59 [看门狗] 心跳: 5/5
09-07 04:45:05 [看门狗] 心跳: 5/5
09-07 04:47:10 [看门狗] 心跳: 5/5
09-07 04:49:14 [看门狗] 心跳: 5/5
09-07 04:51:17 [看门狗] 心跳: 5/5
09-07 04:53:20 [看门狗] 心跳: 5/5
09-07 04:55:26 [看门狗] 心跳: 5/5
09-07 04:57:29 [看门狗] 心跳: 5/5
09-07 07:10:03 squad_auto_team 日志已桥接到 GUI（组队内部步骤可见）
09-07 07:10:08 已启动队长进程 PID=16476，等待登录界面窗口…
09-07 07:10:09 已启动队长进程 PID=16676，等待登录界面窗口…
09-07 07:10:10 已启动队长进程 PID=17520，等待登录界面窗口…
09-07 07:10:11 已启动队长进程 PID=4640，等待登录界面窗口…
09-07 07:10:12 已启动队长进程 PID=7476，等待登录界面窗口…
09-07 07:10:20 p16476 检测到登录界面，开始播种…
09-07 07:10:20 p16676 检测到登录界面，开始播种…
09-07 07:10:20 p17520 检测到登录界面，开始播种…
09-07 07:10:20 p4640 检测到登录界面，开始播种…
09-07 07:10:20 p7476 检测到登录界面，开始播种…
09-07 07:10:30 p4640 播种成功 ✓（p4640）
09-07 07:10:30 p16676 播种成功 ✓（p16676）
09-07 07:10:30 p4640 等待手动登录（leader#4 无登录录制：选中该实例点【录制登录点击】后手动登录一次即可）
09-07 07:10:30 p16676 等待手动登录（leader#2 无登录录制：选中该实例点【录制登录点击】后手动登录一次即可）
09-07 07:10:31 p16476 播种成功 ✓（p16476）
09-07 07:10:31 p16476 重放 leader#1 登录点击 4 步…
09-07 07:10:31 p17520 播种成功 ✓（p17520）
09-07 07:10:31 p17520 等待手动登录（leader#3 无登录录制：选中该实例点【录制登录点击】后手动登录一次即可）
09-07 07:10:31 p7476 播种成功 ✓（p7476）
09-07 07:10:31 p7476 等待手动登录（leader#5 无登录录制：选中该实例点【录制登录点击】后手动登录一次即可）
09-07 07:10:37 p16476 登录点击重放完毕，等待进入场景…
09-07 07:10:41 p16476 检测到已登录 ✓
09-07 07:11:36 未选中行，自动选择 leader#2（p16676）
09-07 07:11:36 开始录制 leader#2 的登录点击——到该号窗口手动登录一次，其登录成功后自动停止
09-07 07:11:38 录制 leader#2 点击 (678,537) dt=0.60
09-07 07:11:41 录制 leader#2 点击 (682,460) dt=3.13
09-07 07:11:43 录制 leader#2 点击 (358,215) dt=1.71
09-07 07:11:45 录制 leader#2 点击 (483,365) dt=1.72
09-07 07:11:45 p4640 检测到已登录 ✓
09-07 07:11:55 录制停止（手动停止）：leader#2 共 4 步
09-07 07:12:07 p16676 窗口消失（待登录阶段）→ 重启闭环
09-07 07:12:08 p16676 已重启为新进程 PID=5172，等待登录界面…
09-07 07:12:10 p5172 检测到登录界面，开始播种…
09-07 07:12:19 p5172 播种成功 ✓（p5172）
09-07 07:12:19 p5172 重放 leader#2 登录点击 4 步…
09-07 07:12:19 p16676 → 新 PID=5172 播种/登录流程接管完成
09-07 07:12:27 p5172 登录点击重放完毕，等待进入场景…
09-07 07:12:31 p5172 检测到已登录 ✓
09-07 07:12:34 p5172 掉线判定: 进程消失 → 重启闭环
09-07 07:12:34 p4640 掉线判定: 进程消失 → 重启闭环
09-07 07:12:34 p5172 已重启为新进程 PID=11396，等待登录界面…
09-07 07:12:34 p4640 已重启为新进程 PID=12848，等待登录界面…
09-07 07:12:36 p11396 检测到登录界面，开始播种…
09-07 07:12:36 p12848 检测到登录界面，开始播种…
09-07 07:12:42 p11396 播种成功 ✓（p11396）
09-07 07:12:42 p11396 重放 leader#2 登录点击 4 步…
09-07 07:12:42 p5172 → 新 PID=11396 播种/登录流程接管完成
09-07 07:12:42 p12848 播种成功 ✓（p12848）
09-07 07:12:42 p12848 等待手动登录（leader#4 无登录录制：选中该实例点【录制登录点击】后手动登录一次即可）
09-07 07:12:42 p4640 → 新 PID=12848 播种/登录流程接管完成
09-07 07:12:44 请先在列表中选中要清空录制的实例
09-07 07:12:57 squad_auto_team 日志已桥接到 GUI（组队内部步骤可见）
09-07 07:13:00 请先在列表中选中要清空录制的实例
09-07 07:13:00 请先在列表中选中要清空录制的实例
09-07 07:13:00 请先在列表中选中要清空录制的实例
09-07 07:13:02 已启动队长进程 PID=3244，等待登录界面窗口…
09-07 07:13:03 已启动队员进程 PID=3108，等待登录界面窗口…
09-07 07:13:04 已启动队员进程 PID=11804，等待登录界面窗口…
09-07 07:13:04 p3244 检测到登录界面，开始播种…
09-07 07:13:05 已启动队员进程 PID=9352，等待登录界面窗口…
09-07 07:13:05 p11804 检测到登录界面，开始播种…
09-07 07:13:05 p3108 检测到登录界面，开始播种…
09-07 07:13:05 已启动队员进程 PID=15088，等待登录界面窗口…
09-07 07:13:06 p9352 检测到登录界面，开始播种…
09-07 07:13:07 p15088 检测到登录界面，开始播种…
09-07 07:13:10 p3244 播种成功 ✓（p3244）
09-07 07:13:10 p3244 重放 leader#1 登录点击 4 步…
09-07 07:13:11 p11804 播种成功 ✓（p11804）
09-07 07:13:11 p11804 重放 member#2 登录点击 4 步…
09-07 07:13:11 p3108 播种成功 ✓（p3108）
09-07 07:13:11 p3108 重放 member#1 登录点击 4 步…
09-07 07:13:12 p9352 播种成功 ✓（p9352）
09-07 07:13:12 p9352 重放 member#3 登录点击 4 步…
09-07 07:13:14 p15088 播种成功 ✓（p15088）
09-07 07:13:14 p15088 重放 member#4 登录点击 4 步…
09-07 07:13:17 p3244 登录点击重放完毕，等待进入场景…
09-07 07:13:19 p3244 检测到已登录 ✓
09-07 07:13:19 p11804 登录点击重放完毕，等待进入场景…
09-07 07:13:20 p9352 登录点击重放完毕，等待进入场景…
09-07 07:13:20 p3108 登录点击重放完毕，等待进入场景…
09-07 07:13:21 p3108 检测到已登录 ✓
09-07 07:13:21 p11804 检测到已登录 ✓
09-07 07:13:21 p9352 检测到已登录 ✓
09-07 07:13:22 p15088 登录点击重放完毕，等待进入场景…
09-07 07:13:25 p15088 检测到已登录 ✓
09-07 07:15:20 [autoTeam] 阶段1: 5 人并行传送 大唐官府
09-07 07:15:29 p3244 传送完成 ✓
09-07 07:15:29 p3108 传送完成 ✓
09-07 07:15:29 p9352 传送完成 ✓
09-07 07:15:29 p11804 传送完成 ✓
09-07 07:15:29 p15088 传送完成 ✓
09-07 07:15:29 [autoTeam] 阶段2: 队长走位[139,80]
09-07 07:15:29 [sat] 队长准备: 传送 大唐官府 + 走位 [139,80]
09-07 07:16:02 [sat] 队长当前位置: None
09-07 07:16:02 [sat] 面板读不到，按传送统一落点 [132,83] 兜底走位
09-07 07:16:02 [sat] 走位点击 (540,240)（偏差 140,-60）——途中不点组队图标
09-07 07:16:06 [sat] 走位点击 (419,291)（偏差 70,-30）——途中不点组队图标
09-07 07:16:11 [sat] 走位点击 (419,291)（偏差 35,-15）——途中不点组队图标
09-07 07:17:27 [sat] 到达验证: (2772.0, 1563.0)（目标 (2780.0, 1600.0)，±3 格容差）
09-07 07:17:27 [autoTeam] 阶段3: 建队
09-07 07:17:28 [sat] 建队第1次 自身坐标=(2772.0, 1563.0)（来源=p7新鲜）
09-07 07:17:28 [sat] 建队第1次 点身体屏幕位 (411,254)
09-07 07:17:31 [sat] 建队第1次 顶栏stats（应为 1）: ((1, 0, '二号美人'),)
09-07 07:17:34 [autoTeam] 阶段4: 4 名队员并行申请入队
09-07 07:17:34 [sat] p3108: 阶段1已传送，直接申请
09-07 07:17:34 [sat] p11804: 阶段1已传送，直接申请
09-07 07:17:34 [sat] p9352: 阶段1已传送，直接申请
09-07 07:17:34 [sat] p15088: 阶段1已传送，直接申请
09-07 07:17:37 [sat] p15088: 已点队长身体 (532,203)（第1次申请）
09-07 07:17:37 [sat] p3108: 已点队长身体 (532,203)（第1次申请）
09-07 07:17:37 [sat] p11804: 已点队长身体 (532,203)（第1次申请）
09-07 07:17:37 [sat] p9352: 已点队长身体 (532,203)（第1次申请）
09-07 07:17:48 [sat] p15088: 已点队长身体 (532,203)（第2次申请）
09-07 07:17:48 [sat] p3108: 已点队长身体 (532,203)（第2次申请）
09-07 07:17:48 [sat] p11804: 已点队长身体 (532,203)（第2次申请）
09-07 07:17:49 [sat] p9352: 已点队长身体 (532,203)（第2次申请）
09-07 07:17:54 [sat] p3108: 申请轮次结束（是否入队由队长批准裁决）
09-07 07:17:55 [sat] p15088: 申请轮次结束（是否入队由队长批准裁决）
09-07 07:17:55 [sat] p11804: 申请轮次结束（是否入队由队长批准裁决）
09-07 07:17:57 [sat] p9352: 申请轮次结束（是否入队由队长批准裁决）
09-07 07:17:57 [autoTeam] 阶段5: 队长批准申请
09-07 07:18:00 [sat] 当前成员数: 1（目标 5）
09-07 07:18:11 [sat] 当前成员数: 2（目标 5）
09-07 07:18:22 [sat] 当前成员数: 3（目标 5）
09-07 07:18:33 [sat] 当前成员数: 4（目标 5）
09-07 07:18:44 [sat] 当前成员数: 5（目标 5）
09-07 07:18:44 [autoTeam] 批准结束: 成员=5/目标=5
09-07 07:18:52 [sat] 阵法验证: 天覆阵/4
09-07 07:18:52 [autoTeam] 天覆阵完成 ✓
09-07 07:18:52 p3244 已拉起任务脚本（队长·二号美人 gw=file://pzxy_p3244）
09-07 07:18:52 p3108 已拉起任务脚本（队员·三号美人 gw=file://pzxy_p3108）
09-07 07:18:53 p11804 已拉起任务脚本（队员·这是帅哥 gw=file://pzxy_p11804）
09-07 07:18:53 p9352 已拉起任务脚本（队员·这是猛男 gw=file://pzxy_p9352）
09-07 07:18:53 p15088 已拉起任务脚本（队员·一号美人 gw=file://pzxy_p15088）
09-07 07:18:53 [autoTeam] 组队+任务脚本启动完成
09-07 07:18:53 [看门狗] 启动（目标 5 人，每 15s 判定）
09-07 07:20:57 [看门狗] 心跳: 5/5
09-07 07:23:00 [看门狗] 心跳: 5/5
09-07 07:25:03 [看门狗] 心跳: 5/5
09-07 07:27:07 [看门狗] 心跳: 5/5
09-07 07:29:12 [看门狗] 心跳: 5/5
09-07 07:31:17 [看门狗] 心跳: 5/5
09-07 07:33:20 [看门狗] 心跳: 5/5
09-07 07:35:22 [看门狗] 心跳: 5/5
09-07 07:37:25 [看门狗] 心跳: 5/5
09-07 07:39:32 [看门狗] 心跳: 5/5
09-07 07:41:35 [看门狗] 心跳: 5/5
09-07 07:43:38 [看门狗] 心跳: 5/5
09-07 07:45:41 [看门狗] 心跳: 5/5
09-07 07:47:45 [看门狗] 心跳: 5/5
09-07 07:49:47 [看门狗] 心跳: 5/5
09-07 07:51:50 [看门狗] 心跳: 5/5
09-07 07:53:53 [看门狗] 心跳: 5/5
09-07 07:55:56 [看门狗] 心跳: 5/5
09-07 07:57:59 [看门狗] 心跳: 5/5
09-07 08:00:02 [看门狗] 心跳: 5/5
09-07 08:02:05 [看门狗] 心跳: 5/5
09-07 08:04:08 [看门狗] 心跳: 5/5
09-07 08:06:12 [看门狗] 心跳: 5/5
09-07 08:08:15 [看门狗] 心跳: 5/5
09-07 08:10:19 [看门狗] 心跳: 5/5
09-07 08:12:24 [看门狗] 心跳: 5/5
09-07 08:14:28 [看门狗] 心跳: 5/5
09-07 08:16:30 [看门狗] 心跳: 5/5
09-07 08:18:32 [看门狗] 心跳: 5/5
09-07 08:20:35 [看门狗] 心跳: 5/5
09-07 08:22:38 [看门狗] 心跳: 5/5
09-07 08:24:43 [看门狗] 心跳: 5/5
09-07 08:26:48 [看门狗] 心跳: 5/5
09-07 08:28:55 [看门狗] 心跳: 5/5
09-07 08:30:58 [看门狗] 心跳: 5/5
09-07 08:33:02 [看门狗] 心跳: 5/5
09-07 08:35:05 [看门狗] 心跳: 5/5
09-07 08:37:09 [看门狗] 心跳: 5/5
09-07 08:39:14 [看门狗] 心跳: 5/5
09-07 08:41:19 [看门狗] 心跳: 5/5
09-07 08:43:25 [看门狗] 心跳: 5/5
09-07 08:45:31 [看门狗] 心跳: 5/5
09-07 08:47:34 [看门狗] 心跳: 5/5
09-07 08:49:38 [看门狗] 心跳: 5/5
09-07 08:51:41 [看门狗] 心跳: 5/5
09-07 08:53:47 [看门狗] 心跳: 5/5
09-07 08:55:50 [看门狗] 心跳: 5/5
09-07 08:57:53 [看门狗] 心跳: 5/5
09-07 08:59:57 [看门狗] 心跳: 5/5
09-07 09:02:02 [看门狗] 心跳: 5/5
09-07 09:04:08 [看门狗] 心跳: 5/5
09-07 09:06:12 [看门狗] 心跳: 5/5
09-07 09:08:15 [看门狗] 心跳: 5/5
09-07 09:10:18 [看门狗] 心跳: 5/5
09-07 09:12:24 [看门狗] 心跳: 5/5
09-07 09:14:29 [看门狗] 心跳: 5/5
09-07 09:16:34 [看门狗] 心跳: 5/5
09-07 09:18:37 [看门狗] 心跳: 5/5
09-07 09:20:42 [看门狗] 心跳: 5/5
09-07 09:22:46 [看门狗] 心跳: 5/5
09-07 09:24:51 [看门狗] 心跳: 5/5
09-07 09:26:53 [看门狗] 心跳: 5/5
09-07 09:28:57 [看门狗] 心跳: 5/5
09-07 09:31:02 [看门狗] 心跳: 5/5
09-07 09:33:06 [看门狗] 心跳: 5/5
09-07 09:35:09 [看门狗] 心跳: 5/5
09-07 09:37:11 [看门狗] 心跳: 5/5
09-07 09:39:17 [看门狗] 心跳: 5/5
09-07 09:39:32 p3244 掉线判定: 窗口/标题异常 → 重启闭环
09-07 09:39:32 p3244 已重启为新进程 PID=11636，等待登录界面…
09-07 09:39:34 p11636 检测到登录界面，开始播种…
09-07 09:39:46 p11636 播种成功 ✓（p11636）
09-07 09:39:46 p11636 重放 leader#1 登录点击 4 步…
09-07 09:39:46 p3244 → 新 PID=11636 播种/登录流程接管完成
09-07 09:39:47 [看门狗] 队长 PID 变更 3244 → 11636，跟随新通道
09-07 09:39:52 p11636 登录点击重放完毕，等待进入场景…
09-07 09:39:54 p11636 检测到已登录 ✓
09-07 09:39:54 [sat] 队长准备: 传送 大唐官府 + 走位 [139,80]
09-07 09:40:25 [sat] 队长当前位置: None
09-07 09:40:25 [sat] 面板读不到，按传送统一落点 [132,83] 兜底走位
09-07 09:40:25 [sat] [fail] 目标不在队长视野 (2480,780)，中止
09-07 09:40:28 p11636 已拉起任务脚本（队长·二号美人 gw=file://pzxy_p11636）
09-07 09:41:21 [看门狗] 心跳: 5/5
09-07 09:43:24 [看门狗] 心跳: 5/5
09-07 09:45:27 [看门狗] 心跳: 5/5
09-07 09:47:31 [看门狗] 心跳: 5/5
09-07 09:49:34 [看门狗] 心跳: 5/5
09-07 09:51:38 [看门狗] 心跳: 5/5
09-07 09:53:40 [看门狗] 心跳: 5/5
09-07 09:55:44 [看门狗] 心跳: 5/5
09-07 09:56:31 p11804 掉线判定: 窗口/标题异常 → 重启闭环
09-07 09:56:32 p11804 已重启为新进程 PID=7720，等待登录界面…
09-07 09:56:32 [看门狗] 检测到缺员 4/5 → 打断抓鬼，启动补组队
09-07 09:56:32 已打断 p11636 任务脚本（系统 PID 5360）
09-07 09:56:32 [sat] 队长准备: 传送 大唐官府 + 走位 [139,80]
09-07 09:56:34 p7720 检测到登录界面，开始播种…
09-07 09:56:40 p7720 播种成功 ✓（p7720）
09-07 09:56:40 p7720 重放 member#2 登录点击 4 步…
09-07 09:56:40 p11804 → 新 PID=7720 播种/登录流程接管完成
09-07 09:56:48 p7720 登录点击重放完毕，等待进入场景…
09-07 09:56:49 p7720 检测到已登录 ✓
09-07 09:57:01 [sat] p7720: 已点队长身体 (532,203)（第1次申请）
09-07 09:57:07 [sat] 队长当前位置: None
09-07 09:57:07 [sat] 面板读不到，按传送统一落点 [132,83] 兜底走位
09-07 09:57:07 [sat] 走位点击 (380,600)（偏差 140,-60）——途中不点组队图标
09-07 09:57:11 [sat] 走位点击 (380,600)（偏差 70,-30）——途中不点组队图标
09-07 09:57:12 [sat] p7720: 已点队长身体 (415,330)（第2次申请）
09-07 09:57:16 [sat] 走位点击 (380,600)（偏差 35,-15）——途中不点组队图标
09-07 09:57:24 [sat] p7720: 已点队长身体 (415,330)（第3次申请）
09-07 09:57:33 [sat] p7720: 申请轮次结束（是否入队由队长批准裁决）
09-07 09:57:35 p7720 已拉起任务脚本（队员·这是帅哥 gw=file://pzxy_p7720）
09-07 09:57:49 [看门狗] 心跳: 4/5
09-07 09:57:50 [sat] 到达验证: (2840.0, 1300.0)（目标 (2780.0, 1600.0)，±3 格容差）
09-07 09:57:50 [sat] [fail] 队长未到达 [139,80] 附近（±3 格）
09-07 09:57:50 [看门狗] 4 名在线队员并行申请归队
09-07 09:57:50 [sat] p3108: 阶段1已传送，直接申请
09-07 09:57:50 [sat] p7720: 阶段1已传送，直接申请
09-07 09:57:50 [sat] p9352: 阶段1已传送，直接申请
09-07 09:57:50 [sat] p15088: 阶段1已传送，直接申请
09-07 09:57:51 [sat] p3108: tp/窗口不可用
09-07 09:57:51 [sat] p9352: tp/窗口不可用
09-07 09:57:51 [sat] p15088: tp/窗口不可用
09-07 09:57:54 [sat] p7720: 已点队长身体 (415,330)（第1次申请）
09-07 09:57:57 [sat] p3108: tp/窗口不可用
09-07 09:57:57 [sat] p9352: tp/窗口不可用
09-07 09:57:57 [sat] p15088: tp/窗口不可用
09-07 09:58:03 [sat] p3108: 申请轮次结束（是否入队由队长批准裁决）
09-07 09:58:03 [sat] p9352: 申请轮次结束（是否入队由队长批准裁决）
09-07 09:58:03 [sat] p15088: 申请轮次结束（是否入队由队长批准裁决）
09-07 09:58:05 [sat] p7720: 已点队长身体 (415,330)（第2次申请）
09-07 09:58:13 [sat] p7720: 申请轮次结束（是否入队由队长批准裁决）
09-07 09:58:15 [sat] 当前成员数: 4（目标 5）
09-07 09:59:51 [看门狗] 心跳: 4/5
09-07 10:01:54 [看门狗] 心跳: 4/5
09-07 10:03:56 [看门狗] 心跳: 4/5
09-07 10:05:17 [看门狗] 补组批准结束: 4/5
09-07 10:05:18 [看门狗] 仍未满员，掉线队员回来后继续下一轮
09-07 10:05:28 [sat] 队长准备: 传送 大唐官府 + 走位 [139,80]
09-07 10:05:38 [sat] 队长当前位置: (2640.0, 1660.0)
09-07 10:05:38 [sat] 走位点击 (540,240)（偏差 140,-60）——途中不点组队图标
09-07 10:05:43 [sat] 走位点击 (540,240)（偏差 70,-30）——途中不点组队图标
09-07 10:05:47 [sat] 走位点击 (540,240)（偏差 35,-15）——途中不点组队图标
09-07 10:05:54 [sat] 到达验证: (2640.0, 1660.0)（目标 (2780.0, 1600.0)，±3 格容差）
09-07 10:05:54 [sat] [fail] 队长未到达 [139,80] 附近（±3 格）
09-07 10:05:54 [看门狗] 4 名在线队员并行申请归队
09-07 10:05:54 [sat] p3108: 阶段1已传送，直接申请
09-07 10:05:54 [sat] p7720: 阶段1已传送，直接申请
09-07 10:05:54 [sat] p9352: 阶段1已传送，直接申请
09-07 10:05:54 [sat] p15088: 阶段1已传送，直接申请
09-07 10:05:54 [sat] p9352: tp/窗口不可用
09-07 10:05:54 [sat] p3108: tp/窗口不可用
09-07 10:05:55 [sat] p15088: tp/窗口不可用
09-07 10:05:58 [sat] p7720: 已点队长身体 (415,330)（第1次申请）
09-07 10:05:59 [看门狗] 心跳: 4/5
09-07 10:06:00 [sat] p9352: tp/窗口不可用
09-07 10:06:00 [sat] p3108: tp/窗口不可用
09-07 10:06:01 [sat] p15088: tp/窗口不可用
09-07 10:06:06 [sat] p9352: 申请轮次结束（是否入队由队长批准裁决）
09-07 10:06:06 [sat] p3108: 申请轮次结束（是否入队由队长批准裁决）
09-07 10:06:07 [sat] p15088: 申请轮次结束（是否入队由队长批准裁决）
09-07 10:06:10 [sat] p7720: 已点队长身体 (415,330)（第2次申请）
09-07 10:06:18 [sat] p7720: 申请轮次结束（是否入队由队长批准裁决）
09-07 10:06:20 [sat] 当前成员数: 4（目标 5）
09-07 10:08:01 [看门狗] 心跳: 4/5
09-07 10:10:04 [看门狗] 心跳: 4/5
09-07 10:12:06 [看门狗] 心跳: 4/5
09-07 10:13:21 [看门狗] 补组批准结束: 4/5
09-07 10:13:22 [看门狗] 仍未满员，掉线队员回来后继续下一轮
09-07 10:13:23 [sat] 队长准备: 传送 大唐官府 + 走位 [139,80]
09-07 10:13:33 [sat] 队长当前位置: (2640.0, 1660.0)
09-07 10:13:33 [sat] 走位点击 (540,240)（偏差 140,-60）——途中不点组队图标
09-07 10:13:38 [sat] 走位点击 (540,240)（偏差 70,-30）——途中不点组队图标
09-07 10:13:42 [sat] 走位点击 (540,240)（偏差 35,-15）——途中不点组队图标
09-07 10:13:49 [sat] 到达验证: (2640.0, 1660.0)（目标 (2780.0, 1600.0)，±3 格容差）
09-07 10:13:49 [sat] [fail] 队长未到达 [139,80] 附近（±3 格）
09-07 10:13:49 [看门狗] 4 名在线队员并行申请归队
09-07 10:13:49 [sat] p3108: 阶段1已传送，直接申请
09-07 10:13:49 [sat] p7720: 阶段1已传送，直接申请
09-07 10:13:49 [sat] p9352: 阶段1已传送，直接申请
09-07 10:13:49 [sat] p15088: 阶段1已传送，直接申请
09-07 10:13:49 [sat] p15088: tp/窗口不可用
09-07 10:13:49 [sat] p9352: tp/窗口不可用
09-07 10:13:50 [sat] p3108: tp/窗口不可用
09-07 10:13:53 [sat] p7720: 已点队长身体 (415,330)（第1次申请）
09-07 10:13:55 [sat] p15088: tp/窗口不可用
09-07 10:13:55 [sat] p9352: tp/窗口不可用
09-07 10:13:56 [sat] p3108: tp/窗口不可用
09-07 10:14:01 [sat] p15088: 申请轮次结束（是否入队由队长批准裁决）
09-07 10:14:01 [sat] p9352: 申请轮次结束（是否入队由队长批准裁决）
09-07 10:14:02 [sat] p3108: 申请轮次结束（是否入队由队长批准裁决）
09-07 10:14:03 [sat] p7720: 已点队长身体 (415,330)（第2次申请）
09-07 10:14:09 [看门狗] 心跳: 4/5
09-07 10:14:11 [sat] p7720: 申请轮次结束（是否入队由队长批准裁决）
09-07 10:14:13 [sat] 当前成员数: 4（目标 5）
09-07 10:16:12 [看门狗] 心跳: 4/5
09-07 10:18:14 [看门狗] 心跳: 4/5
09-07 10:20:15 p3108 掉线判定: 窗口/标题异常 → 重启闭环
09-07 10:20:15 p3108 已重启为新进程 PID=3280，等待登录界面…
09-07 10:20:16 p3280 检测到登录界面，开始播种…
09-07 10:20:17 [看门狗] 心跳: 4/5
09-07 10:20:21 p9352 掉线判定: 窗口/标题异常 → 重启闭环
09-07 10:20:21 p9352 已重启为新进程 PID=13444，等待登录界面…
09-07 10:20:22 p13444 检测到登录界面，开始播种…
09-07 10:20:22 p3280 播种成功 ✓（p3280）
09-07 10:20:22 p3280 重放 member#1 登录点击 4 步…
09-07 10:20:22 p3108 → 新 PID=3280 播种/登录流程接管完成
09-07 10:20:28 p13444 播种成功 ✓（p13444）
09-07 10:20:28 p13444 重放 member#3 登录点击 4 步…
09-07 10:20:28 p9352 → 新 PID=13444 播种/登录流程接管完成
09-07 10:20:31 p3280 登录点击重放完毕，等待进入场景…
09-07 10:20:33 p3280 检测到已登录 ✓
09-07 10:20:33 p15088 掉线判定: 窗口/标题异常 → 重启闭环
09-07 10:20:33 p15088 已重启为新进程 PID=16376，等待登录界面…
09-07 10:20:34 p16376 检测到登录界面，开始播种…
09-07 10:20:36 p13444 登录点击重放完毕，等待进入场景…
09-07 10:21:05 squad_auto_team 日志已桥接到 GUI（组队内部步骤可见）
09-07 10:21:11 已启动队长进程 PID=14876，等待登录界面窗口…
09-07 10:21:12 已启动队员进程 PID=12376，等待登录界面窗口…
09-07 10:21:13 p14876 检测到登录界面，开始播种…
09-07 10:21:13 p12376 检测到登录界面，开始播种…
09-07 10:21:13 已启动队员进程 PID=9624，等待登录界面窗口…
09-07 10:21:14 已启动队员进程 PID=11520，等待登录界面窗口…
09-07 10:21:14 p9624 检测到登录界面，开始播种…
09-07 10:21:15 已启动队员进程 PID=9104，等待登录界面窗口…
09-07 10:21:15 p11520 检测到登录界面，开始播种…
09-07 10:21:16 p9104 检测到登录界面，开始播种…
09-07 10:21:21 p14876 播种成功 ✓（p14876）
09-07 10:21:21 p14876 重放 leader#1 登录点击 4 步…
09-07 10:21:24 p11520 播种成功 ✓（p11520）
09-07 10:21:24 p11520 重放 member#3 登录点击 4 步…
09-07 10:21:27 p9624 播种成功 ✓（p9624）
09-07 10:21:27 p9624 重放 member#2 登录点击 4 步…
09-07 10:21:27 p14876 登录点击重放完毕，等待进入场景…
09-07 10:21:28 p9104 播种成功 ✓（p9104）
09-07 10:21:28 p9104 重放 member#4 登录点击 4 步…
09-07 10:21:29 p14876 检测到已登录 ✓
09-07 10:21:32 p11520 登录点击重放完毕，等待进入场景…
09-07 10:21:33 p11520 检测到已登录 ✓
09-07 10:21:35 p9624 登录点击重放完毕，等待进入场景…
09-07 10:21:36 p9104 登录点击重放完毕，等待进入场景…
09-07 10:21:37 p9624 检测到已登录 ✓
09-07 10:21:37 p9104 检测到已登录 ✓
09-07 10:21:51 p12376 播种成功(重试) ✓
09-07 10:22:28 squad_auto_team 日志已桥接到 GUI（组队内部步骤可见）
09-07 10:22:31 已启动队长进程 PID=18896，等待登录界面窗口…
09-07 10:22:32 p18896 检测到登录界面，开始播种…
09-07 10:22:35 已启动队员进程 PID=13636，等待登录界面窗口…
09-07 10:22:37 p13636 检测到登录界面，开始播种…
09-07 10:22:38 p18896 播种成功 ✓（p18896）
09-07 10:22:38 p18896 重放 leader#1 登录点击 4 步…
09-07 10:22:44 p13636 播种成功 ✓（p13636）
09-07 10:22:44 p13636 重放 member#1 登录点击 4 步…
09-07 10:22:44 已启动队员进程 PID=19072，等待登录界面窗口…
09-07 10:22:45 p18896 登录点击重放完毕，等待进入场景…
09-07 10:22:46 p19072 检测到登录界面，开始播种…
09-07 10:22:48 p18896 检测到已登录 ✓
09-07 10:22:51 已启动队员进程 PID=11612，等待登录界面窗口…
09-07 10:22:52 p11612 检测到登录界面，开始播种…
09-07 10:22:52 p13636 登录点击重放完毕，等待进入场景…
09-07 10:22:53 p19072 播种成功 ✓（p19072）
09-07 10:22:53 p19072 重放 member#2 登录点击 4 步…
09-07 10:22:54 p13636 检测到已登录 ✓
09-07 10:22:56 已启动队员进程 PID=420，等待登录界面窗口…
09-07 10:22:57 p420 检测到登录界面，开始播种…
09-07 10:22:58 p11612 播种成功 ✓（p11612）
09-07 10:22:58 p11612 重放 member#3 登录点击 4 步…
09-07 10:23:01 p19072 登录点击重放完毕，等待进入场景…
09-07 10:23:03 p420 播种成功 ✓（p420）
09-07 10:23:03 p420 重放 member#4 登录点击 4 步…
09-07 10:23:04 p19072 检测到已登录 ✓
09-07 10:23:06 p11612 登录点击重放完毕，等待进入场景…
09-07 10:23:08 p11612 检测到已登录 ✓
09-07 10:23:12 p420 登录点击重放完毕，等待进入场景…
09-07 10:23:14 p420 检测到已登录 ✓
09-07 10:23:27 [autoTeam] 阶段1: 5 人并行传送 大唐官府
09-07 10:23:35 p13636 传送完成 ✓
09-07 10:23:35 p18896 传送完成 ✓
09-07 10:23:35 p420 传送完成 ✓
09-07 10:23:35 p19072 传送完成 ✓
09-07 10:23:35 p11612 传送完成 ✓
09-07 10:23:35 [autoTeam] 阶段2: 队长走位[139,80]
09-07 10:23:35 [sat] 队长准备: 传送 大唐官府 + 走位 [139,80]
09-07 10:23:44 [sat] 队长当前位置: (2640.0, 1660.0)
09-07 10:23:44 [sat] 走位点击 (540,240)（偏差 140,-60）——途中不点组队图标
09-07 10:23:49 [sat] 走位点击 (420,291)（偏差 70,-30）——途中不点组队图标
09-07 10:23:53 [sat] 走位点击 (420,291)（偏差 35,-15）——途中不点组队图标
09-07 10:23:58 [sat] 到达验证: (2777.6603565383, 1601.0027043407)（目标 (2780.0, 1600.0)，±3 格容差）
09-07 10:23:58 [autoTeam] 阶段3: 建队
09-07 10:23:59 [sat] 建队第1次 脚底屏幕位 (418,292) → 身体点上移 45
09-07 10:24:03 [sat] 建队第1次 顶栏stats（应为 1）: ((1, 0, '二号美人'),)
09-07 10:24:03 [autoTeam] 阶段4: 4 名队员并行申请入队
09-07 10:24:03 [sat] p13636: 阶段1已传送，直接申请
09-07 10:24:03 [sat] p19072: 阶段1已传送，直接申请
09-07 10:24:03 [sat] p11612: 阶段1已传送，直接申请
09-07 10:24:03 [sat] p420: 阶段1已传送，直接申请
09-07 10:24:07 [sat] p11612: 已点队长身体 (537,241)（第1次申请）
09-07 10:24:07 [sat] p19072: 已点队长身体 (537,241)（第1次申请）
09-07 10:24:07 [sat] p13636: 已点队长身体 (537,241)（第1次申请）
09-07 10:24:07 [sat] p420: 已点队长身体 (537,241)（第1次申请）
09-07 10:24:17 [sat] p11612: 已点队长身体 (537,241)（第2次申请）
09-07 10:24:18 [sat] p13636: 已点队长身体 (537,241)（第2次申请）
09-07 10:24:19 [sat] p420: 已点队长身体 (537,241)（第2次申请）
09-07 10:24:19 [sat] p19072: 已点队长身体 (537,241)（第2次申请）
09-07 10:24:23 [sat] p11612: 申请轮次结束（是否入队由队长批准裁决）
09-07 10:24:25 [sat] p13636: 申请轮次结束（是否入队由队长批准裁决）
09-07 10:24:26 [sat] p420: 申请轮次结束（是否入队由队长批准裁决）
09-07 10:24:28 [sat] p19072: 申请轮次结束（是否入队由队长批准裁决）
09-07 10:24:28 [autoTeam] 阶段5: 队长批准申请
09-07 10:24:30 [sat] 当前成员数: 1（目标 5）
09-07 10:24:41 [sat] 当前成员数: 2（目标 5）
09-07 10:24:52 [sat] 当前成员数: 3（目标 5）
09-07 10:25:03 [sat] 当前成员数: 4（目标 5）
09-07 10:25:14 [sat] 当前成员数: 5（目标 5）
09-07 10:25:14 [autoTeam] 批准结束: 成员=5/目标=5
09-07 10:25:21 [sat] 阵法验证: 天覆阵/4
09-07 10:25:21 [autoTeam] 天覆阵完成 ✓
09-07 10:25:22 p18896 已拉起任务脚本（队长·二号美人 gw=file://pzxy_p18896）
09-07 10:25:22 p13636 已拉起任务脚本（队员·三号美人 gw=file://pzxy_p13636）
09-07 10:25:22 p19072 已拉起任务脚本（队员·这是帅哥 gw=file://pzxy_p19072）
09-07 10:25:23 p11612 已拉起任务脚本（队员·这是猛男 gw=file://pzxy_p11612）
09-07 10:25:23 p420 已拉起任务脚本（队员·一号美人 gw=file://pzxy_p420）
09-07 10:25:23 [autoTeam] 组队+任务脚本启动完成
09-07 10:25:23 [看门狗] 启动（目标 5 人，每 15s 判定）
09-07 10:25:23 已清理残留任务脚本（绑定死 PID 7720，系统 PID 2008）
09-07 10:27:28 [看门狗] 心跳: 5/5
09-07 10:29:32 [看门狗] 心跳: 5/5
09-07 10:31:35 [看门狗] 心跳: 5/5
09-07 10:33:41 [看门狗] 心跳: 5/5
09-07 10:35:43 [看门狗] 心跳: 5/5
09-07 10:37:45 [看门狗] 心跳: 5/5
09-07 10:39:47 [看门狗] 心跳: 5/5
09-07 10:41:50 [看门狗] 心跳: 5/5
09-07 10:43:52 [看门狗] 心跳: 5/5
09-07 10:45:56 [看门狗] 心跳: 5/5
09-07 10:48:05 [看门狗] 心跳: 5/5
09-07 10:50:10 [看门狗] 心跳: 5/5
09-07 10:52:11 [看门狗] 心跳: 5/5
09-07 10:54:14 [看门狗] 心跳: 5/5
09-07 10:56:16 [看门狗] 心跳: 5/5
09-07 10:58:19 [看门狗] 心跳: 5/5
09-07 11:00:20 [看门狗] 心跳: 5/5
09-07 11:02:23 [看门狗] 心跳: 5/5
09-07 11:04:25 [看门狗] 心跳: 5/5
09-07 11:06:27 [看门狗] 心跳: 5/5
09-07 11:08:28 [看门狗] 心跳: 5/5
09-07 11:10:31 [看门狗] 心跳: 5/5
09-07 11:12:35 squad_auto_team 日志已桥接到 GUI（组队内部步骤可见）
09-07 11:12:42 已启动队长进程 PID=7788，等待登录界面窗口…
09-07 11:12:44 p7788 检测到登录界面，开始播种…
09-07 11:12:48 已启动队员进程 PID=2772，等待登录界面窗口…
09-07 11:12:50 p2772 检测到登录界面，开始播种…
09-07 11:12:51 p7788 播种成功 ✓（p7788）
09-07 11:12:51 p7788 重放 leader#1 登录点击 4 步…
09-07 11:12:51 已启动队员进程 PID=12104，等待登录界面窗口…
09-07 11:12:53 p12104 检测到登录界面，开始播种…
09-07 11:12:54 已启动队员进程 PID=6580，等待登录界面窗口…
09-07 11:12:56 p2772 播种成功 ✓（p2772）
09-07 11:12:56 p2772 重放 member#1 登录点击 4 步…
09-07 11:12:56 p6580 检测到登录界面，开始播种…
09-07 11:12:57 p7788 登录点击重放完毕，等待进入场景…
09-07 11:12:58 已启动队员进程 PID=3812，等待登录界面窗口…
09-07 11:12:59 p7788 检测到已登录 ✓
09-07 11:12:59 p3812 检测到登录界面，开始播种…
09-07 11:13:00 p12104 播种成功 ✓（p12104）
09-07 11:13:00 p12104 重放 member#2 登录点击 4 步…
09-07 11:13:03 p6580 播种成功 ✓（p6580）
09-07 11:13:03 p6580 重放 member#3 登录点击 4 步…
09-07 11:13:05 p2772 登录点击重放完毕，等待进入场景…
09-07 11:13:05 p3812 播种成功 ✓（p3812）
09-07 11:13:05 p3812 重放 member#4 登录点击 4 步…
09-07 11:13:07 p2772 检测到已登录 ✓
09-07 11:13:08 p12104 登录点击重放完毕，等待进入场景…
09-07 11:13:10 p6580 登录点击重放完毕，等待进入场景…
09-07 11:13:11 p12104 检测到已登录 ✓
09-07 11:13:13 p6580 检测到已登录 ✓
09-07 11:13:14 p3812 登录点击重放完毕，等待进入场景…
09-07 11:13:15 p3812 检测到已登录 ✓
09-07 11:13:51 [autoTeam] 阶段1: 5 人并行传送 大唐官府
09-07 11:13:59 p7788 传送完成 ✓
09-07 11:14:00 p2772 传送完成 ✓
09-07 11:14:00 p3812 传送完成 ✓
09-07 11:14:00 p6580 传送完成 ✓
09-07 11:14:00 p12104 传送完成 ✓
09-07 11:14:00 [autoTeam] 阶段2: 队长走位[139,80]
09-07 11:14:00 [sat] 队长准备: 传送 大唐官府 + 走位 [139,80]
09-07 11:14:08 [sat] 队长当前位置: (2640.0, 1660.0)
09-07 11:14:08 [sat] 走位点击 (540,240)（偏差 140,-60）——途中不点组队图标
09-07 11:14:13 [sat] 走位点击 (419,291)（偏差 70,-30）——途中不点组队图标
09-07 11:14:18 [sat] 走位点击 (419,291)（偏差 35,-15）——途中不点组队图标
09-07 11:14:22 [sat] 到达验证: (2778.4416284867, 1600.6678735057)（目标 (2780.0, 1600.0)，±3 格容差）
09-07 11:14:22 [autoTeam] 阶段3: 建队
09-07 11:14:24 [sat] 建队第1次 脚底屏幕位 (418,292) → 身体点上移 45
09-07 11:14:27 [sat] 建队第1次 顶栏stats（应为 1）: ((1, 0, '二号美人'),)
09-07 11:14:27 [autoTeam] 阶段4: 4 名队员并行申请入队
09-07 11:14:27 [sat] p2772: 阶段1已传送，直接申请
09-07 11:14:27 [sat] p12104: 阶段1已传送，直接申请
09-07 11:14:27 [sat] p6580: 阶段1已传送，直接申请
09-07 11:14:27 [sat] p3812: 阶段1已传送，直接申请
09-07 11:14:31 [sat] p2772: 已点队长身体 (538,240)（第1次申请）
09-07 11:14:31 [sat] p12104: 已点队长身体 (538,240)（第1次申请）
09-07 11:14:31 [sat] p6580: 已点队长身体 (538,240)（第1次申请）
09-07 11:14:32 [sat] p3812: 已点队长身体 (538,240)（第1次申请）
09-07 11:14:42 [sat] p2772: 已点队长身体 (538,240)（第2次申请）
09-07 11:14:42 [sat] p6580: 已点队长身体 (538,240)（第2次申请）
09-07 11:14:42 [sat] p12104: 已点队长身体 (538,240)（第2次申请）
09-07 11:14:43 [sat] p3812: 已点队长身体 (538,240)（第2次申请）
09-07 11:14:48 [sat] p2772: 申请轮次结束（是否入队由队长批准裁决）
09-07 11:14:49 [sat] p6580: 申请轮次结束（是否入队由队长批准裁决）
09-07 11:14:51 [sat] p12104: 申请轮次结束（是否入队由队长批准裁决）
09-07 11:14:51 [sat] p3812: 申请轮次结束（是否入队由队长批准裁决）
09-07 11:14:51 [autoTeam] 阶段5: 队长批准申请
09-07 11:14:54 [sat] 当前成员数: 1（目标 5）
09-07 11:15:05 [sat] 当前成员数: 2（目标 5）
09-07 11:15:16 [sat] 当前成员数: 3（目标 5）
09-07 11:15:27 [sat] 当前成员数: 4（目标 5）
09-07 11:15:38 [sat] 当前成员数: 5（目标 5）
09-07 11:15:38 [autoTeam] 批准结束: 成员=5/目标=5
09-07 11:15:46 [sat] 阵法验证: 天覆阵/4
09-07 11:15:46 [autoTeam] 天覆阵完成 ✓
09-07 11:15:46 p7788 已拉起任务脚本（队长·二号美人 gw=file://pzxy_p7788）
09-07 11:15:46 p2772 已拉起任务脚本（队员·三号美人 gw=file://pzxy_p2772）
09-07 11:15:47 p12104 已拉起任务脚本（队员·这是帅哥 gw=file://pzxy_p12104）
09-07 11:15:47 p6580 已拉起任务脚本（队员·这是猛男 gw=file://pzxy_p6580）
09-07 11:15:47 p3812 已拉起任务脚本（队员·一号美人 gw=file://pzxy_p3812）
09-07 11:15:47 [autoTeam] 组队+任务脚本启动完成
09-07 11:15:47 [看门狗] 启动（目标 5 人，每 15s 判定）
09-07 11:15:48 已清理残留任务脚本（绑定死 PID 18896，系统 PID 16376）
09-07 11:15:48 已清理残留任务脚本（绑定死 PID 13636，系统 PID 3112）
09-07 11:15:48 已清理残留任务脚本（绑定死 PID 19072，系统 PID 8648）
09-07 11:15:48 已清理残留任务脚本（绑定死 PID 11612，系统 PID 4848）
09-07 11:15:48 已清理残留任务脚本（绑定死 PID 420，系统 PID 13268）
09-07 11:17:50 [看门狗] 心跳: 5/5
09-07 11:19:58 [看门狗] 心跳: 5/5
09-07 11:22:00 [看门狗] 心跳: 5/5
09-07 11:24:04 [看门狗] 心跳: 5/5
09-07 11:26:06 [看门狗] 心跳: 5/5
09-07 11:28:10 [看门狗] 心跳: 5/5
09-07 11:30:17 [看门狗] 心跳: 5/5
09-07 11:32:23 [看门狗] 心跳: 5/5
09-07 11:34:28 [看门狗] 心跳: 5/5
09-07 11:36:32 [看门狗] 心跳: 5/5
09-07 11:38:38 [看门狗] 心跳: 5/5
09-07 11:40:41 [看门狗] 心跳: 5/5
09-07 11:42:43 [看门狗] 心跳: 5/5
09-07 11:44:46 [看门狗] 心跳: 5/5
09-07 11:46:50 [看门狗] 心跳: 5/5
09-07 11:48:53 [看门狗] 心跳: 5/5
09-07 11:50:38 已停止任务进程 5 个: 424,19228,1612,9240,18436
09-07 11:50:53 squad_auto_team 日志已桥接到 GUI（组队内部步骤可见）
09-07 11:50:59 已启动队长进程 PID=2104，等待登录界面窗口…
09-07 11:51:01 p2104 检测到登录界面，开始播种…
09-07 11:51:08 p2104 播种成功 ✓（p2104）
09-07 11:51:08 p2104 重放 leader#1 登录点击 4 步…
09-07 11:51:09 已启动队员进程 PID=12340，等待登录界面窗口…
09-07 11:51:11 已启动队员进程 PID=10572，等待登录界面窗口…
09-07 11:51:11 p12340 检测到登录界面，开始播种…
09-07 11:51:12 p10572 检测到登录界面，开始播种…
09-07 11:51:12 已启动队员进程 PID=4716，等待登录界面窗口…
09-07 11:51:13 p4716 检测到登录界面，开始播种…
09-07 11:51:13 已启动队员进程 PID=13584，等待登录界面窗口…
09-07 11:51:14 p2104 登录点击重放完毕，等待进入场景…
09-07 11:51:15 p2104 检测到已登录 ✓
09-07 11:51:16 p13584 检测到登录界面，开始播种…
09-07 11:51:18 p12340 播种成功 ✓（p12340）
09-07 11:51:18 p12340 重放 member#1 登录点击 4 步…
09-07 11:51:18 p10572 播种成功 ✓（p10572）
09-07 11:51:18 p10572 重放 member#2 登录点击 4 步…
09-07 11:51:20 p4716 播种成功 ✓（p4716）
09-07 11:51:20 p4716 重放 member#3 登录点击 4 步…
09-07 11:51:22 p13584 播种成功 ✓（p13584）
09-07 11:51:22 p13584 重放 member#4 登录点击 4 步…
09-07 11:51:26 p10572 登录点击重放完毕，等待进入场景…
09-07 11:51:27 p12340 登录点击重放完毕，等待进入场景…
09-07 11:51:27 p12340 检测到已登录 ✓
09-07 11:51:27 p10572 检测到已登录 ✓
09-07 11:51:27 p4716 登录点击重放完毕，等待进入场景…
09-07 11:51:29 p4716 检测到已登录 ✓
09-07 11:51:30 p13584 登录点击重放完毕，等待进入场景…
09-07 11:51:31 p13584 检测到已登录 ✓
09-07 11:53:14 [autoTeam] 阶段1: 5 人并行传送 大唐官府
09-07 11:53:22 p2104 传送完成 ✓
09-07 11:53:23 p12340 传送完成 ✓
09-07 11:53:23 p4716 传送完成 ✓
09-07 11:53:23 p10572 传送完成 ✓
09-07 11:53:23 p13584 传送完成 ✓
09-07 11:53:23 [autoTeam] 阶段2: 队长走位[139,80]
09-07 11:53:23 [sat] 队长准备: 传送 大唐官府 + 走位 [139,80]
09-07 11:53:31 [sat] 队长当前位置: (2640.0, 1660.0)
09-07 11:53:32 [sat] 走位点击 (540,240)（偏差 140,-60）——途中不点组队图标
09-07 11:53:36 [sat] 走位点击 (420,291)（偏差 70,-30）——途中不点组队图标
09-07 11:53:41 [sat] 走位点击 (420,291)（偏差 35,-15）——途中不点组队图标
09-07 11:53:46 [sat] 到达验证: (2777.8166106369, 1600.9357382985)（目标 (2780.0, 1600.0)，±3 格容差）
09-07 11:53:46 [autoTeam] 阶段3: 建队
09-07 11:53:47 [sat] 建队第1次 脚底屏幕位 (418,292) → 身体点上移 45
09-07 11:53:51 [sat] 建队第1次 顶栏stats（应为 1）: ((1, 0, '二号美人'),)
09-07 11:53:51 [autoTeam] 阶段4: 4 名队员并行申请入队
09-07 11:53:51 [sat] p12340: 阶段1已传送，直接申请
09-07 11:53:51 [sat] p10572: 阶段1已传送，直接申请
09-07 11:53:51 [sat] p4716: 阶段1已传送，直接申请
09-07 11:53:51 [sat] p13584: 阶段1已传送，直接申请
09-07 11:53:55 [sat] p12340: 已点队长身体 (537,240)（第1次申请）
09-07 11:53:55 [sat] p10572: 已点队长身体 (537,240)（第1次申请）
09-07 11:53:55 [sat] p13584: 已点队长身体 (537,240)（第1次申请）
09-07 11:53:55 [sat] p4716: 已点队长身体 (537,240)（第1次申请）
09-07 11:54:06 [sat] p4716: 已点队长身体 (421,330)（第2次申请）
09-07 11:54:06 [sat] p13584: 已点队长身体 (537,240)（第2次申请）
09-07 11:54:07 [sat] p12340: 已点队长身体 (537,240)（第2次申请）
09-07 11:54:07 [sat] p10572: 已点队长身体 (537,240)（第2次申请）
09-07 11:54:12 [sat] p4716: 申请轮次结束（是否入队由队长批准裁决）
09-07 11:54:14 [sat] p12340: 申请轮次结束（是否入队由队长批准裁决）
09-07 11:54:14 [sat] p10572: 申请轮次结束（是否入队由队长批准裁决）
09-07 11:54:14 [sat] p13584: 申请轮次结束（是否入队由队长批准裁决）
09-07 11:54:14 [autoTeam] 阶段5: 队长批准申请
09-07 11:54:17 [sat] 当前成员数: 1（目标 5）
09-07 11:54:28 [sat] 当前成员数: 2（目标 5）
09-07 11:54:39 [sat] 当前成员数: 3（目标 5）
09-07 11:54:50 [sat] 当前成员数: 4（目标 5）
09-07 11:55:35 [sat] 当前成员数: 5（目标 5）
09-07 11:55:35 [autoTeam] 批准结束: 成员=5/目标=5
09-07 11:55:42 [sat] 阵法验证: 天覆阵/4
09-07 11:55:42 [autoTeam] 天覆阵完成 ✓
09-07 11:55:43 p2104 已拉起任务脚本（队长·二号美人 gw=file://pzxy_p2104）
09-07 11:55:43 p12340 已拉起任务脚本（队员·三号美人 gw=file://pzxy_p12340）
09-07 11:55:43 p10572 已拉起任务脚本（队员·这是帅哥 gw=file://pzxy_p10572）
09-07 11:55:44 p4716 已拉起任务脚本（队员·这是猛男 gw=file://pzxy_p4716）
09-07 11:55:44 p13584 已拉起任务脚本（队员·一号美人 gw=file://pzxy_p13584）
09-07 11:55:44 [autoTeam] 组队+任务脚本启动完成
09-07 11:55:44 [看门狗] 启动（目标 5 人，每 15s 判定）
09-07 11:57:47 [看门狗] 心跳: 5/5
09-07 11:59:51 [看门狗] 心跳: 5/5
09-07 12:01:57 [看门狗] 心跳: 5/5
09-07 12:04:02 [看门狗] 心跳: 5/5
09-07 12:06:05 [看门狗] 心跳: 5/5
09-07 12:08:09 [看门狗] 心跳: 5/5
09-07 12:10:13 [看门狗] 心跳: 5/5
09-07 12:12:15 [看门狗] 心跳: 5/5
09-07 12:14:19 [看门狗] 心跳: 5/5
09-07 12:16:23 [看门狗] 心跳: 5/5
09-07 12:18:26 [看门狗] 心跳: 5/5
09-07 12:20:32 [看门狗] 心跳: 5/5
09-07 12:22:35 [看门狗] 心跳: 5/5
09-07 12:24:38 [看门狗] 心跳: 5/5
09-07 12:26:41 [看门狗] 心跳: 5/5
09-07 12:28:46 [看门狗] 心跳: 5/5
09-07 12:30:48 [看门狗] 心跳: 5/5
09-07 12:32:51 [看门狗] 心跳: 5/5
09-07 12:34:59 [看门狗] 心跳: 5/5
09-07 12:37:02 [看门狗] 心跳: 5/5
09-07 12:39:10 [看门狗] 心跳: 5/5
09-07 12:41:19 [看门狗] 心跳: 5/5
09-07 12:43:22 [看门狗] 心跳: 5/5
09-07 12:45:27 [看门狗] 心跳: 5/5
09-07 12:47:29 [看门狗] 心跳: 5/5
09-07 12:49:34 [看门狗] 心跳: 5/5
09-07 12:51:40 [看门狗] 心跳: 5/5
09-07 12:53:43 [看门狗] 心跳: 5/5
09-07 12:55:47 [看门狗] 心跳: 5/5
09-07 12:57:51 [看门狗] 心跳: 5/5
09-07 12:59:54 [看门狗] 心跳: 5/5
09-07 13:01:58 [看门狗] 心跳: 5/5
09-07 13:04:01 [看门狗] 心跳: 5/5
09-07 13:06:07 [看门狗] 心跳: 5/5
09-07 13:08:09 [看门狗] 心跳: 5/5
09-07 13:10:12 [看门狗] 心跳: 5/5
09-07 13:12:14 [看门狗] 心跳: 5/5
09-07 13:14:17 [看门狗] 心跳: 5/5
09-07 13:16:21 [看门狗] 心跳: 5/5
09-07 13:18:29 [看门狗] 心跳: 5/5
09-07 13:20:34 [看门狗] 心跳: 5/5
09-07 13:22:37 [看门狗] 心跳: 5/5
09-07 13:24:41 [看门狗] 心跳: 5/5
09-07 13:26:46 [看门狗] 心跳: 5/5
09-07 13:28:19 squad_auto_team 日志已桥接到 GUI（组队内部步骤可见）
09-07 13:28:36 已启动队长进程 PID=13752，等待登录界面窗口…
09-07 13:28:37 p13752 检测到登录界面，开始播种…
09-07 13:28:39 已启动队员进程 PID=9204，等待登录界面窗口…
09-07 13:28:40 p9204 检测到登录界面，开始播种…
09-07 13:28:42 已启动队员进程 PID=12484，等待登录界面窗口…
09-07 13:28:43 p12484 检测到登录界面，开始播种…
09-07 13:28:45 p13752 播种成功 ✓（p13752）
09-07 13:28:45 p13752 重放 leader#1 登录点击 4 步…
09-07 13:28:46 已启动队员进程 PID=5772，等待登录界面窗口…
09-07 13:28:47 p9204 播种成功 ✓（p9204）
09-07 13:28:47 p9204 重放 member#1 登录点击 4 步…
09-07 13:28:47 p5772 检测到登录界面，开始播种…
09-07 13:28:50 p12484 播种成功 ✓（p12484）
09-07 13:28:50 p12484 重放 member#2 登录点击 4 步…
09-07 13:28:50 已启动队员进程 PID=12336，等待登录界面窗口…
09-07 13:28:52 p13752 登录点击重放完毕，等待进入场景…
09-07 13:28:52 p12336 检测到登录界面，开始播种…
09-07 13:28:53 p13752 检测到已登录 ✓
09-07 13:28:54 p5772 播种成功 ✓（p5772）
09-07 13:28:54 p5772 重放 member#3 登录点击 4 步…
09-07 13:28:56 p9204 登录点击重放完毕，等待进入场景…
09-07 13:28:57 p9204 检测到已登录 ✓
09-07 13:28:58 p12484 登录点击重放完毕，等待进入场景…
09-07 13:29:00 p12336 播种成功 ✓（p12336）
09-07 13:29:00 p12336 重放 member#4 登录点击 4 步…
09-07 13:29:01 p5772 登录点击重放完毕，等待进入场景…
09-07 13:29:03 p5772 检测到已登录 ✓
09-07 13:29:08 p12336 登录点击重放完毕，等待进入场景…
09-07 13:29:09 p12336 检测到已登录 ✓
09-07 13:30:29 p12484 窗口消失（待登录阶段）→ 重启闭环
09-07 13:30:29 p12484 已重启为新进程 PID=19280，等待登录界面…
09-07 13:30:30 p19280 检测到登录界面，开始播种…
09-07 13:30:37 p19280 播种成功 ✓（p19280）
09-07 13:30:37 p12484 → 新 PID=19280 播种/登录流程接管完成
09-07 13:30:37 p19280 重放 member#2 登录点击 4 步…
09-07 13:30:45 p19280 登录点击重放完毕，等待进入场景…
09-07 13:30:47 p19280 检测到已登录 ✓
09-07 13:31:00 [autoTeam] 阶段1: 5 人并行传送 大唐官府
09-07 13:31:08 p12336 传送完成 ✓
09-07 13:31:08 p5772 传送完成 ✓
09-07 13:31:08 p13752 传送完成 ✓
09-07 13:31:09 p19280 传送完成 ✓
09-07 13:31:09 p9204 传送完成 ✓
09-07 13:31:09 [autoTeam] 阶段2: 队长走位[139,80]
09-07 13:31:09 [sat] 队长准备: 传送 大唐官府 + 走位 [139,80]
09-07 13:31:17 [sat] 队长当前位置: (2640.0, 1660.0)
09-07 13:31:18 [sat] 走位点击 (540,240)（偏差 140,-60）——途中不点组队图标
09-07 13:31:22 [sat] 走位点击 (418,291)（偏差 70,-30）——途中不点组队图标
09-07 13:31:27 [sat] 走位点击 (418,291)（偏差 35,-15）——途中不点组队图标
09-07 13:31:32 [sat] 到达验证: (2779.5354127069, 1600.1991088399)（目标 (2780.0, 1600.0)，±3 格容差）
09-07 13:31:32 [autoTeam] 阶段3: 建队
09-07 13:31:33 [sat] 建队第1次 脚底屏幕位 (418,292) → 身体点上移 45
09-07 13:31:36 [sat] 建队第1次 顶栏stats（应为 1）: ((1, 0, '二号美人'),)
09-07 13:31:37 [autoTeam] 阶段4: 4 名队员并行申请入队
09-07 13:31:37 [sat] p9204: 阶段1已传送，直接申请
09-07 13:31:37 [sat] p19280: 阶段1已传送，直接申请
09-07 13:31:37 [sat] p5772: 阶段1已传送，直接申请
09-07 13:31:37 [sat] p12336: 阶段1已传送，直接申请
09-07 13:31:41 [sat] p9204: 已点队长身体 (539,240)（第1次申请）
09-07 13:31:41 [sat] p12336: 已点队长身体 (539,240)（第1次申请）
09-07 13:31:41 [sat] p5772: 已点队长身体 (539,240)（第1次申请）
09-07 13:31:41 [sat] p19280: 已点队长身体 (539,240)（第1次申请）
09-07 13:31:51 [sat] p12336: 已点队长身体 (539,240)（第2次申请）
09-07 13:31:52 [sat] p5772: 已点队长身体 (539,240)（第2次申请）
09-07 13:31:52 [sat] p9204: 已点队长身体 (539,240)（第2次申请）
09-07 13:31:53 [sat] p19280: 已点队长身体 (539,240)（第2次申请）
09-07 13:31:57 [sat] p12336: 申请轮次结束（是否入队由队长批准裁决）
09-07 13:32:00 [sat] p5772: 申请轮次结束（是否入队由队长批准裁决）
09-07 13:32:00 [sat] p9204: 申请轮次结束（是否入队由队长批准裁决）
09-07 13:32:01 [sat] p19280: 申请轮次结束（是否入队由队长批准裁决）
09-07 13:32:01 [autoTeam] 阶段5: 队长批准申请
09-07 13:32:03 [sat] 当前成员数: 1（目标 5）
09-07 13:32:14 [sat] 当前成员数: 2（目标 5）
09-07 13:32:25 [sat] 当前成员数: 3（目标 5）
09-07 13:32:36 [sat] 当前成员数: 4（目标 5）
09-07 13:32:47 [sat] 当前成员数: 5（目标 5）
09-07 13:32:47 [autoTeam] 批准结束: 成员=5/目标=5
09-07 13:32:55 [sat] 阵法验证: 天覆阵/4
09-07 13:32:55 [autoTeam] 天覆阵完成 ✓
09-07 13:32:55 p13752 已拉起任务脚本（队长·二号美人 gw=file://pzxy_p13752）
09-07 13:32:55 p9204 已拉起任务脚本（队员·三号美人 gw=file://pzxy_p9204）
09-07 13:32:56 p19280 已拉起任务脚本（队员·这是帅哥 gw=file://pzxy_p19280）
09-07 13:32:56 p5772 已拉起任务脚本（队员·这是猛男 gw=file://pzxy_p5772）
09-07 13:32:56 p12336 已拉起任务脚本（队员·一号美人 gw=file://pzxy_p12336）
09-07 13:32:56 [autoTeam] 组队+任务脚本启动完成
09-07 13:32:56 [看门狗] 启动（目标 5 人，每 15s 判定）
09-07 13:32:57 已清理残留任务脚本（绑定死 PID 2104，系统 PID 2172）
09-07 13:32:57 已清理残留任务脚本（绑定死 PID 12340，系统 PID 10404）
09-07 13:32:57 已清理残留任务脚本（绑定死 PID 10572，系统 PID 9996）
09-07 13:32:57 已清理残留任务脚本（绑定死 PID 4716，系统 PID 17392）
09-07 13:32:57 已清理残留任务脚本（绑定死 PID 13584，系统 PID 3884）
09-07 13:35:00 [看门狗] 心跳: 5/5
09-07 13:37:02 [看门狗] 心跳: 5/5
09-07 13:39:06 [看门狗] 心跳: 5/5
09-07 13:41:08 [看门狗] 心跳: 5/5
09-07 13:43:12 [看门狗] 心跳: 5/5
09-07 13:45:15 [看门狗] 心跳: 5/5
09-07 13:47:17 [看门狗] 心跳: 5/5
09-07 13:49:22 [看门狗] 心跳: 5/5
09-07 13:51:25 [看门狗] 心跳: 5/5
09-07 13:53:29 [看门狗] 心跳: 5/5
09-07 13:55:31 [看门狗] 心跳: 5/5
09-07 13:57:35 [看门狗] 心跳: 5/5
09-07 13:59:38 [看门狗] 心跳: 5/5
09-07 14:01:40 [看门狗] 心跳: 5/5
09-07 14:03:44 [看门狗] 心跳: 5/5
09-07 14:05:47 [看门狗] 心跳: 5/5
09-07 14:07:51 [看门狗] 心跳: 5/5
09-07 14:09:55 [看门狗] 心跳: 5/5
09-07 14:11:58 [看门狗] 心跳: 5/5
09-07 14:14:04 [看门狗] 心跳: 5/5
09-07 14:16:07 [看门狗] 心跳: 5/5
09-07 14:18:09 [看门狗] 心跳: 5/5
09-07 14:20:14 [看门狗] 心跳: 5/5
09-07 14:22:17 [看门狗] 心跳: 5/5
09-07 14:24:21 [看门狗] 心跳: 5/5
09-07 14:26:23 [看门狗] 心跳: 5/5
09-07 14:28:26 [看门狗] 心跳: 5/5
09-07 14:30:32 [看门狗] 心跳: 5/5
09-07 14:32:36 [看门狗] 心跳: 5/5
09-07 14:34:40 [看门狗] 心跳: 5/5
09-07 14:36:46 [看门狗] 心跳: 5/5
09-07 14:38:49 [看门狗] 心跳: 5/5
09-07 14:40:52 [看门狗] 心跳: 5/5
09-07 14:42:55 [看门狗] 心跳: 5/5
09-07 14:44:59 [看门狗] 心跳: 5/5
09-07 14:47:02 [看门狗] 心跳: 5/5
09-07 14:49:04 [看门狗] 心跳: 5/5
09-07 14:51:08 [看门狗] 心跳: 5/5
09-07 14:53:13 [看门狗] 心跳: 5/5
09-07 14:55:17 [看门狗] 心跳: 5/5
09-07 14:57:20 [看门狗] 心跳: 5/5
09-07 14:59:24 [看门狗] 心跳: 5/5
09-07 15:01:27 [看门狗] 心跳: 5/5
09-07 15:03:30 [看门狗] 心跳: 5/5
09-07 15:05:36 [看门狗] 心跳: 5/5
09-07 15:07:38 [看门狗] 心跳: 5/5
09-07 15:09:43 [看门狗] 心跳: 5/5
09-07 15:11:46 [看门狗] 心跳: 5/5
09-07 15:13:48 [看门狗] 心跳: 5/5
09-07 15:15:51 [看门狗] 心跳: 5/5
09-07 15:17:54 [看门狗] 心跳: 5/5
09-07 15:19:58 [看门狗] 心跳: 5/5
09-07 15:22:03 [看门狗] 心跳: 5/5
09-07 15:22:07 p5772 掉线判定: 窗口/标题异常 → 重启闭环
09-07 15:22:08 p5772 已重启为新进程 PID=12004，等待登录界面…
09-07 15:22:09 p12004 检测到登录界面，开始播种…
09-07 15:22:09 p13752 掉线判定: 窗口/标题异常 → 重启闭环
09-07 15:22:10 p13752 已重启为新进程 PID=11468，等待登录界面…
09-07 15:22:11 p11468 检测到登录界面，开始播种…
09-07 15:22:15 p12004 播种成功 ✓（p12004）
09-07 15:22:15 p12004 重放 member#3 登录点击 4 步…
09-07 15:22:15 p5772 → 新 PID=12004 播种/登录流程接管完成
09-07 15:22:17 p11468 播种成功 ✓（p11468）
09-07 15:22:17 p11468 重放 leader#1 登录点击 4 步…
09-07 15:22:17 p13752 → 新 PID=11468 播种/登录流程接管完成
09-07 15:22:18 [看门狗] 队长 PID 变更 13752 → 11468，跟随新通道
09-07 15:22:23 p12004 登录点击重放完毕，等待进入场景…
09-07 15:22:23 p12004 检测到已登录 ✓
09-07 15:22:24 p11468 登录点击重放完毕，等待进入场景…
09-07 15:22:25 p11468 检测到已登录 ✓
09-07 15:22:25 [sat] 队长准备: 传送 大唐官府 + 走位 [139,80]
09-07 15:22:33 [sat] 队长当前位置: (2640.0, 1660.0)
09-07 15:22:33 [sat] 走位点击 (540,240)（偏差 140,-60）——途中不点组队图标
09-07 15:22:35 [sat] p12004: 已点队长身体 (539,240)（第1次申请）
09-07 15:22:38 [sat] 走位点击 (419,291)（偏差 70,-30）——途中不点组队图标
09-07 15:22:42 [sat] 走位点击 (419,291)（偏差 35,-15）——途中不点组队图标
09-07 15:22:47 [sat] 到达验证: (2778.1291197073, 1600.8018058397)（目标 (2780.0, 1600.0)，±3 格容差）
09-07 15:22:47 [sat] p12004: 已点队长身体 (539,240)（第2次申请）
09-07 15:22:48 [看门狗] 检测到缺员 0/5 → 打断抓鬼，启动补组队
09-07 15:22:49 [sat] 队长准备: 传送 大唐官府 + 走位 [139,80]
09-07 15:22:49 p11468 已拉起任务脚本（队长·二号美人 gw=file://pzxy_p11468）
09-07 15:23:00 [sat] 队长当前位置: (2640.0, 1660.0)
09-07 15:23:00 [sat] p12004: 已点队长身体 (539,240)（第3次申请）
09-07 15:23:00 [sat] 走位点击 (540,240)（偏差 140,-60）——途中不点组队图标
09-07 15:23:04 [sat] 走位点击 (419,291)（偏差 70,-30）——途中不点组队图标
09-07 15:23:08 [sat] p12004: 申请轮次结束（是否入队由队长批准裁决）
09-07 15:23:09 [sat] 走位点击 (419,291)（偏差 35,-15）——途中不点组队图标
09-07 15:23:10 p12004 已拉起任务脚本（队员·这是猛男 gw=file://pzxy_p12004）
09-07 15:23:14 [sat] 到达验证: (2778.1291199984, 1600.801805715)（目标 (2780.0, 1600.0)，±3 格容差）
09-07 15:23:14 [看门狗] 队伍已散（0 人）→ 重新建队
09-07 15:23:15 [sat] 建队第1次 脚底屏幕位 (417,292) → 身体点上移 45
09-07 15:23:21 [sat] 建队第1次 顶栏stats（应为 1）: ((1, 0, '二号美人'),)
09-07 15:23:22 [看门狗] 4 名在线队员并行申请归队
09-07 15:23:22 [sat] p9204: 阶段1已传送，直接申请
09-07 15:23:22 [sat] p19280: 阶段1已传送，直接申请
09-07 15:23:22 [sat] p12004: 阶段1已传送，直接申请
09-07 15:23:22 [sat] p12336: 阶段1已传送，直接申请
09-07 15:23:22 [sat] p9204: 队长不在视野 (1998,1600)
09-07 15:23:22 [sat] p19280: 队长不在视野 (1998,1600)
09-07 15:23:22 [sat] p12336: 队长不在视野 (1998,1600)
09-07 15:23:26 [sat] p12004: 已点队长身体 (418,332)（第1次申请）
09-07 15:23:28 [sat] p9204: 队长不在视野 (1998,1600)
09-07 15:23:28 [sat] p19280: 队长不在视野 (1998,1600)
09-07 15:23:28 [sat] p12336: 队长不在视野 (1998,1600)
09-07 15:23:34 [sat] p9204: 申请轮次结束（是否入队由队长批准裁决）
09-07 15:23:34 [sat] p19280: 申请轮次结束（是否入队由队长批准裁决）
09-07 15:23:34 [sat] p12336: 申请轮次结束（是否入队由队长批准裁决）
09-07 15:23:38 [sat] p12004: 已点队长身体 (418,332)（第2次申请）
09-07 15:23:46 [sat] p12004: 申请轮次结束（是否入队由队长批准裁决）
09-07 15:23:49 [sat] 当前成员数: 1（目标 5）
09-07 15:24:06 [看门狗] 心跳: 1/5
09-07 15:26:08 [看门狗] 心跳: 1/5
09-07 15:28:11 [看门狗] 心跳: 1/5
09-07 15:30:14 [看门狗] 心跳: 1/5
09-07 15:30:50 [看门狗] 补组批准结束: 1/5
09-07 15:30:51 [看门狗] 仍未满员，掉线队员回来后继续下一轮
09-07 15:30:59 [sat] 队长准备: 传送 大唐官府 + 走位 [139,80]
09-07 15:31:07 [sat] 队长当前位置: (2640.0, 1660.0)
09-07 15:31:07 [sat] 走位点击 (540,240)（偏差 140,-60）——途中不点组队图标
09-07 15:31:12 [sat] 走位点击 (540,240)（偏差 70,-30）——途中不点组队图标
09-07 15:31:17 [sat] [fail] 目标不在队长视野 (2000,1600)，中止
09-07 15:31:17 [看门狗] 队伍已散（1 人）→ 重新建队
09-07 15:31:18 [sat] 建队第1次 锚点不在视野 (1998,1600)，跳过走回
09-07 15:31:19 [sat] 建队第1次 脚底屏幕位 (400,160) → 身体点上移 45
09-07 15:31:23 [sat] 建队第1次 顶栏stats（应为 1）: ((1, 0, '二号美人'),)
09-07 15:31:25 [看门狗] 4 名在线队员并行申请归队
09-07 15:31:25 [sat] p9204: 阶段1已传送，直接申请
09-07 15:31:25 [sat] p19280: 阶段1已传送，直接申请
09-07 15:31:25 [sat] p12004: 阶段1已传送，直接申请
09-07 15:31:25 [sat] p12336: 阶段1已传送，直接申请
09-07 15:31:25 [sat] p19280: 队长不在视野 (1998,1600)
09-07 15:31:25 [sat] p9204: 队长不在视野 (1998,1600)
09-07 15:31:25 [sat] p12336: 队长不在视野 (1998,1600)
09-07 15:31:27 已停止任务进程 5 个: 4988,7092,6140,8392,1236
09-07 15:31:28 [sat] p12004: 已点队长身体 (418,332)（第1次申请）
09-07 15:31:31 [sat] p19280: 队长不在视野 (1998,1600)
09-07 15:31:31 [sat] p12336: 队长不在视野 (1998,1600)
09-07 15:31:31 [sat] p9204: 队长不在视野 (1998,1600)
09-07 15:31:37 [sat] p19280: 申请轮次结束（是否入队由队长批准裁决）
09-07 15:31:37 [sat] p12336: 申请轮次结束（是否入队由队长批准裁决）
09-07 15:31:37 [sat] p9204: 申请轮次结束（是否入队由队长批准裁决）
09-07 15:31:40 [sat] p12004: 已点队长身体 (418,332)（第2次申请）
09-07 15:31:45 [autoTeam] 阶段1: 5 人并行传送 大唐官府
09-07 15:31:48 [sat] p12004: 申请轮次结束（是否入队由队长批准裁决）
09-07 15:31:50 [sat] 当前成员数: 1（目标 5）
09-07 15:31:53 p19280 传送完成 ✓
09-07 15:31:54 p11468 传送完成 ✓
09-07 15:31:54 p9204 传送完成 ✓
09-07 15:31:54 p12336 传送完成 ✓
09-07 15:31:55 p12004 传送完成 ✓
09-07 15:31:55 [autoTeam] 阶段2: 队长走位[139,80]
09-07 15:31:55 [sat] 队长准备: 传送 大唐官府 + 走位 [139,80]
09-07 15:32:02 [sat] 队长当前位置: (2506.4389325461, 1802.5315869097)
09-07 15:32:03 [sat] 走位点击 (660,120)（偏差 274,-203）——途中不点组队图标
09-07 15:32:07 [sat] 走位点击 (660,120)（偏差 137,-101）——途中不点组队图标
09-07 15:32:28 squad_auto_team 日志已桥接到 GUI（组队内部步骤可见）
09-07 15:32:36 已启动队长进程 PID=7660，等待登录界面窗口…
09-07 15:32:38 p7660 检测到登录界面，开始播种…
09-07 15:32:39 已启动队员进程 PID=10308，等待登录界面窗口…
09-07 15:32:41 p10308 检测到登录界面，开始播种…
09-07 15:32:41 已启动队员进程 PID=436，等待登录界面窗口…
09-07 15:32:43 已启动队员进程 PID=7308，等待登录界面窗口…
09-07 15:32:43 p436 检测到登录界面，开始播种…
09-07 15:32:44 p7660 播种成功 ✓（p7660）
09-07 15:32:44 p7660 重放 leader#1 登录点击 4 步…
09-07 15:32:45 p7308 检测到登录界面，开始播种…
09-07 15:32:45 已启动队员进程 PID=15492，等待登录界面窗口…
09-07 15:32:46 p15492 检测到登录界面，开始播种…
09-07 15:32:47 p10308 播种成功 ✓（p10308）
09-07 15:32:47 p10308 重放 member#1 登录点击 4 步…
09-07 15:32:50 p436 播种成功 ✓（p436）
09-07 15:32:50 p436 重放 member#2 登录点击 4 步…
09-07 15:32:51 p7660 登录点击重放完毕，等待进入场景…
09-07 15:32:51 p7308 播种成功 ✓（p7308）
09-07 15:32:51 p7308 重放 member#3 登录点击 4 步…
09-07 15:32:52 p7660 检测到已登录 ✓
09-07 15:32:53 p15492 播种成功 ✓（p15492）
09-07 15:32:53 p15492 重放 member#4 登录点击 4 步…
09-07 15:32:56 p10308 登录点击重放完毕，等待进入场景…
09-07 15:32:58 p436 登录点击重放完毕，等待进入场景…
09-07 15:32:58 p10308 检测到已登录 ✓
09-07 15:32:58 p436 检测到已登录 ✓
09-07 15:32:59 p7308 登录点击重放完毕，等待进入场景…
09-07 15:33:00 p7308 检测到已登录 ✓
09-07 15:33:01 p15492 登录点击重放完毕，等待进入场景…
09-07 15:33:02 p15492 检测到已登录 ✓
09-07 15:33:22 [autoTeam] 阶段1: 5 人并行传送 大唐官府
09-07 15:33:31 p436 传送完成 ✓
09-07 15:33:31 p7308 传送完成 ✓
09-07 15:33:31 p7660 传送完成 ✓
09-07 15:33:31 p15492 传送完成 ✓
09-07 15:33:31 p10308 传送完成 ✓
09-07 15:33:31 [autoTeam] 阶段2: 队长走位[139,80]
09-07 15:33:31 [sat] 队长准备: 传送 大唐官府 + 走位 [139,80]
09-07 15:33:40 [sat] 队长当前位置: (2640.0, 1660.0)
09-07 15:33:40 [sat] 走位点击 (540,240)（偏差 140,-60）——途中不点组队图标
09-07 15:33:45 [sat] 走位点击 (420,291)（偏差 70,-30）——途中不点组队图标
09-07 15:33:50 [sat] 走位点击 (420,291)（偏差 35,-15）——途中不点组队图标
09-07 15:33:54 [sat] 到达验证: (2777.6603562473, 1601.0027044655)（目标 (2780.0, 1600.0)，±3 格容差）
09-07 15:33:54 [autoTeam] 阶段3: 建队
09-07 15:33:56 [sat] 建队第1次 脚底屏幕位 (418,292) → 身体点上移 45
09-07 15:33:59 [sat] 建队第1次 顶栏stats（应为 1）: ((1, 0, '二号美人'),)
09-07 15:34:00 [autoTeam] 阶段4: 4 名队员并行申请入队
09-07 15:34:00 [sat] p10308: 阶段1已传送，直接申请
09-07 15:34:00 [sat] p436: 阶段1已传送，直接申请
09-07 15:34:00 [sat] p7308: 阶段1已传送，直接申请
09-07 15:34:00 [sat] p15492: 阶段1已传送，直接申请
09-07 15:34:04 [sat] p10308: 已点队长身体 (537,241)（第1次申请）
09-07 15:34:04 [sat] p7308: 已点队长身体 (537,241)（第1次申请）
09-07 15:34:04 [sat] p436: 已点队长身体 (537,241)（第1次申请）
09-07 15:34:04 [sat] p15492: 已点队长身体 (537,241)（第1次申请）
09-07 15:34:14 [sat] p436: 已点队长身体 (537,241)（第2次申请）
09-07 15:34:14 [sat] p15492: 已点队长身体 (417,330)（第2次申请）
09-07 15:34:16 [sat] p7308: 已点队长身体 (537,241)（第2次申请）
09-07 15:34:16 [sat] p10308: 已点队长身体 (537,241)（第2次申请）
09-07 15:34:22 [sat] p15492: 申请轮次结束（是否入队由队长批准裁决）
09-07 15:34:22 [sat] p436: 申请轮次结束（是否入队由队长批准裁决）
09-07 15:34:23 [sat] p10308: 申请轮次结束（是否入队由队长批准裁决）
09-07 15:34:24 [sat] p7308: 申请轮次结束（是否入队由队长批准裁决）
09-07 15:34:24 [autoTeam] 阶段5: 队长批准申请
09-07 15:34:27 [sat] 当前成员数: 1（目标 5）
09-07 15:34:38 [sat] 当前成员数: 2（目标 5）
09-07 15:34:49 [sat] 当前成员数: 3（目标 5）
09-07 15:35:00 [sat] 当前成员数: 4（目标 5）
09-07 15:35:33 [sat] 当前成员数: 5（目标 5）
09-07 15:35:33 [autoTeam] 批准结束: 成员=5/目标=5
09-07 15:35:40 [sat] 阵法验证: 天覆阵/4
09-07 15:35:40 [autoTeam] 天覆阵完成 ✓
09-07 15:35:41 p7660 已拉起任务脚本（队长·二号美人 gw=file://pzxy_p7660）
09-07 15:35:41 p10308 已拉起任务脚本（队员·三号美人 gw=file://pzxy_p10308）
09-07 15:35:41 p436 已拉起任务脚本（队员·这是帅哥 gw=file://pzxy_p436）
09-07 15:35:41 p7308 已拉起任务脚本（队员·这是猛男 gw=file://pzxy_p7308）
09-07 15:35:42 p15492 已拉起任务脚本（队员·一号美人 gw=file://pzxy_p15492）
09-07 15:35:42 [autoTeam] 组队+任务脚本启动完成
09-07 15:35:42 [看门狗] 启动（目标 5 人，每 15s 判定）
09-07 15:37:47 [看门狗] 心跳: 5/5
09-07 15:39:51 [看门狗] 心跳: 5/5
09-07 15:41:56 [看门狗] 心跳: 5/5
09-07 15:43:58 [看门狗] 心跳: 5/5
09-07 15:46:03 [看门狗] 心跳: 5/5
09-07 15:48:06 [看门狗] 心跳: 5/5
09-07 15:50:10 [看门狗] 心跳: 5/5
09-07 15:52:15 [看门狗] 心跳: 5/5
09-07 15:54:17 [看门狗] 心跳: 5/5
09-07 15:56:22 [看门狗] 心跳: 5/5
09-07 15:58:25 [看门狗] 心跳: 5/5
09-07 16:00:29 [看门狗] 心跳: 5/5
09-07 16:02:33 [看门狗] 心跳: 5/5
09-07 16:04:36 [看门狗] 心跳: 5/5
09-07 16:06:40 [看门狗] 心跳: 5/5
09-07 16:08:43 [看门狗] 心跳: 5/5
09-07 16:10:48 [看门狗] 心跳: 5/5
09-07 16:12:52 [看门狗] 心跳: 5/5
09-07 16:14:55 [看门狗] 心跳: 5/5
09-07 16:16:57 [看门狗] 心跳: 5/5
09-07 16:19:00 [看门狗] 心跳: 5/5
09-07 16:21:06 [看门狗] 心跳: 5/5
09-07 16:23:10 [看门狗] 心跳: 5/5
09-07 16:25:14 [看门狗] 心跳: 5/5
09-07 16:27:18 [看门狗] 心跳: 5/5
09-07 16:29:22 [看门狗] 心跳: 5/5
09-07 16:31:28 [看门狗] 心跳: 5/5
09-07 16:33:32 [看门狗] 心跳: 5/5
09-07 16:35:36 [看门狗] 心跳: 5/5
09-07 16:37:40 [看门狗] 心跳: 5/5
09-07 16:39:42 [看门狗] 心跳: 5/5
09-07 16:41:47 [看门狗] 心跳: 5/5
09-07 16:43:52 [看门狗] 心跳: 5/5
09-07 16:45:57 [看门狗] 心跳: 5/5
09-07 16:47:59 [看门狗] 心跳: 5/5
09-07 16:50:03 [看门狗] 心跳: 5/5
09-07 16:52:05 [看门狗] 心跳: 5/5
09-07 16:54:10 [看门狗] 心跳: 5/5
09-07 16:56:15 [看门狗] 心跳: 5/5
09-07 16:58:18 [看门狗] 心跳: 5/5
09-07 17:00:23 [看门狗] 心跳: 5/5
09-07 17:02:28 [看门狗] 心跳: 5/5
09-07 17:04:32 [看门狗] 心跳: 5/5
09-07 17:06:38 [看门狗] 心跳: 5/5
09-07 17:08:43 [看门狗] 心跳: 5/5
09-07 17:10:45 [看门狗] 心跳: 5/5
09-07 17:12:48 [看门狗] 心跳: 5/5
09-07 17:14:50 [看门狗] 心跳: 5/5
09-07 17:16:54 [看门狗] 心跳: 5/5
09-07 17:18:58 [看门狗] 心跳: 5/5
09-07 17:21:10 [看门狗] 队伍数据连续读不到（408 轮），检查通道/面板
09-07 17:22:11 [看门狗] 队伍数据连续读不到（412 轮），检查通道/面板
09-07 17:23:11 [看门狗] 队伍数据连续读不到（416 轮），检查通道/面板
09-07 17:24:11 [看门狗] 队伍数据连续读不到（420 轮），检查通道/面板
09-07 17:24:50 p7660 掉线判定: 窗口/标题异常 → 重启闭环
09-07 17:24:50 p7660 已重启为新进程 PID=18284，等待登录界面…
09-07 17:25:19 squad_auto_team 日志已桥接到 GUI（组队内部步骤可见）
09-07 17:26:12 已启动队长进程 PID=3932，等待登录界面窗口…
09-07 17:26:14 p3932 检测到登录界面，开始播种…
09-07 17:26:18 已启动队员进程 PID=420，等待登录界面窗口…
09-07 17:26:20 p420 检测到登录界面，开始播种…
09-07 17:26:21 p3932 播种成功 ✓（p3932）
09-07 17:26:21 p3932 重放 leader#1 登录点击 4 步…
09-07 17:26:25 已启动队员进程 PID=7352，等待登录界面窗口…
09-07 17:26:26 p7352 检测到登录界面，开始播种…
09-07 17:26:27 p420 播种成功 ✓（p420）
09-07 17:26:27 p420 重放 member#1 登录点击 4 步…
09-07 17:26:27 p3932 登录点击重放完毕，等待进入场景…
09-07 17:26:28 已启动队员进程 PID=7448，等待登录界面窗口…
09-07 17:26:29 p3932 检测到已登录 ✓
09-07 17:26:29 p7448 检测到登录界面，开始播种…
09-07 17:26:32 p7352 播种成功 ✓（p7352）
09-07 17:26:32 p7352 重放 member#2 登录点击 4 步…
09-07 17:26:34 已启动队员进程 PID=2988，等待登录界面窗口…
09-07 17:26:35 p420 登录点击重放完毕，等待进入场景…
09-07 17:26:36 p7448 播种成功 ✓（p7448）
09-07 17:26:36 p7448 重放 member#3 登录点击 4 步…
09-07 17:26:36 p2988 检测到登录界面，开始播种…
09-07 17:26:37 p420 检测到已登录 ✓
09-07 17:26:40 p7352 登录点击重放完毕，等待进入场景…
09-07 17:26:41 p7352 检测到已登录 ✓
09-07 17:26:43 p2988 播种成功 ✓（p2988）
09-07 17:26:43 p2988 重放 member#4 登录点击 4 步…
09-07 17:26:44 p7448 登录点击重放完毕，等待进入场景…
09-07 17:26:45 p7448 检测到已登录 ✓
09-07 17:26:51 p2988 登录点击重放完毕，等待进入场景…
09-07 17:26:51 p2988 检测到已登录 ✓
09-07 17:45:40 [autoTeam] 阶段1: 5 人并行传送 大唐官府
09-07 17:45:49 p3932 传送完成 ✓
09-07 17:45:49 p7352 传送完成 ✓
09-07 17:45:49 p2988 传送完成 ✓
09-07 17:45:49 p7448 传送完成 ✓
09-07 17:45:50 p420 传送完成 ✓
09-07 17:45:50 [autoTeam] 阶段2: 队长走位[139,80]
09-07 17:45:50 [sat] 队长准备: 传送 大唐官府 + 走位 [139,80]
09-07 17:45:58 [sat] 队长当前位置: (2640.0, 1660.0)
09-07 17:45:58 [sat] 走位点击 (540,240)（偏差 140,-60）——途中不点组队图标
09-07 17:46:03 [sat] 走位点击 (420,291)（偏差 70,-30）——途中不点组队图标
09-07 17:46:08 [sat] 走位点击 (420,291)（偏差 35,-15）——途中不点组队图标
09-07 17:46:12 [sat] 到达验证: (2777.5041012755, 1601.0696708819)（目标 (2780.0, 1600.0)，±3 格容差）
09-07 17:46:12 [autoTeam] 阶段3: 建队
09-07 17:46:14 [sat] 建队第1次 脚底屏幕位 (418,292) → 身体点上移 40
09-07 17:46:17 [sat] 建队第1次 顶栏stats（应为 1）: ((1, 0, '二号美人'),)
09-07 17:46:17 [autoTeam] 阶段4: 4 名队员并行申请入队
09-07 17:46:17 [sat] p420: 阶段1已传送，直接申请
09-07 17:46:17 [sat] p7352: 阶段1已传送，直接申请
09-07 17:46:17 [sat] p7448: 阶段1已传送，直接申请
09-07 17:46:17 [sat] p2988: 阶段1已传送，直接申请
09-07 17:46:18 [sat] p420: 队长不在视野 (2777,1001)
09-07 17:46:21 [sat] p7448: 已点队长身体 (537,241)（第1次申请）
09-07 17:46:21 [sat] p2988: 已点队长身体 (537,241)（第1次申请）
09-07 17:46:21 [sat] p7352: 已点队长身体 (537,241)（第1次申请）
09-07 17:46:24 [sat] p420: 队长不在视野 (2777,1001)
09-07 17:46:30 [sat] p420: 申请轮次结束（是否入队由队长批准裁决）
09-07 17:46:32 [sat] p2988: 已点队长身体 (537,241)（第2次申请）
09-07 17:46:32 [sat] p7448: 已点队长身体 (537,241)（第2次申请）
09-07 17:46:33 [sat] p7352: 已点队长身体 (537,241)（第2次申请）
09-07 17:46:38 [sat] p2988: 申请轮次结束（是否入队由队长批准裁决）
09-07 17:46:39 [sat] p7352: 申请轮次结束（是否入队由队长批准裁决）
09-07 17:46:40 [sat] p7448: 申请轮次结束（是否入队由队长批准裁决）
09-07 17:46:40 [autoTeam] 阶段5: 队长批准申请
09-07 17:46:43 [sat] 当前成员数: 1（目标 5）
09-07 17:46:54 [sat] 当前成员数: 2（目标 5）
09-07 17:47:05 [sat] 当前成员数: 3（目标 5）
09-07 17:47:16 [sat] 当前成员数: 4（目标 5）
09-07 17:47:39 [sat] 当前成员数: 5（目标 5）
09-07 17:47:39 [autoTeam] 批准结束: 成员=5/目标=5
09-07 17:47:46 [sat] 阵法验证: 天覆阵/4
09-07 17:47:46 [autoTeam] 天覆阵完成 ✓
09-07 17:47:46 p3932 已拉起任务脚本（队长·二号美人 gw=file://pzxy_p3932）
09-07 17:47:46 p420 已拉起任务脚本（队员·三号美人 gw=file://pzxy_p420）
09-07 17:47:47 p7352 已拉起任务脚本（队员·这是帅哥 gw=file://pzxy_p7352）
09-07 17:47:47 p7448 已拉起任务脚本（队员·这是猛男 gw=file://pzxy_p7448）
09-07 17:47:47 p2988 已拉起任务脚本（队员·一号美人 gw=file://pzxy_p2988）
09-07 17:47:47 [autoTeam] 组队+任务脚本启动完成
09-07 17:47:47 [看门狗] 启动（目标 5 人，每 15s 判定）
09-07 17:47:48 已清理残留任务脚本（绑定死 PID 10308，系统 PID 8776）
09-07 17:47:48 已清理残留任务脚本（绑定死 PID 436，系统 PID 9840）
09-07 17:47:48 已清理残留任务脚本（绑定死 PID 7308，系统 PID 2512）
09-07 17:47:48 已清理残留任务脚本（绑定死 PID 15492，系统 PID 4564）
09-07 17:49:52 [看门狗] 心跳: 5/5
09-07 17:51:56 [看门狗] 心跳: 5/5
09-07 17:53:59 [看门狗] 心跳: 5/5
09-07 17:56:06 [看门狗] 心跳: 5/5
09-07 17:58:11 [看门狗] 心跳: 5/5
09-07 18:00:13 [看门狗] 心跳: 5/5
09-07 18:02:18 [看门狗] 心跳: 5/5
09-07 18:04:20 [看门狗] 心跳: 5/5
09-07 18:06:23 [看门狗] 心跳: 5/5
09-07 18:08:25 [看门狗] 心跳: 5/5
09-07 18:10:27 [看门狗] 心跳: 5/5
09-07 18:12:30 [看门狗] 心跳: 5/5
09-07 18:14:32 [看门狗] 心跳: 5/5
09-07 18:16:36 [看门狗] 心跳: 5/5
09-07 18:18:40 [看门狗] 心跳: 5/5
09-07 18:20:43 [看门狗] 心跳: 5/5
09-07 18:22:48 [看门狗] 心跳: 5/5
09-07 18:24:52 [看门狗] 心跳: 5/5
09-07 18:26:57 [看门狗] 心跳: 5/5
09-07 18:29:00 [看门狗] 心跳: 5/5
09-07 18:31:04 [看门狗] 心跳: 5/5
09-07 18:33:07 [看门狗] 心跳: 5/5
09-07 18:35:11 [看门狗] 心跳: 5/5
09-07 18:37:13 [看门狗] 心跳: 5/5
09-07 18:39:16 [看门狗] 心跳: 5/5
09-07 18:41:19 [看门狗] 心跳: 5/5
09-07 18:43:22 [看门狗] 心跳: 5/5
09-07 18:45:25 [看门狗] 心跳: 5/5
09-07 18:47:27 [看门狗] 心跳: 5/5
09-07 18:49:31 [看门狗] 心跳: 5/5
09-07 18:51:36 [看门狗] 心跳: 5/5
09-07 18:53:37 [看门狗] 心跳: 5/5
09-07 18:55:41 [看门狗] 心跳: 5/5
09-07 18:57:45 [看门狗] 心跳: 5/5
09-07 18:59:48 [看门狗] 心跳: 5/5
09-07 19:01:52 [看门狗] 心跳: 5/5
09-07 19:03:55 [看门狗] 心跳: 5/5
09-07 19:05:58 [看门狗] 心跳: 5/5
09-07 19:08:01 [看门狗] 心跳: 5/5
09-07 19:10:05 [看门狗] 心跳: 5/5
09-07 19:12:09 [看门狗] 心跳: 5/5
09-07 19:14:12 [看门狗] 心跳: 5/5
09-07 19:16:16 [看门狗] 心跳: 5/5
09-07 19:18:21 [看门狗] 心跳: 5/5
09-07 19:20:25 [看门狗] 心跳: 5/5
09-07 19:22:29 [看门狗] 心跳: 5/5
09-07 19:24:31 [看门狗] 心跳: 5/5
09-07 19:26:34 [看门狗] 心跳: 5/5
09-07 19:28:37 [看门狗] 心跳: 5/5
09-07 19:30:39 [看门狗] 心跳: 5/5
09-07 19:32:41 [看门狗] 心跳: 5/5
09-07 19:34:44 [看门狗] 心跳: 5/5
09-07 19:36:47 [看门狗] 心跳: 5/5
09-07 19:38:49 [看门狗] 心跳: 5/5
09-07 19:40:51 [看门狗] 心跳: 5/5
09-07 19:42:53 [看门狗] 心跳: 5/5
09-07 19:44:56 [看门狗] 心跳: 5/5
09-07 19:46:58 [看门狗] 心跳: 5/5
09-07 19:49:02 [看门狗] 心跳: 5/5
09-07 19:51:04 [看门狗] 心跳: 5/5
09-07 19:53:06 [看门狗] 心跳: 5/5
09-07 19:55:47 squad_auto_team 日志已桥接到 GUI（组队内部步骤可见）
09-07 19:56:01 已启动队长进程 PID=7484，等待登录界面窗口…
09-07 19:56:02 p7484 检测到登录界面，开始播种…
09-07 19:56:04 已启动队员进程 PID=12816，等待登录界面窗口…
09-07 19:56:05 p12816 检测到登录界面，开始播种…
09-07 19:56:06 已启动队员进程 PID=15276，等待登录界面窗口…
09-07 19:56:07 p15276 检测到登录界面，开始播种…
09-07 19:56:07 已启动队员进程 PID=1876，等待登录界面窗口…
09-07 19:56:08 p7484 播种成功 ✓（p7484）
09-07 19:56:08 p7484 重放 leader#1 登录点击 4 步…
09-07 19:56:09 已启动队员进程 PID=12480，等待登录界面窗口…
09-07 19:56:10 p1876 检测到登录界面，开始播种…
09-07 19:56:10 p12480 检测到登录界面，开始播种…
09-07 19:56:11 p12816 播种成功 ✓（p12816）
09-07 19:56:11 p12816 重放 member#1 登录点击 4 步…
09-07 19:56:14 p15276 播种成功 ✓（p15276）
09-07 19:56:14 p15276 重放 member#2 登录点击 4 步…
09-07 19:56:15 p7484 登录点击重放完毕，等待进入场景…
09-07 19:56:16 p1876 播种成功 ✓（p1876）
09-07 19:56:16 p1876 重放 member#3 登录点击 4 步…
09-07 19:56:17 p7484 检测到已登录 ✓
09-07 19:56:20 p12816 登录点击重放完毕，等待进入场景…
09-07 19:56:21 p12816 检测到已登录 ✓
09-07 19:56:22 p15276 登录点击重放完毕，等待进入场景…
09-07 19:56:23 p15276 检测到已登录 ✓
09-07 19:56:24 p1876 登录点击重放完毕，等待进入场景…
09-07 19:56:25 p1876 检测到已登录 ✓
09-07 19:57:08 已启动队员进程 PID=7468，等待登录界面窗口…
09-07 19:57:10 p7468 检测到登录界面，开始播种…
09-07 19:57:18 p7468 播种成功 ✓（p7468）
09-07 19:57:18 p7468 等待手动登录（member#5 无登录录制：选中该实例点【录制登录点击】后手动登录一次即可）
09-07 19:57:55 squad_auto_team 日志已桥接到 GUI（组队内部步骤可见）
09-07 19:58:15 已启动队长进程 PID=15840，等待登录界面窗口…
09-07 19:58:16 p15840 检测到登录界面，开始播种…
09-07 19:58:22 p15840 播种成功 ✓（p15840）
09-07 19:58:22 p15840 重放 leader#1 登录点击 4 步…
09-07 19:58:22 已启动队员进程 PID=17556，等待登录界面窗口…
09-07 19:58:24 已启动队员进程 PID=12300，等待登录界面窗口…
09-07 19:58:24 p17556 检测到登录界面，开始播种…
09-07 19:58:26 p12300 检测到登录界面，开始播种…
09-07 19:58:29 p15840 登录点击重放完毕，等待进入场景…
09-07 19:58:30 已启动队员进程 PID=13564，等待登录界面窗口…
09-07 19:58:31 p17556 播种成功 ✓（p17556）
09-07 19:58:31 p17556 重放 member#1 登录点击 4 步…
09-07 19:58:31 p15840 检测到已登录 ✓
09-07 19:58:32 p13564 检测到登录界面，开始播种…
09-07 19:58:33 p12300 播种成功 ✓（p12300）
09-07 19:58:33 p12300 重放 member#2 登录点击 4 步…
09-07 19:58:33 已启动队员进程 PID=2904，等待登录界面窗口…
09-07 19:58:35 p2904 检测到登录界面，开始播种…
09-07 19:58:38 p13564 播种成功 ✓（p13564）
09-07 19:58:38 p13564 重放 member#3 登录点击 4 步…
09-07 19:58:40 p17556 登录点击重放完毕，等待进入场景…
09-07 19:58:41 p12300 登录点击重放完毕，等待进入场景…
09-07 19:58:41 p17556 检测到已登录 ✓
09-07 19:58:43 p12300 检测到已登录 ✓
09-07 19:58:45 p2904 播种成功 ✓（p2904）
09-07 19:58:45 p2904 重放 member#4 登录点击 4 步…
09-07 19:58:46 p13564 登录点击重放完毕，等待进入场景…
09-07 19:58:47 p13564 检测到已登录 ✓
09-07 19:58:53 p2904 登录点击重放完毕，等待进入场景…
09-07 19:58:55 p2904 检测到已登录 ✓
09-07 19:59:07 [autoTeam] 阶段1: 5 人并行传送 大唐官府
09-07 19:59:15 p12300 传送完成 ✓
09-07 19:59:15 p2904 传送完成 ✓
09-07 19:59:15 p17556 传送完成 ✓
09-07 19:59:15 p13564 传送完成 ✓
09-07 19:59:16 p15840 传送完成 ✓
09-07 19:59:16 [autoTeam] 阶段2: 队长走位[139,80]
09-07 19:59:16 [sat] 队长准备: 传送 大唐官府 + 走位 [139,80]
09-07 19:59:24 [sat] 队长当前位置: (2640.0, 1660.0)
09-07 19:59:24 [sat] 走位点击 (540,240)（偏差 140,-60）——途中不点组队图标
09-07 19:59:29 [sat] 走位点击 (540,240)（偏差 70,-30）——途中不点组队图标
09-07 19:59:34 [sat] 走位点击 (420,291)（偏差 35,-15）——途中不点组队图标
09-07 19:59:38 [sat] 到达验证: (2777.5041018576, 1601.0696706325)（目标 (2780.0, 1600.0)，±3 格容差）
09-07 19:59:38 [autoTeam] 阶段3: 建队
09-07 19:59:40 [sat] 建队第1次 脚底屏幕位 (418,292) → 身体点上移 40
09-07 19:59:43 [sat] 建队第1次 顶栏stats（应为 1）: ((1, 0, '二号美人'),)
09-07 19:59:43 [autoTeam] 阶段4: 4 名队员并行申请入队
09-07 19:59:43 [sat] p17556: 阶段1已传送，直接申请
09-07 19:59:43 [sat] p12300: 阶段1已传送，直接申请
09-07 19:59:43 [sat] p13564: 阶段1已传送，直接申请
09-07 19:59:43 [sat] p2904: 阶段1已传送，直接申请
09-07 19:59:47 [sat] p2904: 已点队长身体 (537,241)（第1次申请）
09-07 19:59:47 [sat] p12300: 已点队长身体 (537,241)（第1次申请）
09-07 19:59:48 [sat] p13564: 已点队长身体 (537,241)（第1次申请）
09-07 19:59:48 [sat] p17556: 已点队长身体 (537,241)（第1次申请）
09-07 19:59:57 [sat] p12300: 已点队长身体 (537,241)（第2次申请）
09-07 19:59:57 [sat] p13564: 已点队长身体 (537,241)（第2次申请）
09-07 19:59:58 [sat] p17556: 已点队长身体 (537,241)（第2次申请）
09-07 19:59:58 [sat] p2904: 已点队长身体 (537,241)（第2次申请）
09-07 20:00:04 [sat] p13564: 申请轮次结束（是否入队由队长批准裁决）
09-07 20:00:04 [sat] p12300: 申请轮次结束（是否入队由队长批准裁决）
09-07 20:00:06 [sat] p17556: 申请轮次结束（是否入队由队长批准裁决）
09-07 20:00:06 [sat] p2904: 申请轮次结束（是否入队由队长批准裁决）
09-07 20:00:06 [autoTeam] 阶段5: 队长批准申请
09-07 20:00:09 [sat] 当前成员数: 1（目标 5）
09-07 20:00:20 [sat] 当前成员数: 2（目标 5）
09-07 20:00:31 [sat] 当前成员数: 3（目标 5）
09-07 20:00:42 [sat] 当前成员数: 4（目标 5）
09-07 20:00:53 [sat] 当前成员数: 5（目标 5）
09-07 20:00:53 [autoTeam] 批准结束: 成员=5/目标=5
09-07 20:01:01 [sat] 阵法验证: 天覆阵/4
09-07 20:01:01 [autoTeam] 天覆阵完成 ✓
09-07 20:01:01 p15840 已拉起任务脚本（队长·二号美人 gw=file://pzxy_p15840）
09-07 20:01:01 p17556 已拉起任务脚本（队员·三号美人 gw=file://pzxy_p17556）
09-07 20:01:02 p12300 已拉起任务脚本（队员·这是帅哥 gw=file://pzxy_p12300）
09-07 20:01:02 p13564 已拉起任务脚本（队员·这是猛男 gw=file://pzxy_p13564）
09-07 20:01:02 p2904 已拉起任务脚本（队员·一号美人 gw=file://pzxy_p2904）
09-07 20:01:02 [autoTeam] 组队+任务脚本启动完成
09-07 20:01:02 [看门狗] 启动（目标 5 人，每 15s 判定）
09-07 20:01:02 已清理残留任务脚本（绑定死 PID 3932，系统 PID 18388）
09-07 20:01:03 已清理残留任务脚本（绑定死 PID 420，系统 PID 11872）
09-07 20:01:03 已清理残留任务脚本（绑定死 PID 7352，系统 PID 2028）
09-07 20:01:03 已清理残留任务脚本（绑定死 PID 7448，系统 PID 13404）
09-07 20:01:03 已清理残留任务脚本（绑定死 PID 2988，系统 PID 7720）
09-07 20:03:08 [看门狗] 心跳: 5/5
09-07 20:05:13 [看门狗] 心跳: 5/5
09-07 20:07:17 [看门狗] 心跳: 5/5
09-07 20:09:21 [看门狗] 心跳: 5/5
09-07 20:11:24 [看门狗] 心跳: 5/5
09-07 20:13:26 [看门狗] 心跳: 5/5
09-07 20:15:29 [看门狗] 心跳: 5/5
09-07 20:17:32 [看门狗] 心跳: 5/5
09-07 20:19:37 [看门狗] 心跳: 5/5
09-07 20:21:40 [看门狗] 心跳: 5/5
09-07 20:23:42 [看门狗] 心跳: 5/5
09-07 20:25:44 [看门狗] 心跳: 5/5
09-07 20:27:48 [看门狗] 心跳: 5/5
09-07 20:29:53 [看门狗] 心跳: 5/5
09-07 20:31:57 [看门狗] 心跳: 5/5
09-07 20:34:03 [看门狗] 心跳: 5/5
09-07 20:36:09 [看门狗] 心跳: 5/5
09-07 20:38:15 [看门狗] 心跳: 5/5
09-07 20:40:20 [看门狗] 心跳: 5/5
09-07 20:42:24 [看门狗] 心跳: 5/5
09-07 20:44:28 [看门狗] 心跳: 5/5
09-07 20:46:32 [看门狗] 心跳: 5/5
09-07 20:48:38 [看门狗] 心跳: 5/5
09-07 20:50:40 [看门狗] 心跳: 5/5
09-07 20:52:43 [看门狗] 心跳: 5/5
09-07 20:54:48 [看门狗] 心跳: 5/5
09-07 20:56:53 [看门狗] 心跳: 5/5
09-07 20:58:55 [看门狗] 心跳: 5/5
09-07 21:01:00 [看门狗] 心跳: 5/5
09-07 21:03:04 [看门狗] 心跳: 5/5
09-07 21:05:06 [看门狗] 心跳: 5/5
09-07 21:07:12 [看门狗] 心跳: 5/5
09-07 21:09:15 [看门狗] 心跳: 5/5
09-07 21:11:18 [看门狗] 心跳: 5/5
09-07 21:13:22 [看门狗] 心跳: 5/5
09-07 21:15:26 [看门狗] 心跳: 5/5
09-07 21:17:31 [看门狗] 心跳: 5/5
09-07 21:19:34 [看门狗] 心跳: 5/5
09-07 21:21:39 [看门狗] 心跳: 5/5
09-07 21:23:42 [看门狗] 心跳: 5/5
09-07 21:25:44 [看门狗] 心跳: 5/5
09-07 21:27:48 [看门狗] 心跳: 5/5
09-07 21:29:52 [看门狗] 心跳: 5/5
09-07 21:31:56 [看门狗] 心跳: 5/5
09-07 21:33:59 [看门狗] 心跳: 5/5
09-07 21:36:03 [看门狗] 心跳: 5/5
09-07 21:38:07 [看门狗] 心跳: 5/5
09-07 21:40:10 [看门狗] 心跳: 5/5
09-07 21:42:12 [看门狗] 心跳: 5/5
09-07 21:44:15 [看门狗] 心跳: 5/5
09-07 21:46:00 p15840 掉线判定: 窗口/标题异常 → 重启闭环
09-07 21:46:00 p15840 已重启为新进程 PID=12924，等待登录界面…
09-07 21:46:01 p12924 检测到登录界面，开始播种…
09-07 21:46:08 p12924 播种成功 ✓（p12924）
09-07 21:46:08 p12924 重放 leader#1 登录点击 4 步…
09-07 21:46:08 p15840 → 新 PID=12924 播种/登录流程接管完成
09-07 21:46:12 [看门狗] 队长 PID 变更 15840 → 12924，跟随新通道
09-07 21:46:14 p12924 登录点击重放完毕，等待进入场景…
09-07 21:46:16 p12924 检测到已登录 ✓
09-07 21:46:16 [sat] 队长准备: 传送 大唐官府 + 走位 [139,80]
09-07 21:46:25 [sat] 队长当前位置: (2640.0, 1660.0)
09-07 21:46:25 [sat] 走位点击 (540,240)（偏差 140,-60）——途中不点组队图标
09-07 21:46:30 [sat] 走位点击 (419,291)（偏差 70,-30）——途中不点组队图标
09-07 21:46:35 [sat] 走位点击 (419,291)（偏差 35,-15）——途中不点组队图标
09-07 21:46:39 [sat] 到达验证: (2778.1291211626, 1600.801805216)（目标 (2780.0, 1600.0)，±3 格容差）
09-07 21:46:41 p12924 已拉起任务脚本（队长·二号美人 gw=file://pzxy_p12924）
09-07 21:46:44 [看门狗] 检测到缺员 0/5 → 打断抓鬼，启动补组队
09-07 21:46:44 已打断 p12924 任务脚本（系统 PID 10488）
09-07 21:46:44 [sat] 队长准备: 传送 大唐官府 + 走位 [139,80]
09-07 21:46:52 [sat] 队长当前位置: (2640.0, 1660.0)
09-07 21:46:52 [sat] 走位点击 (540,240)（偏差 140,-60）——途中不点组队图标
09-07 21:46:57 [sat] 走位点击 (419,291)（偏差 70,-30）——途中不点组队图标
09-07 21:47:02 [sat] 走位点击 (419,291)（偏差 35,-15）——途中不点组队图标
09-07 21:47:06 [sat] 到达验证: (2778.2853755522, 1600.734839049)（目标 (2780.0, 1600.0)，±3 格容差）
09-07 21:47:06 [看门狗] 队伍已散（0 人）→ 重新建队
09-07 21:47:08 [sat] 建队第1次 脚底屏幕位 (417,292) → 身体点上移 40
09-07 21:47:11 [sat] 建队第1次 顶栏stats（应为 1）: ((1, 0, '二号美人'),)
09-07 21:47:12 [看门狗] 4 名在线队员并行申请归队
09-07 21:47:12 [sat] p17556: 阶段1已传送，直接申请
09-07 21:47:12 [sat] p12300: 阶段1已传送，直接申请
09-07 21:47:12 [sat] p13564: 阶段1已传送，直接申请
09-07 21:47:12 [sat] p2904: 阶段1已传送，直接申请
09-07 21:47:13 [sat] p17556: 队长不在视野 (2058,940)
09-07 21:47:13 [sat] p2904: 队长不在视野 (2058,940)
09-07 21:47:13 [sat] p12300: 队长不在视野 (2058,940)
09-07 21:47:13 [sat] p13564: 队长不在视野 (2058,940)
09-07 21:47:19 [sat] p17556: 队长不在视野 (2058,940)
09-07 21:47:19 [sat] p2904: 队长不在视野 (2058,940)
09-07 21:47:19 [sat] p12300: 队长不在视野 (2058,940)
09-07 21:47:19 [sat] p13564: 队长不在视野 (2058,940)
09-07 21:47:25 [sat] p17556: 申请轮次结束（是否入队由队长批准裁决）
09-07 21:47:25 [sat] p2904: 申请轮次结束（是否入队由队长批准裁决）
09-07 21:47:25 [sat] p12300: 申请轮次结束（是否入队由队长批准裁决）
09-07 21:47:25 [sat] p13564: 申请轮次结束（是否入队由队长批准裁决）
09-07 21:47:28 [sat] 当前成员数: 1（目标 5）
09-07 21:48:32 [看门狗] 心跳: 1/5
09-07 21:50:34 [看门狗] 心跳: 1/5
09-07 21:52:37 [看门狗] 心跳: 1/5
09-07 21:54:30 [看门狗] 补组批准结束: 1/5
09-07 21:54:30 [看门狗] 仍未满员，掉线队员回来后继续下一轮
09-07 21:54:40 [看门狗] 心跳: 1/5
09-07 21:54:40 [sat] 队长准备: 传送 大唐官府 + 走位 [139,80]
09-07 21:54:48 [sat] 队长当前位置: (2640.0, 1660.0)
09-07 21:54:49 [sat] 走位点击 (540,240)（偏差 140,-60）——途中不点组队图标
09-07 21:54:53 [sat] 走位点击 (540,240)（偏差 70,-30）——途中不点组队图标
09-07 21:54:58 [sat] 走位点击 (540,240)（偏差 35,-15）——途中不点组队图标
09-07 21:55:02 [sat] 到达验证: (2640.0, 1660.0)（目标 (2780.0, 1600.0)，±3 格容差）
09-07 21:55:02 [sat] [fail] 队长未到达 [139,80] 附近（±3 格）
09-07 21:55:03 [看门狗] 队伍已散（1 人）→ 重新建队
09-07 21:55:03 [sat] 建队第1次 偏离锚点(现(2640.0, 1660.0))，点击走回 (538,240)
09-07 21:55:07 [sat] 建队第1次 偏离锚点(现(2640.0, 1660.0))，点击走回 (538,240)
09-07 21:55:12 [sat] 建队第1次 脚底屏幕位 (400,300) → 身体点上移 40
09-07 21:55:16 [sat] 建队第1次 顶栏stats（应为 1）: ((1, 0, '二号美人'),)
09-07 21:55:17 [看门狗] 4 名在线队员并行申请归队
09-07 21:55:17 [sat] p17556: 阶段1已传送，直接申请
09-07 21:55:17 [sat] p12300: 阶段1已传送，直接申请
09-07 21:55:17 [sat] p13564: 阶段1已传送，直接申请
09-07 21:55:17 [sat] p2904: 阶段1已传送，直接申请
09-07 21:55:18 [sat] p17556: 队长不在视野 (2058,940)
09-07 21:55:18 [sat] p13564: 队长不在视野 (2058,940)
09-07 21:55:18 [sat] p12300: 队长不在视野 (2058,940)
09-07 21:55:18 [sat] p2904: 队长不在视野 (2058,940)
09-07 21:55:24 [sat] p17556: 队长不在视野 (2058,940)
09-07 21:55:24 [sat] p13564: 队长不在视野 (2058,940)
09-07 21:55:24 [sat] p12300: 队长不在视野 (2058,940)
09-07 21:55:24 [sat] p2904: 队长不在视野 (2058,940)
09-07 21:55:30 [sat] p17556: 申请轮次结束（是否入队由队长批准裁决）
09-07 21:55:30 [sat] p13564: 申请轮次结束（是否入队由队长批准裁决）
09-07 21:55:30 [sat] p12300: 申请轮次结束（是否入队由队长批准裁决）
09-07 21:55:30 [sat] p2904: 申请轮次结束（是否入队由队长批准裁决）
09-07 21:55:32 [sat] 当前成员数: 1（目标 5）
09-07 21:56:42 [看门狗] 心跳: 1/5
09-07 21:58:45 [看门狗] 心跳: 1/5
09-07 22:00:47 [看门狗] 心跳: 1/5
09-07 22:02:38 [看门狗] 补组批准结束: 1/5
09-07 22:02:39 [看门狗] 仍未满员，掉线队员回来后继续下一轮
09-07 22:02:50 [看门狗] 心跳: 1/5
09-07 22:02:50 [sat] 队长准备: 传送 大唐官府 + 走位 [139,80]
09-07 22:02:58 [sat] 队长当前位置: (2640.0, 1660.0)
09-07 22:02:58 [sat] 走位点击 (540,240)（偏差 140,-60）——途中不点组队图标
09-07 22:03:03 [sat] 走位点击 (540,240)（偏差 70,-30）——途中不点组队图标
09-07 22:03:08 [sat] 走位点击 (540,240)（偏差 35,-15）——途中不点组队图标
09-07 22:03:12 [sat] 到达验证: (2640.0, 1660.0)（目标 (2780.0, 1600.0)，±3 格容差）
09-07 22:03:12 [sat] [fail] 队长未到达 [139,80] 附近（±3 格）
09-07 22:03:12 [看门狗] 队伍已散（1 人）→ 重新建队
09-07 22:03:13 [sat] 建队第1次 偏离锚点(现(2640.0, 1660.0))，点击走回 (538,240)
09-07 22:03:17 [sat] 建队第1次 偏离锚点(现(2640.0, 1660.0))，点击走回 (538,240)
09-07 22:03:22 [sat] 建队第1次 脚底屏幕位 (400,300) → 身体点上移 40
09-07 22:03:26 [sat] 建队第1次 顶栏stats（应为 1）: ((1, 0, '二号美人'),)
09-07 22:03:27 [看门狗] 4 名在线队员并行申请归队
09-07 22:03:27 [sat] p17556: 阶段1已传送，直接申请
09-07 22:03:27 [sat] p12300: 阶段1已传送，直接申请
09-07 22:03:27 [sat] p13564: 阶段1已传送，直接申请
09-07 22:03:27 [sat] p2904: 阶段1已传送，直接申请
09-07 22:03:28 [sat] p17556: 队长不在视野 (2058,940)
09-07 22:03:28 [sat] p2904: 队长不在视野 (2058,940)
09-07 22:03:28 [sat] p12300: 队长不在视野 (2058,940)
09-07 22:03:28 [sat] p13564: 队长不在视野 (2058,940)
09-07 22:03:34 [sat] p17556: 队长不在视野 (2058,940)
09-07 22:03:34 [sat] p2904: 队长不在视野 (2058,940)
09-07 22:03:34 [sat] p12300: 队长不在视野 (2058,940)
09-07 22:03:34 [sat] p13564: 队长不在视野 (2058,940)
09-07 22:03:40 [sat] p17556: 申请轮次结束（是否入队由队长批准裁决）
09-07 22:03:40 [sat] p2904: 申请轮次结束（是否入队由队长批准裁决）
09-07 22:03:40 [sat] p12300: 申请轮次结束（是否入队由队长批准裁决）
09-07 22:03:40 [sat] p13564: 申请轮次结束（是否入队由队长批准裁决）
09-07 22:03:43 [sat] 当前成员数: 1（目标 5）
09-07 22:04:52 [看门狗] 心跳: 1/5
09-07 22:06:55 [看门狗] 心跳: 1/5
09-07 22:08:57 [看门狗] 心跳: 1/5
09-07 22:10:47 [看门狗] 补组批准结束: 1/5
09-07 22:10:47 [看门狗] 仍未满员，掉线队员回来后继续下一轮
09-07 22:11:00 [看门狗] 心跳: 1/5
09-07 22:11:00 [sat] 队长准备: 传送 大唐官府 + 走位 [139,80]
09-07 22:11:08 [sat] 队长当前位置: (2640.0, 1660.0)
09-07 22:11:08 [sat] 走位点击 (540,240)（偏差 140,-60）——途中不点组队图标
09-07 22:11:13 [sat] 走位点击 (540,240)（偏差 70,-30）——途中不点组队图标
09-07 22:11:18 [sat] 走位点击 (540,240)（偏差 35,-15）——途中不点组队图标
09-07 22:11:22 [sat] 到达验证: (2640.0, 1660.0)（目标 (2780.0, 1600.0)，±3 格容差）
09-07 22:11:22 [sat] [fail] 队长未到达 [139,80] 附近（±3 格）
09-07 22:11:22 [看门狗] 队伍已散（1 人）→ 重新建队
09-07 22:11:23 [sat] 建队第1次 偏离锚点(现(2640.0, 1660.0))，点击走回 (538,240)
09-07 22:11:27 [sat] 建队第1次 偏离锚点(现(2640.0, 1660.0))，点击走回 (538,240)
09-07 22:11:32 [sat] 建队第1次 脚底屏幕位 (400,300) → 身体点上移 40
09-07 22:11:35 [sat] 建队第1次 顶栏stats（应为 1）: ((1, 0, '二号美人'),)
09-07 22:11:37 [看门狗] 4 名在线队员并行申请归队
09-07 22:11:37 [sat] p17556: 阶段1已传送，直接申请
09-07 22:11:37 [sat] p12300: 阶段1已传送，直接申请
09-07 22:11:37 [sat] p13564: 阶段1已传送，直接申请
09-07 22:11:37 [sat] p2904: 阶段1已传送，直接申请
09-07 22:11:37 [sat] p17556: 队长不在视野 (2058,940)
09-07 22:11:37 [sat] p2904: 队长不在视野 (2058,940)
09-07 22:11:37 [sat] p13564: 队长不在视野 (2058,940)
09-07 22:11:38 [sat] p12300: 队长不在视野 (2058,940)
09-07 22:11:43 [sat] p17556: 队长不在视野 (2058,940)
09-07 22:11:43 [sat] p2904: 队长不在视野 (2058,940)
09-07 22:11:44 [sat] p13564: 队长不在视野 (2058,940)
09-07 22:11:44 [sat] p12300: 队长不在视野 (2058,940)
09-07 22:11:49 [sat] p17556: 申请轮次结束（是否入队由队长批准裁决）
09-07 22:11:49 [sat] p2904: 申请轮次结束（是否入队由队长批准裁决）
09-07 22:11:50 [sat] p13564: 申请轮次结束（是否入队由队长批准裁决）
09-07 22:11:50 [sat] p12300: 申请轮次结束（是否入队由队长批准裁决）
09-07 22:11:52 [sat] 当前成员数: 1（目标 5）
09-07 22:13:02 [看门狗] 心跳: 1/5
09-07 22:15:05 [看门狗] 心跳: 1/5
09-07 22:17:07 [看门狗] 心跳: 1/5
09-07 22:18:56 [看门狗] 补组批准结束: 1/5
09-07 22:18:56 [看门狗] 仍未满员，掉线队员回来后继续下一轮
09-07 22:19:10 [看门狗] 心跳: 1/5
09-07 22:19:10 [sat] 队长准备: 传送 大唐官府 + 走位 [139,80]
09-07 22:19:18 [sat] 队长当前位置: (2640.0, 1660.0)
09-07 22:19:18 [sat] 走位点击 (540,240)（偏差 140,-60）——途中不点组队图标
09-07 22:19:23 [sat] 走位点击 (540,240)（偏差 70,-30）——途中不点组队图标
09-07 22:19:27 [sat] 走位点击 (540,240)（偏差 35,-15）——途中不点组队图标
09-07 22:19:32 [sat] 到达验证: (2640.0, 1660.0)（目标 (2780.0, 1600.0)，±3 格容差）
09-07 22:19:32 [sat] [fail] 队长未到达 [139,80] 附近（±3 格）
09-07 22:19:32 [看门狗] 队伍已散（1 人）→ 重新建队
09-07 22:19:33 [sat] 建队第1次 偏离锚点(现(2640.0, 1660.0))，点击走回 (538,240)
09-07 22:19:37 [sat] 建队第1次 偏离锚点(现(2640.0, 1660.0))，点击走回 (538,240)
09-07 22:19:42 [sat] 建队第1次 脚底屏幕位 (400,300) → 身体点上移 40
09-07 22:19:46 [sat] 建队第1次 顶栏stats（应为 1）: ((1, 0, '二号美人'),)
09-07 22:19:47 [看门狗] 4 名在线队员并行申请归队
09-07 22:19:47 [sat] p17556: 阶段1已传送，直接申请
09-07 22:19:47 [sat] p12300: 阶段1已传送，直接申请
09-07 22:19:47 [sat] p13564: 阶段1已传送，直接申请
09-07 22:19:47 [sat] p2904: 阶段1已传送，直接申请
09-07 22:19:47 [sat] p12300: 队长不在视野 (2058,940)
09-07 22:19:47 [sat] p13564: 队长不在视野 (2058,940)
09-07 22:19:47 [sat] p2904: 队长不在视野 (2058,940)
09-07 22:19:48 [sat] p17556: 队长不在视野 (2058,940)
09-07 22:19:53 [sat] p12300: 队长不在视野 (2058,940)
09-07 22:19:53 [sat] p13564: 队长不在视野 (2058,940)
09-07 22:19:54 [sat] p2904: 队长不在视野 (2058,940)
09-07 22:19:54 [sat] p17556: 队长不在视野 (2058,940)
09-07 22:19:59 [sat] p12300: 申请轮次结束（是否入队由队长批准裁决）
09-07 22:19:59 [sat] p13564: 申请轮次结束（是否入队由队长批准裁决）
09-07 22:20:00 [sat] p2904: 申请轮次结束（是否入队由队长批准裁决）
09-07 22:20:00 [sat] p17556: 申请轮次结束（是否入队由队长批准裁决）
09-07 22:20:02 [sat] 当前成员数: 1（目标 5）
09-07 22:21:12 [看门狗] 心跳: 1/5
09-07 22:23:15 [看门狗] 心跳: 1/5
09-07 22:25:17 [看门狗] 心跳: 1/5
09-07 22:27:06 [看门狗] 补组批准结束: 1/5
09-07 22:27:06 [看门狗] 仍未满员，掉线队员回来后继续下一轮
09-07 22:27:20 [看门狗] 心跳: 1/5
09-07 22:27:20 [sat] 队长准备: 传送 大唐官府 + 走位 [139,80]
09-07 22:27:28 [sat] 队长当前位置: (2640.0, 1660.0)
09-07 22:27:28 [sat] 走位点击 (540,240)（偏差 140,-60）——途中不点组队图标
09-07 22:27:33 [sat] 走位点击 (540,240)（偏差 70,-30）——途中不点组队图标
09-07 22:27:37 [sat] 走位点击 (540,240)（偏差 35,-15）——途中不点组队图标
09-07 22:27:42 [sat] 到达验证: (2640.0, 1660.0)（目标 (2780.0, 1600.0)，±3 格容差）
09-07 22:27:42 [sat] [fail] 队长未到达 [139,80] 附近（±3 格）
09-07 22:27:42 [看门狗] 队伍已散（1 人）→ 重新建队
09-07 22:27:43 [sat] 建队第1次 偏离锚点(现(2640.0, 1660.0))，点击走回 (538,240)
09-07 22:27:47 [sat] 建队第1次 偏离锚点(现(2640.0, 1660.0))，点击走回 (538,240)
09-07 22:27:52 [sat] 建队第1次 脚底屏幕位 (400,300) → 身体点上移 40
09-07 22:27:55 [sat] 建队第1次 顶栏stats（应为 1）: ((1, 0, '二号美人'),)
09-07 22:27:56 [看门狗] 4 名在线队员并行申请归队
09-07 22:27:56 [sat] p17556: 阶段1已传送，直接申请
09-07 22:27:56 [sat] p12300: 阶段1已传送，直接申请
09-07 22:27:56 [sat] p13564: 阶段1已传送，直接申请
09-07 22:27:56 [sat] p2904: 阶段1已传送，直接申请
09-07 22:27:56 [sat] p17556: 队长不在视野 (2058,940)
09-07 22:27:57 [sat] p12300: 队长不在视野 (2058,940)
09-07 22:27:57 [sat] p2904: 队长不在视野 (2058,940)
09-07 22:27:57 [sat] p13564: 队长不在视野 (2058,940)
09-07 22:28:03 [sat] p17556: 队长不在视野 (2058,940)
09-07 22:28:03 [sat] p12300: 队长不在视野 (2058,940)
09-07 22:28:03 [sat] p2904: 队长不在视野 (2058,940)
09-07 22:28:03 [sat] p13564: 队长不在视野 (2058,940)
09-07 22:28:09 [sat] p17556: 申请轮次结束（是否入队由队长批准裁决）
09-07 22:28:09 [sat] p12300: 申请轮次结束（是否入队由队长批准裁决）
09-07 22:28:09 [sat] p2904: 申请轮次结束（是否入队由队长批准裁决）
09-07 22:28:09 [sat] p13564: 申请轮次结束（是否入队由队长批准裁决）
09-07 22:28:11 [sat] 当前成员数: 1（目标 5）
09-07 22:29:22 [看门狗] 心跳: 1/5
09-07 22:31:25 [看门狗] 心跳: 1/5
09-07 22:33:27 [看门狗] 心跳: 1/5
09-07 22:35:22 [看门狗] 补组批准结束: 1/5
09-07 22:35:23 [看门狗] 仍未满员，掉线队员回来后继续下一轮
09-07 22:35:30 [看门狗] 心跳: 1/5
09-07 22:35:30 [sat] 队长准备: 传送 大唐官府 + 走位 [139,80]
09-07 22:35:38 [sat] 队长当前位置: (2640.0, 1660.0)
09-07 22:35:39 [sat] 走位点击 (540,240)（偏差 140,-60）——途中不点组队图标
09-07 22:35:43 [sat] 走位点击 (540,240)（偏差 70,-30）——途中不点组队图标
09-07 22:35:48 [sat] 走位点击 (540,240)（偏差 35,-15）——途中不点组队图标
09-07 22:35:52 [sat] 到达验证: (2640.0, 1660.0)（目标 (2780.0, 1600.0)，±3 格容差）
09-07 22:35:52 [sat] [fail] 队长未到达 [139,80] 附近（±3 格）
09-07 22:35:53 [看门狗] 队伍已散（1 人）→ 重新建队
09-07 22:35:53 [sat] 建队第1次 偏离锚点(现(2640.0, 1660.0))，点击走回 (538,240)
09-07 22:35:57 [sat] 建队第1次 偏离锚点(现(2640.0, 1660.0))，点击走回 (538,240)
09-07 22:36:03 [sat] 建队第1次 脚底屏幕位 (400,300) → 身体点上移 40
09-07 22:36:06 [sat] 建队第1次 顶栏stats（应为 1）: ((1, 0, '二号美人'),)
09-07 22:36:07 [看门狗] 4 名在线队员并行申请归队
09-07 22:36:07 [sat] p17556: 阶段1已传送，直接申请
09-07 22:36:07 [sat] p12300: 阶段1已传送，直接申请
09-07 22:36:07 [sat] p13564: 阶段1已传送，直接申请
09-07 22:36:07 [sat] p2904: 阶段1已传送，直接申请
09-07 22:36:08 [sat] p12300: 队长不在视野 (2058,940)
09-07 22:36:08 [sat] p17556: 队长不在视野 (2058,940)
09-07 22:36:08 [sat] p2904: 队长不在视野 (2058,940)
09-07 22:36:08 [sat] p13564: 队长不在视野 (2058,940)
09-07 22:36:14 [sat] p12300: 队长不在视野 (2058,940)
09-07 22:36:14 [sat] p17556: 队长不在视野 (2058,940)
09-07 22:36:14 [sat] p2904: 队长不在视野 (2058,940)
09-07 22:36:14 [sat] p13564: 队长不在视野 (2058,940)
09-07 22:36:20 [sat] p12300: 申请轮次结束（是否入队由队长批准裁决）
09-07 22:36:20 [sat] p17556: 申请轮次结束（是否入队由队长批准裁决）
09-07 22:36:20 [sat] p2904: 申请轮次结束（是否入队由队长批准裁决）
09-07 22:36:20 [sat] p13564: 申请轮次结束（是否入队由队长批准裁决）
09-07 22:36:23 [sat] 当前成员数: 1（目标 5）
09-07 22:37:32 [看门狗] 心跳: 1/5
09-07 22:41:27 squad_auto_team 日志已桥接到 GUI（组队内部步骤可见）
09-07 22:41:30 已启动队长进程 PID=14508，等待登录界面窗口…
09-07 22:41:31 已启动队员进程 PID=2136，等待登录界面窗口…
09-07 22:41:31 已启动队员进程 PID=15348，等待登录界面窗口…
09-07 22:41:32 已启动队员进程 PID=13484，等待登录界面窗口…
09-07 22:41:32 p14508 检测到登录界面，开始播种…
09-07 22:41:32 已启动队员进程 PID=3376，等待登录界面窗口…
09-07 22:41:32 p15348 检测到登录界面，开始播种…
09-07 22:41:33 p2136 检测到登录界面，开始播种…
09-07 22:41:33 p3376 检测到登录界面，开始播种…
09-07 22:41:34 p13484 检测到登录界面，开始播种…
09-07 22:41:41 p3376 播种成功 ✓
09-07 22:41:41 p3376 重放 member#4 登录点击 4 步…
09-07 22:41:41 p2136 播种成功 ✓
09-07 22:41:41 p2136 重放 member#1 登录点击 4 步…
09-07 22:41:41 p13484 播种成功 ✓
09-07 22:41:41 p13484 重放 member#3 登录点击 4 步…
09-07 22:41:41 p14508 播种成功 ✓
09-07 22:41:41 p14508 重放 leader#1 登录点击 4 步…
09-07 22:41:42 p15348 播种成功 ✓
09-07 22:41:42 p15348 重放 member#2 登录点击 4 步…
09-07 22:41:48 p14508 登录点击重放完毕，等待进入场景…
09-07 22:41:49 p13484 登录点击重放完毕，等待进入场景…
09-07 22:41:49 p14508 检测到已登录 ✓
09-07 22:41:49 p3376 登录点击重放完毕，等待进入场景…
09-07 22:41:50 p15348 登录点击重放完毕，等待进入场景…
09-07 22:41:50 p2136 登录点击重放完毕，等待进入场景…
09-07 22:41:51 p2136 检测到已登录 ✓
09-07 22:41:51 p15348 检测到已登录 ✓
09-07 22:41:51 p13484 检测到已登录 ✓
09-07 22:41:51 p3376 检测到已登录 ✓
09-07 22:42:02 [autoTeam] 阶段1: 5 人并行传送 大唐官府
09-07 22:42:11 p13484 传送完成 ✓
09-07 22:42:11 p14508 传送完成 ✓
09-07 22:42:11 p3376 传送完成 ✓
09-07 22:42:11 p2136 传送完成 ✓
09-07 22:42:11 p15348 传送完成 ✓
09-07 22:42:11 [autoTeam] 阶段2: 队长走位[139,80]
09-07 22:42:11 [sat] 队长准备: 传送 大唐官府 + 走位 [139,80]
09-07 22:42:20 [sat] 队长当前位置: (2640.0, 1660.0)
09-07 22:42:20 [sat] 走位点击 (540,240)（偏差 140,-60）——途中不点组队图标
09-07 22:42:25 [sat] 走位点击 (419,291)（偏差 70,-30）——途中不点组队图标
09-07 22:42:30 [sat] 走位点击 (419,291)（偏差 35,-15）——途中不点组队图标
09-07 22:42:34 [sat] 到达验证: (2778.1291188342, 1600.8018062139)（目标 (2780.0, 1600.0)，±3 格容差）
09-07 22:42:34 [autoTeam] 阶段3: 建队
09-07 22:42:36 [sat] 建队第1次 脚底屏幕位 (417,292) → 身体点上移 40
09-07 22:42:39 [sat] 建队第1次 顶栏stats（应为 1）: ((1, 0, '二号美人'),)
09-07 22:42:39 [autoTeam] 阶段4: 4 名队员并行申请入队
09-07 22:42:40 [sat] p2136: 已与队长同图(大唐官府)，直接申请
09-07 22:42:40 [sat] p13484: 已与队长同图(大唐官府)，直接申请
09-07 22:42:41 [sat] p15348: 已与队长同图(大唐官府)，直接申请
09-07 22:42:41 [sat] p3376: 已与队长同图(大唐官府)，直接申请
09-07 22:42:45 [sat] p2136: 已点队长身体 (538,240)（第1次申请）
09-07 22:42:45 [sat] p13484: 已点队长身体 (538,240)（第1次申请）
09-07 22:42:45 [sat] p15348: 已点队长身体 (538,240)（第1次申请）
09-07 22:42:46 [sat] p3376: 已点队长身体 (538,240)（第1次申请）
09-07 22:42:55 [sat] p2136: 已点队长身体 (538,240)（第2次申请）
09-07 22:42:56 [sat] p13484: 已点队长身体 (538,240)（第2次申请）
09-07 22:42:58 [sat] p3376: 已点队长身体 (538,240)（第2次申请）
09-07 22:42:58 [sat] p15348: 已点队长身体 (538,240)（第2次申请）
09-07 22:43:03 [sat] p13484: 申请轮次结束（是否入队由队长批准裁决）
09-07 22:43:03 [sat] p2136: 申请轮次结束（是否入队由队长批准裁决）
09-07 22:43:05 [sat] p3376: 申请轮次结束（是否入队由队长批准裁决）
09-07 22:43:06 [sat] p15348: 申请轮次结束（是否入队由队长批准裁决）
09-07 22:43:06 [autoTeam] 阶段5: 队长批准申请
09-07 22:43:08 [sat] 当前成员数: 1（目标 5）
09-07 22:43:19 [sat] 当前成员数: 2（目标 5）
09-07 22:43:31 [sat] 当前成员数: 3（目标 5）
09-07 22:43:42 [sat] 当前成员数: 4（目标 5）
09-07 22:43:53 [sat] 当前成员数: 5（目标 5）
09-07 22:43:53 [autoTeam] 批准结束: 成员=5/目标=5
09-07 22:44:00 [sat] 阵法验证: 天覆阵/4
09-07 22:44:00 [autoTeam] 天覆阵完成 ✓
09-07 22:44:01 p14508 已拉起任务脚本（队长·二号美人 gw=file://pzxy_p14508）
09-07 22:44:01 p2136 已拉起任务脚本（队员·三号美人 gw=file://pzxy_p2136）
09-07 22:44:01 p15348 已拉起任务脚本（队员·这是帅哥 gw=file://pzxy_p15348）
09-07 22:44:02 p13484 已拉起任务脚本（队员·这是猛男 gw=file://pzxy_p13484）
09-07 22:44:02 p3376 已拉起任务脚本（队员·一号美人 gw=file://pzxy_p3376）
09-07 22:44:02 [autoTeam] 组队+任务脚本启动完成
09-07 22:44:02 [看门狗] 启动（目标 5 人，每 15s 判定）
09-07 22:44:02 已清理残留任务脚本（绑定死 PID 17556，系统 PID 13248）
09-07 22:44:02 已清理残留任务脚本（绑定死 PID 12300，系统 PID 468）
09-07 22:44:02 已清理残留任务脚本（绑定死 PID 13564，系统 PID 17772）
09-07 22:44:02 已清理残留任务脚本（绑定死 PID 2904，系统 PID 18324）
09-07 22:46:07 [看门狗] 心跳: 5/5
09-07 22:48:12 [看门狗] 心跳: 5/5
09-07 22:50:15 [看门狗] 心跳: 5/5
09-07 22:52:21 [看门狗] 心跳: 5/5
09-07 22:52:33 已停止任务进程 5 个: 20336,16992,13652,20188,3432
09-07 22:53:07 [看门狗] 检测到缺员 0/5 → 打断抓鬼，启动补组队
09-07 22:53:07 [sat] 队长准备: 传送 大唐官府 + 走位 [139,80]
09-07 22:53:14 p14508 掉线判定: 窗口/标题异常 → 重启闭环
09-07 22:53:14 p3376 掉线判定: 窗口/标题异常 → 重启闭环
09-07 22:53:14 p3376 已重启为新进程 PID=10864，等待登录界面…
09-07 22:53:14 p14508 已重启为新进程 PID=21324，等待登录界面…
09-07 22:53:15 p21324 检测到登录界面，开始播种…
09-07 22:53:16 p2136 掉线判定: 进程消失 → 重启闭环
09-07 22:53:16 p15348 掉线判定: 进程消失 → 重启闭环
09-07 22:53:16 p13484 掉线判定: 进程消失 → 重启闭环
09-07 22:53:27 squad_auto_team 日志已桥接到 GUI（组队内部步骤可见）
09-07 22:53:32 已启动队长进程 PID=20712，等待登录界面窗口…
09-07 22:53:34 p20712 检测到登录界面，开始播种…
09-07 22:53:36 已启动队员进程 PID=456，等待登录界面窗口…
09-07 22:53:38 p456 检测到登录界面，开始播种…
09-07 22:53:39 已启动队员进程 PID=2772，等待登录界面窗口…
09-07 22:53:40 p2772 检测到登录界面，开始播种…
09-07 22:53:40 p20712 播种成功 ✓
09-07 22:53:40 p20712 重放 leader#1 登录点击 4 步…
09-07 22:53:44 已启动队员进程 PID=3904，等待登录界面窗口…
09-07 22:53:44 p456 播种成功 ✓
09-07 22:53:44 p456 重放 member#1 登录点击 4 步…
09-07 22:53:46 p3904 检测到登录界面，开始播种…
09-07 22:53:47 p2772 播种成功 ✓
09-07 22:53:47 p2772 重放 member#2 登录点击 4 步…
09-07 22:53:47 p20712 登录点击重放完毕，等待进入场景…
09-07 22:53:47 p20712 检测到已登录 ✓
09-07 22:53:49 已启动队员进程 PID=6476，等待登录界面窗口…
09-07 22:53:51 p6476 检测到登录界面，开始播种…
09-07 22:53:52 p3904 播种成功 ✓
09-07 22:53:52 p3904 重放 member#3 登录点击 4 步…
09-07 22:53:53 p456 登录点击重放完毕，等待进入场景…
09-07 22:53:53 p456 检测到已登录 ✓
09-07 22:53:55 p2772 登录点击重放完毕，等待进入场景…
09-07 22:53:55 p2772 检测到已登录 ✓
09-07 22:53:57 p6476 播种成功 ✓
09-07 22:53:57 p6476 重放 member#4 登录点击 4 步…
09-07 22:54:00 p3904 登录点击重放完毕，等待进入场景…
09-07 22:54:01 p3904 检测到已登录 ✓
09-07 22:54:05 p6476 登录点击重放完毕，等待进入场景…
09-07 22:54:07 p6476 检测到已登录 ✓
09-07 23:08:48 已启动队员进程 PID=13572，等待登录界面窗口…
09-07 23:08:58 [autoTeam] 阶段1: 5 人并行传送 大唐官府
09-07 23:09:06 p6476 传送完成 ✓
09-07 23:09:07 p20712 传送完成 ✓
09-07 23:09:07 p3904 传送完成 ✓
09-07 23:09:07 p2772 传送完成 ✓
09-07 23:09:07 p456 传送完成 ✓
09-07 23:09:07 [autoTeam] 阶段2: 队长走位[139,80]
09-07 23:09:07 [sat] 队长准备: 传送 大唐官府 + 走位 [139,80]
09-07 23:09:16 [sat] 队长当前位置: (2640.0, 1660.0)
09-07 23:09:16 [sat] 走位点击 (540,240)（偏差 140,-60）——途中不点组队图标
09-07 23:09:21 [sat] 走位点击 (420,291)（偏差 70,-30）——途中不点组队图标
09-07 23:09:25 [sat] 走位点击 (420,291)（偏差 35,-15）——途中不点组队图标
09-07 23:09:30 [sat] 到达验证: (2777.6603550831, 1601.0027049644)（目标 (2780.0, 1600.0)，±3 格容差）
09-07 23:09:30 [autoTeam] 阶段3: 建队
09-07 23:09:32 [sat] 建队第1次 脚底屏幕位 (418,292) → 身体点上移 40
09-07 23:09:35 [sat] 建队第1次 顶栏stats（应为 1）: ((1, 0, '二号美人'),)
09-07 23:09:35 [autoTeam] 阶段4: 4 名队员并行申请入队
09-07 23:09:36 [sat] p456: 已与队长同图(大唐官府)，直接申请
09-07 23:09:36 [sat] p2772: 已与队长同图(大唐官府)，直接申请
09-07 23:09:37 [sat] p6476: 已与队长同图(大唐官府)，直接申请
09-07 23:09:37 [sat] p3904: 已与队长同图(大唐官府)，直接申请
09-07 23:09:41 [sat] p456: 已点队长身体 (537,241)（第1次申请）
09-07 23:09:41 [sat] p2772: 已点队长身体 (537,241)（第1次申请）
09-07 23:09:41 [sat] p3904: 已点队长身体 (537,241)（第1次申请）
09-07 23:09:41 [sat] p6476: 已点队长身体 (537,241)（第1次申请）
09-07 23:09:51 [sat] p6476: 已点队长身体 (537,241)（第2次申请）
09-07 23:09:51 [sat] p2772: 已点队长身体 (537,241)（第2次申请）
09-07 23:09:54 [sat] p456: 已点队长身体 (537,241)（第2次申请）
09-07 23:09:54 [sat] p3904: 已点队长身体 (537,241)（第2次申请）
09-07 23:09:58 [sat] p6476: 申请轮次结束（是否入队由队长批准裁决）
09-07 23:09:59 [sat] p2772: 申请轮次结束（是否入队由队长批准裁决）
09-07 23:10:01 [sat] p456: 申请轮次结束（是否入队由队长批准裁决）
09-07 23:10:02 [sat] p3904: 申请轮次结束（是否入队由队长批准裁决）
09-07 23:10:02 [autoTeam] 阶段5: 队长批准申请
09-07 23:10:05 [sat] 当前成员数: 1（目标 5）
09-07 23:10:16 [sat] 当前成员数: 2（目标 5）
09-07 23:10:27 [sat] 当前成员数: 3（目标 5）
09-07 23:10:38 [sat] 当前成员数: 4（目标 5）
09-07 23:10:49 [sat] 当前成员数: 5（目标 5）
09-07 23:10:49 [autoTeam] 批准结束: 成员=5/目标=5
09-07 23:10:56 [sat] 阵法验证: 天覆阵/4
09-07 23:10:56 [autoTeam] 天覆阵完成 ✓
09-07 23:10:57 p20712 已拉起任务脚本（队长·二号美人 gw=file://pzxy_p20712）
09-07 23:10:57 p456 已拉起任务脚本（队员·三号美人 gw=file://pzxy_p456）
09-07 23:10:57 p2772 已拉起任务脚本（队员·这是帅哥 gw=file://pzxy_p2772）
09-07 23:10:58 p3904 已拉起任务脚本（队员·这是猛男 gw=file://pzxy_p3904）
09-07 23:10:58 p6476 已拉起任务脚本（队员·一号美人 gw=file://pzxy_p6476）
09-07 23:10:58 [autoTeam] 组队+任务脚本启动完成
09-07 23:10:58 [看门狗] 启动（目标 5 人，每 15s 判定）
09-07 23:12:50 [暂停] 自动化冻结：停任务脚本，看门狗/掉线闭环挂起（可人工接管）
09-07 23:12:50 已打断 p20712 任务脚本（系统 PID 19664）
09-07 23:12:50 已打断 p456 任务脚本（系统 PID 3496）
09-07 23:12:51 已打断 p2772 任务脚本（系统 PID 21032）
09-07 23:12:51 已打断 p3904 任务脚本（系统 PID 18720）
09-07 23:12:51 已打断 p6476 任务脚本（系统 PID 8608）
09-07 23:12:51 [暂停] 完成：任务脚本已全部停止
09-07 23:14:33 [恢复] 解冻：跳过组队，按角色直接拉起任务脚本
09-07 23:14:34 p20712 已拉起任务脚本（队长·二号美人 gw=file://pzxy_p20712）
09-07 23:14:34 p456 已拉起任务脚本（队员·三号美人 gw=file://pzxy_p456）
09-07 23:14:34 p2772 已拉起任务脚本（队员·这是帅哥 gw=file://pzxy_p2772）
09-07 23:14:34 p3904 已拉起任务脚本（队员·这是猛男 gw=file://pzxy_p3904）
09-07 23:14:35 p6476 已拉起任务脚本（队员·一号美人 gw=file://pzxy_p6476）
09-07 23:14:35 [恢复] 完成：任务脚本已拉起，看门狗/掉线闭环恢复（缺员时看门狗自动补组）
09-07 23:39:52 [恢复] 解冻：跳过组队，按角色直接拉起任务脚本
09-07 23:39:52 p20712 任务脚本已在跑，跳过
09-07 23:39:52 p456 任务脚本已在跑，跳过
09-07 23:39:53 p2772 任务脚本已在跑，跳过
09-07 23:39:53 p3904 任务脚本已在跑，跳过
09-07 23:39:53 p6476 任务脚本已在跑，跳过
09-07 23:39:53 [恢复] 完成：任务脚本已拉起，看门狗/掉线闭环恢复（缺员时看门狗自动补组）
09-07 23:40:03 [恢复] 解冻：跳过组队，按角色直接拉起任务脚本
09-07 23:40:03 p20712 任务脚本已在跑，跳过
09-07 23:40:03 p456 任务脚本已在跑，跳过
09-07 23:40:03 p2772 任务脚本已在跑，跳过
09-07 23:40:04 p3904 任务脚本已在跑，跳过
09-07 23:40:04 p6476 任务脚本已在跑，跳过
09-07 23:40:04 [恢复] 完成：任务脚本已拉起，看门狗/掉线闭环恢复（缺员时看门狗自动补组）
09-07 23:40:07 [恢复] 解冻：跳过组队，按角色直接拉起任务脚本
09-07 23:40:07 p20712 任务脚本已在跑，跳过
09-07 23:40:08 p456 任务脚本已在跑，跳过
09-07 23:40:08 p2772 任务脚本已在跑，跳过
09-07 23:40:08 p3904 任务脚本已在跑，跳过
09-07 23:40:08 p6476 任务脚本已在跑，跳过
09-07 23:40:08 [恢复] 完成：任务脚本已拉起，看门狗/掉线闭环恢复（缺员时看门狗自动补组）
09-07 23:40:13 [恢复] 解冻：跳过组队，按角色直接拉起任务脚本
09-07 23:40:13 p20712 任务脚本已在跑，跳过
09-07 23:40:13 p456 任务脚本已在跑，跳过
09-07 23:40:14 p2772 任务脚本已在跑，跳过
09-07 23:40:14 p3904 任务脚本已在跑，跳过
09-07 23:40:14 p6476 任务脚本已在跑，跳过
09-07 23:40:14 [恢复] 完成：任务脚本已拉起，看门狗/掉线闭环恢复（缺员时看门狗自动补组）
09-07 23:40:19 [恢复] 解冻：跳过组队，按角色直接拉起任务脚本
09-07 23:40:20 p20712 任务脚本已在跑，跳过
09-07 23:40:20 p456 任务脚本已在跑，跳过
09-07 23:40:20 p2772 任务脚本已在跑，跳过
09-07 23:40:21 p3904 任务脚本已在跑，跳过
09-07 23:40:21 p6476 任务脚本已在跑，跳过
09-07 23:40:21 [恢复] 完成：任务脚本已拉起，看门狗/掉线闭环恢复（缺员时看门狗自动补组）
09-07 23:40:36 [恢复] 解冻：跳过组队，按角色直接拉起任务脚本
09-07 23:40:37 p20712 任务脚本已在跑，跳过
09-07 23:40:37 p456 任务脚本已在跑，跳过
09-07 23:40:37 p2772 任务脚本已在跑，跳过
09-07 23:40:38 p3904 任务脚本已在跑，跳过
09-07 23:40:38 p6476 任务脚本已在跑，跳过
09-07 23:40:38 [恢复] 完成：任务脚本已拉起，看门狗/掉线闭环恢复（缺员时看门狗自动补组）
09-07 23:40:59 [恢复] 解冻：跳过组队，按角色直接拉起任务脚本
09-07 23:40:59 p20712 任务脚本已在跑，跳过
09-07 23:40:59 p456 任务脚本已在跑，跳过
09-07 23:41:00 p2772 任务脚本已在跑，跳过
09-07 23:41:00 p3904 任务脚本已在跑，跳过
09-07 23:41:00 p6476 任务脚本已在跑，跳过
09-07 23:41:00 [恢复] 完成：任务脚本已拉起，看门狗/掉线闭环恢复（缺员时看门狗自动补组）
09-07 23:42:40 squad_auto_team 日志已桥接到 GUI（组队内部步骤可见）
09-07 23:42:44 已启动队长进程 PID=6224，等待登录界面窗口…
09-07 23:42:45 已启动队员进程 PID=12104，等待登录界面窗口…
09-07 23:42:46 p6224 检测到登录界面，开始播种…
09-07 23:42:46 p12104 检测到登录界面，开始播种…
09-07 23:42:47 已启动队员进程 PID=7812，等待登录界面窗口…
09-07 23:42:48 已启动队员进程 PID=20984，等待登录界面窗口…
09-07 23:42:49 p7812 检测到登录界面，开始播种…
09-07 23:42:49 已启动队员进程 PID=20660，等待登录界面窗口…
09-07 23:42:50 p20984 检测到登录界面，开始播种…
09-07 23:42:50 p20660 检测到登录界面，开始播种…
09-07 23:42:52 p6224 播种成功 ✓
09-07 23:42:52 p6224 重放 leader#1 登录点击 4 步…
09-07 23:42:53 p12104 播种成功 ✓
09-07 23:42:53 p12104 重放 member#1 登录点击 4 步…
09-07 23:42:55 p7812 播种成功 ✓
09-07 23:42:55 p7812 重放 member#2 登录点击 4 步…
09-07 23:42:56 p20984 播种成功 ✓
09-07 23:42:56 p20984 重放 member#3 登录点击 4 步…
09-07 23:42:57 p20660 播种成功 ✓
09-07 23:42:57 p20660 重放 member#4 登录点击 4 步…
09-07 23:42:59 p6224 登录点击重放完毕，等待进入场景…
09-07 23:43:01 p6224 检测到已登录 ✓
09-07 23:43:01 p12104 登录点击重放完毕，等待进入场景…
09-07 23:43:03 p12104 检测到已登录 ✓
09-07 23:43:03 p7812 登录点击重放完毕，等待进入场景…
09-07 23:43:04 p20984 登录点击重放完毕，等待进入场景…
09-07 23:43:05 p7812 检测到已登录 ✓
09-07 23:43:05 p20660 登录点击重放完毕，等待进入场景…
09-07 23:43:07 p20984 检测到已登录 ✓
09-07 23:43:07 p20660 检测到已登录 ✓
09-07 23:44:48 已启动队员进程 PID=8068，等待登录界面窗口…
09-07 23:44:49 p8068 检测到登录界面，开始播种…
09-07 23:44:57 [autoTeam] 阶段1: 5 人并行传送 大唐官府
09-07 23:45:06 p20984 传送完成 ✓
09-07 23:45:06 p7812 传送完成 ✓
09-07 23:45:06 p12104 传送完成 ✓
09-07 23:45:06 p6224 传送完成 ✓
09-07 23:45:07 p20660 传送完成 ✓
09-07 23:45:07 [autoTeam] 阶段2: 队长走位[139,80]
09-07 23:45:07 [sat] 队长准备: 传送 大唐官府 + 走位 [139,80]
09-07 23:45:15 [sat] 队长当前位置: (2640.0, 1660.0)
09-07 23:45:15 [sat] 走位点击 (540,240)（偏差 140,-60）——途中不点组队图标
09-07 23:45:20 [sat] 走位点击 (418,291)（偏差 70,-30）——途中不点组队图标
09-07 23:45:24 [sat] 走位点击 (418,291)（偏差 35,-15）——途中不点组队图标
09-07 23:45:29 [sat] 到达验证: (2779.0666483737, 1600.4000078398)（目标 (2780.0, 1600.0)，±3 格容差）
09-07 23:45:29 [autoTeam] 阶段3: 建队
09-07 23:45:30 [sat] 建队第1次 脚底屏幕位 (417,292) → 身体点上移 40
09-07 23:45:32 p8068 播种失败：[1/4] 目标 PID=8068（登录界面） | [fail] 网关 40s 内未就绪，看日志: E:\DS\mhxy-mcp-gateway\gateway_run_18082.log | [4/4] 网关进程 1984 已终止（frida 退出）（3s 后重试）
09-07 23:45:34 [sat] 建队第1次 顶栏stats（应为 1）: ((5, 0, '二号美人'),)
09-07 23:45:35 [autoTeam] 阶段4: 4 名队员并行申请入队
09-07 23:45:36 [sat] p20984: 已与队长同图(大唐官府)，直接申请
09-07 23:45:36 [sat] p12104: 已与队长同图(大唐官府)，直接申请
09-07 23:45:36 [sat] p7812: 已与队长同图(大唐官府)，直接申请
09-07 23:45:37 [sat] p20660: 已与队长同图(大唐官府)，直接申请
09-07 23:45:41 [sat] p20984: 已点队长身体 (539,240)（第1次申请）
09-07 23:45:41 [sat] p12104: 已点队长身体 (418,292)（第1次申请）
09-07 23:45:41 [sat] p7812: 已点队长身体 (539,240)（第1次申请）
09-07 23:45:41 [sat] p20660: 已点队长身体 (539,240)（第1次申请）
09-07 23:45:52 [sat] p7812: 已点队长身体 (539,240)（第2次申请）
09-07 23:45:52 [sat] p20660: 已点队长身体 (539,240)（第2次申请）
09-07 23:45:53 [sat] p20984: 已点队长身体 (539,240)（第2次申请）
09-07 23:45:53 [sat] p12104: 已点队长身体 (418,292)（第2次申请）
09-07 23:45:58 [sat] p7812: 申请轮次结束（是否入队由队长批准裁决）
09-07 23:45:58 [sat] p20660: 申请轮次结束（是否入队由队长批准裁决）
09-07 23:46:00 [sat] p20984: 申请轮次结束（是否入队由队长批准裁决）
09-07 23:46:02 [sat] p12104: 申请轮次结束（是否入队由队长批准裁决）
09-07 23:46:02 [autoTeam] 阶段5: 队长批准申请
09-07 23:46:04 [sat] 当前成员数: 5（目标 5）
09-07 23:46:04 [autoTeam] 批准结束: 成员=5/目标=5
09-07 23:46:11 [sat] 阵法验证: 天覆阵/4
09-07 23:46:11 [autoTeam] 天覆阵完成 ✓
09-07 23:46:12 p6224 已拉起任务脚本（队长·二号美人 gw=file://pzxy_p6224）
09-07 23:46:12 p12104 已拉起任务脚本（队员·三号美人 gw=file://pzxy_p12104）
09-07 23:46:12 p7812 已拉起任务脚本（队员·这是帅哥 gw=file://pzxy_p7812）
09-07 23:46:13 p20984 已拉起任务脚本（队员·这是猛男 gw=file://pzxy_p20984）
09-07 23:46:13 p20660 已拉起任务脚本（队员·一号美人 gw=file://pzxy_p20660）
09-07 23:46:13 [autoTeam] 组队+任务脚本启动完成
09-07 23:46:13 [看门狗] 启动（目标 5 人，每 15s 判定）
09-07 23:46:13 已清理残留任务脚本（绑定死 PID 20712，系统 PID 11520）
09-07 23:46:13 已清理残留任务脚本（绑定死 PID 456，系统 PID 16628）
09-07 23:46:13 已清理残留任务脚本（绑定死 PID 2772，系统 PID 14880）
09-07 23:46:14 已清理残留任务脚本（绑定死 PID 3904，系统 PID 7152）
09-07 23:46:14 已清理残留任务脚本（绑定死 PID 6476，系统 PID 18624）
09-07 23:47:18 p8068 播种失败 ✗：[1/4] 目标 PID=8068（登录界面） | [fail] 网关 40s 内未就绪，看日志: E:\DS\mhxy-mcp-gateway\gateway_run_18082.log | [4/4] 网关进程 1468 已终止（frida 退出）（窗口将保持登录界面，可手动处理）
09-07 23:48:17 [看门狗] 心跳: 5/5
09-07 23:49:59 p20660 掉线判定: 进程消失 → 重启闭环
09-07 23:50:00 p20660 已重启为新进程 PID=21188，等待登录界面…
09-07 23:50:01 p21188 检测到登录界面，开始播种…
09-07 23:50:07 [看门狗] 检测到缺员 4/5 → 打断抓鬼，启动补组队
09-07 23:50:07 p21188 播种成功 ✓
09-07 23:50:07 p21188 重放 member#4 登录点击 4 步…
09-07 23:50:07 p20660 → 新 PID=21188 播种/登录流程接管完成
09-07 23:50:07 已打断 p6224 任务脚本（系统 PID 12200）
09-07 23:50:07 [sat] 队长准备: 传送 大唐官府 + 走位 [139,80]
09-07 23:50:15 [sat] 队长当前位置: (2640.0, 1660.0)
09-07 23:50:15 p21188 登录点击重放完毕，等待进入场景…
09-07 23:50:15 [sat] 走位点击 (540,240)（偏差 140,-60）——途中不点组队图标
09-07 23:50:17 p21188 检测到已登录 ✓
09-07 23:50:17 [sat] p21188: 异图(长安城≠队长大唐官府) 就地传送
09-07 23:50:20 [sat] 走位点击 (420,291)（偏差 70,-30）——途中不点组队图标
09-07 23:50:22 [看门狗] 心跳: 4/5
09-07 23:50:24 [sat] 走位点击 (420,291)（偏差 35,-15）——途中不点组队图标
09-07 23:50:29 [sat] 到达验证: (2777.8166118011, 1600.9357377995)（目标 (2780.0, 1600.0)，±3 格容差）
09-07 23:50:29 [看门狗] 3 名在线队员并行申请归队
09-07 23:50:29 [sat] p21188: 已点队长身体 (539,240)（第1次申请）
09-07 23:50:30 [sat] p7812: 已与队长同图(大唐官府)，直接申请
09-07 23:50:30 [sat] p20984: 已与队长同图(大唐官府)，直接申请
09-07 23:50:31 [sat] p12104: 已与队长同图(大唐官府)，直接申请
09-07 23:50:35 [sat] p7812: 已点队长身体 (537,240)（第1次申请）
09-07 23:50:35 [sat] p20984: 已点队长身体 (537,240)（第1次申请）
09-07 23:50:35 [sat] p12104: 已点队长身体 (417,292)（第1次申请）
09-07 23:50:42 [sat] p21188: 已点队长身体 (539,240)（第2次申请）
09-07 23:50:46 [sat] p12104: 已点队长身体 (417,292)（第2次申请）
09-07 23:50:46 [sat] p20984: 已点队长身体 (537,240)（第2次申请）
09-07 23:50:46 [sat] p7812: 已点队长身体 (537,240)（第2次申请）
09-07 23:50:53 [sat] p21188: 已点队长身体 (539,240)（第3次申请）
09-07 23:50:57 [sat] p20984: 已点队长身体 (537,240)（第3次申请）
09-07 23:50:58 [sat] p12104: 已点队长身体 (417,292)（第3次申请）
09-07 23:50:58 [sat] p7812: 已点队长身体 (537,240)（第3次申请）
09-07 23:50:59 [sat] p21188: 申请轮次结束（是否入队由队长批准裁决）
09-07 23:51:01 p21188 已拉起任务脚本（队员·一号美人 gw=file://pzxy_p21188）
09-07 23:51:05 [sat] p20984: 申请轮次结束（是否入队由队长批准裁决）
09-07 23:51:05 [sat] p7812: 申请轮次结束（是否入队由队长批准裁决）
09-07 23:51:06 [sat] p12104: 申请轮次结束（是否入队由队长批准裁决）
09-07 23:51:08 [sat] 当前成员数: 4（目标 5）
09-07 23:51:19 [sat] 当前成员数: 5（目标 5）
09-07 23:51:19 [看门狗] 补组批准结束: 5/5
09-07 23:51:24 [看门狗] 队伍满员 5/5，恢复抓鬼
09-07 23:51:24 p6224 已拉起任务脚本（队长·二号美人 gw=file://pzxy_p6224）
09-07 23:51:24 p12104 任务脚本已在跑，跳过
09-07 23:51:25 p7812 任务脚本已在跑，跳过
09-07 23:51:25 p20984 任务脚本已在跑，跳过
09-07 23:51:25 p21188 任务脚本已在跑，跳过
09-07 23:51:27 [sat] 阵法验证: 天覆阵/4
09-07 23:51:27 p6224 任务脚本已在跑，跳过
09-07 23:51:27 p12104 任务脚本已在跑，跳过
09-07 23:51:28 p7812 任务脚本已在跑，跳过
09-07 23:51:28 p20984 任务脚本已在跑，跳过
09-07 23:51:28 p21188 任务脚本已在跑，跳过
09-07 23:51:28 [看门狗] 满员，抓鬼已恢复 ✓
09-07 23:52:29 [看门狗] 心跳: 5/5
09-07 23:53:39 [暂停] 自动化冻结：停任务脚本，看门狗/掉线闭环挂起（可人工接管）
09-07 23:53:39 已打断 p6224 任务脚本（系统 PID 4332）
09-07 23:53:40 已打断 p12104 任务脚本（系统 PID 5480）
09-07 23:53:40 已打断 p7812 任务脚本（系统 PID 4468）
09-07 23:53:40 已打断 p20984 任务脚本（系统 PID 248）
09-07 23:53:41 已打断 p21188 任务脚本（系统 PID 488）
09-07 23:53:41 [暂停] 完成：任务脚本已全部停止
09-08 00:00:28 [恢复] 解冻：跳过组队，按角色直接拉起任务脚本
09-08 00:00:28 p6224 已拉起任务脚本（队长·二号美人 gw=file://pzxy_p6224）
09-08 00:00:28 p12104 已拉起任务脚本（队员·三号美人 gw=file://pzxy_p12104）
09-08 00:00:29 p7812 已拉起任务脚本（队员·这是帅哥 gw=file://pzxy_p7812）
09-08 00:00:29 p20984 已拉起任务脚本（队员·这是猛男 gw=file://pzxy_p20984）
09-08 00:00:29 p21188 已拉起任务脚本（队员·一号美人 gw=file://pzxy_p21188）
09-08 00:00:29 [恢复] 完成：任务脚本已拉起，看门狗/掉线闭环恢复（缺员时看门狗自动补组）
09-08 00:00:55 [暂停] 自动化冻结：停任务脚本，看门狗/掉线闭环挂起（可人工接管）
09-08 00:00:55 已打断 p6224 任务脚本（系统 PID 9684）
09-08 00:00:56 已打断 p12104 任务脚本（系统 PID 20288）
09-08 00:00:56 已打断 p7812 任务脚本（系统 PID 18332）
09-08 00:00:56 已打断 p20984 任务脚本（系统 PID 20040）
09-08 00:00:57 已打断 p21188 任务脚本（系统 PID 3312）
09-08 00:00:57 [暂停] 完成：任务脚本已全部停止
09-08 00:28:29 squad_auto_team 日志已桥接到 GUI（组队内部步骤可见）
09-08 00:28:33 已启动队长进程 PID=7192，等待登录界面窗口…
09-08 00:28:34 p7192 检测到登录界面，开始播种…
09-08 00:28:40 p7192 播种成功 ✓
09-08 00:28:40 p7192 重放 leader#1 登录点击 4 步…
09-08 00:28:47 p7192 登录点击重放完毕，等待进入场景…
09-08 00:28:47 p7192 检测到已登录 ✓
09-08 00:28:51 已启动队员进程 PID=5472，等待登录界面窗口…
09-08 00:28:52 p5472 检测到登录界面，开始播种…
09-08 00:28:52 已启动队员进程 PID=2104，等待登录界面窗口…
09-08 00:28:53 已启动队员进程 PID=4932，等待登录界面窗口…
09-08 00:28:54 p2104 检测到登录界面，开始播种…
09-08 00:28:54 已启动队员进程 PID=3372，等待登录界面窗口…
09-08 00:28:55 p4932 检测到登录界面，开始播种…
09-08 00:28:55 p3372 检测到登录界面，开始播种…
09-08 00:28:58 p5472 播种成功 ✓
09-08 00:28:58 p5472 重放 member#1 登录点击 4 步…
09-08 00:29:00 p2104 播种成功 ✓
09-08 00:29:00 p2104 重放 member#2 登录点击 4 步…
09-08 00:29:01 p4932 播种成功 ✓
09-08 00:29:01 p4932 重放 member#3 登录点击 4 步…
09-08 00:29:02 p3372 播种成功 ✓
09-08 00:29:02 p3372 重放 member#4 登录点击 4 步…
09-08 00:29:07 p5472 登录点击重放完毕，等待进入场景…
09-08 00:29:07 p5472 检测到已登录 ✓
09-08 00:29:08 p2104 登录点击重放完毕，等待进入场景…
09-08 00:29:09 p4932 登录点击重放完毕，等待进入场景…
09-08 00:29:09 p2104 检测到已登录 ✓
09-08 00:29:10 p3372 登录点击重放完毕，等待进入场景…
09-08 00:29:11 p4932 检测到已登录 ✓
09-08 00:29:11 p3372 检测到已登录 ✓
09-08 00:32:38 p5472 掉线判定: 进程消失 → 重启闭环
09-08 00:32:38 p5472 已重启为新进程 PID=5232，等待登录界面…
09-08 00:32:40 p5232 检测到登录界面，开始播种…
09-08 00:32:47 p5232 播种成功 ✓
09-08 00:32:47 p5232 重放 member#1 登录点击 4 步…
09-08 00:32:47 p5472 → 新 PID=5232 播种/登录流程接管完成
09-08 00:32:55 p5232 登录点击重放完毕，等待进入场景…
09-08 00:32:58 p5232 检测到已登录 ✓
09-08 00:43:21 squad_auto_team 日志已桥接到 GUI（组队内部步骤可见）
09-08 00:43:39 [内存] 自动清理已开启（每30分钟）
09-08 00:43:41 已启动队长进程 PID=18824，等待登录界面窗口…
09-08 00:43:42 p18824 检测到登录界面，开始播种…
09-08 00:43:43 已启动队员进程 PID=21444，等待登录界面窗口…
09-08 00:43:45 p21444 检测到登录界面，开始播种…
09-08 00:43:45 已启动队员进程 PID=20224，等待登录界面窗口…
09-08 00:43:45 已启动队员进程 PID=19624，等待登录界面窗口…
09-08 00:43:46 p20224 检测到登录界面，开始播种…
09-08 00:43:46 已启动队员进程 PID=10640，等待登录界面窗口…
09-08 00:43:47 p19624 检测到登录界面，开始播种…
09-08 00:43:47 p10640 检测到登录界面，开始播种…
09-08 00:43:49 p18824 播种成功 ✓
09-08 00:43:49 p18824 重放 leader#1 登录点击 4 步…
09-08 00:43:51 p21444 播种成功 ✓
09-08 00:43:51 p21444 重放 member#1 登录点击 4 步…
09-08 00:43:51 [内存] 已修剪 5 个游戏进程：1.5GB → 24.8MB（释放 1.5GB）
09-08 00:43:52 p20224 播种成功 ✓
09-08 00:43:52 p20224 重放 member#2 登录点击 4 步…
09-08 00:43:53 p19624 播种成功 ✓
09-08 00:43:53 p19624 重放 member#3 登录点击 4 步…
09-08 00:43:54 p10640 播种成功 ✓
09-08 00:43:54 p10640 重放 member#4 登录点击 4 步…
09-08 00:43:55 p18824 登录点击重放完毕，等待进入场景…
09-08 00:43:57 p18824 检测到已登录 ✓
09-08 00:44:00 p21444 登录点击重放完毕，等待进入场景…
09-08 00:44:00 p20224 登录点击重放完毕，等待进入场景…
09-08 00:44:01 p19624 登录点击重放完毕，等待进入场景…
09-08 00:44:01 p21444 检测到已登录 ✓
09-08 00:44:02 p10640 登录点击重放完毕，等待进入场景…
09-08 00:44:03 p20224 检测到已登录 ✓
09-08 00:44:03 p19624 检测到已登录 ✓
09-08 00:44:03 p10640 检测到已登录 ✓
09-08 00:44:55 [autoTeam] Lua 队伍读数 0/5 未满员 → 走组队流程
09-08 00:44:55 [autoTeam] 阶段1: 5 人并行传送 大唐官府
09-08 00:45:03 p21444 传送完成 ✓
09-08 00:45:03 p18824 传送完成 ✓
09-08 00:45:03 p20224 传送完成 ✓
09-08 00:45:03 p10640 传送完成 ✓
09-08 00:45:04 p19624 传送完成 ✓
09-08 00:45:04 [autoTeam] 阶段2: 队长走位[139,80]
09-08 00:45:04 [sat] 队长准备: 传送 大唐官府 + 走位 [139,80]
09-08 00:45:11 [sat] 队长当前位置: (2640.0, 1660.0)
09-08 00:45:12 [sat] 走位点击 (540,240)（偏差 140,-60）——途中不点组队图标
09-08 00:45:16 [sat] 走位点击 (419,291)（偏差 70,-30）——途中不点组队图标
09-08 00:45:21 [sat] 走位点击 (419,291)（偏差 35,-15）——途中不点组队图标
09-08 00:45:26 [sat] 到达验证: (2778.1291199984, 1600.801805715)（目标 (2780.0, 1600.0)，±3 格容差）
09-08 00:45:26 [autoTeam] 阶段3: 建队
09-08 00:45:27 [sat] 建队第1次 脚底屏幕位 (417,292) → 身体点上移 40
09-08 00:45:31 [sat] 建队第1次 顶栏stats（应为 1）: ((1, 0, '二号美人'),)
09-08 00:45:31 [autoTeam] 阶段4: 4 名队员并行申请入队
09-08 00:45:31 [sat] p21444: 已与队长同图(大唐官府)，直接申请
09-08 00:45:32 [sat] p20224: 已与队长同图(大唐官府)，直接申请
09-08 00:45:32 [sat] p19624: 已与队长同图(大唐官府)，直接申请
09-08 00:45:32 [sat] p10640: 已与队长同图(大唐官府)，直接申请
09-08 00:45:35 [sat] p20224: 已点队长身体 (538,240)（第1次申请）
09-08 00:45:35 [sat] p21444: 已点队长身体 (538,240)（第1次申请）
09-08 00:45:35 [sat] p19624: 已点队长身体 (538,240)（第1次申请）
09-08 00:45:35 [sat] p10640: 已点队长身体 (538,240)（第1次申请）
09-08 00:45:49 [sat] p20224: 已点队长身体 (538,240)（第2次申请）
09-08 00:45:49 [sat] p10640: 已点队长身体 (538,240)（第2次申请）
09-08 00:45:49 [sat] p19624: 已点队长身体 (538,240)（第2次申请）
09-08 00:45:49 [sat] p21444: 已点队长身体 (538,240)（第2次申请）
09-08 00:45:56 [sat] p10640: 申请轮次结束（是否入队由队长批准裁决）
09-08 00:45:57 [sat] p19624: 申请轮次结束（是否入队由队长批准裁决）
09-08 00:45:57 [sat] p20224: 申请轮次结束（是否入队由队长批准裁决）
09-08 00:45:58 [sat] p21444: 申请轮次结束（是否入队由队长批准裁决）
09-08 00:45:58 [autoTeam] 阶段5: 队长批准申请
09-08 00:46:00 [sat] 当前成员数: 1（目标 5）
09-08 00:46:11 [sat] 当前成员数: 2（目标 5）
09-08 00:46:23 [sat] 当前成员数: 3（目标 5）
09-08 00:46:34 [sat] 当前成员数: 4（目标 5）
09-08 00:46:45 [sat] 当前成员数: 5（目标 5）
09-08 00:46:45 [autoTeam] 批准结束: 成员=5/目标=5
09-08 00:46:53 [sat] 阵法验证: 天覆阵/4
09-08 00:46:53 [autoTeam] 天覆阵完成 ✓
09-08 00:46:53 p18824 已拉起任务脚本（队长·二号美人 gw=file://pzxy_p18824）
09-08 00:46:53 p21444 已拉起任务脚本（队员·三号美人 gw=file://pzxy_p21444）
09-08 00:46:53 p20224 已拉起任务脚本（队员·这是帅哥 gw=file://pzxy_p20224）
09-08 00:46:54 p19624 已拉起任务脚本（队员·这是猛男 gw=file://pzxy_p19624）
09-08 00:46:54 p10640 已拉起任务脚本（队员·一号美人 gw=file://pzxy_p10640）
09-08 00:46:54 [autoTeam] 组队+任务脚本启动完成
09-08 00:46:54 [看门狗] 启动（目标 5 人，每 15s 判定）
09-08 00:48:56 [看门狗] 心跳: 5/5
09-08 00:51:00 [看门狗] 心跳: 5/5
09-08 00:53:04 [看门狗] 心跳: 5/5
09-08 00:55:08 [看门狗] 心跳: 5/5
09-08 00:57:12 [看门狗] 心跳: 5/5
09-08 00:59:18 [看门狗] 心跳: 5/5
09-08 01:01:24 [看门狗] 心跳: 5/5
09-08 01:03:27 [看门狗] 心跳: 5/5
09-08 01:05:29 [看门狗] 心跳: 5/5
09-08 01:07:32 [看门狗] 心跳: 5/5
09-08 01:09:35 [看门狗] 心跳: 5/5
09-08 01:11:39 [看门狗] 心跳: 5/5
09-08 01:13:41 [看门狗] 心跳: 5/5
09-08 01:13:52 [内存] 已修剪 5 个游戏进程：3.0GB → 103.4MB（释放 2.9GB）
09-08 01:15:45 [看门狗] 心跳: 5/5
09-08 01:17:47 [看门狗] 心跳: 5/5
09-08 01:19:50 [看门狗] 心跳: 5/5
09-08 01:21:52 [看门狗] 心跳: 5/5
09-08 01:23:56 [看门狗] 心跳: 5/5
09-08 01:25:58 [看门狗] 心跳: 5/5
09-08 01:28:02 [看门狗] 心跳: 5/5
09-08 01:30:04 [看门狗] 心跳: 5/5
09-08 01:32:06 [看门狗] 心跳: 5/5
09-08 01:34:10 [看门狗] 心跳: 5/5
09-08 01:36:12 [看门狗] 心跳: 5/5
09-08 01:38:14 [看门狗] 心跳: 5/5
09-08 01:40:16 [看门狗] 心跳: 5/5
09-08 01:42:19 [看门狗] 心跳: 5/5
09-08 01:43:52 [内存] 已修剪 5 个游戏进程：713.2MB → 45.1MB（释放 668.1MB）
09-08 01:44:21 [看门狗] 心跳: 5/5
09-08 01:46:25 [看门狗] 心跳: 5/5
09-08 01:48:28 [看门狗] 心跳: 5/5
09-08 01:50:30 [看门狗] 心跳: 5/5
09-08 01:52:32 [看门狗] 心跳: 5/5
09-08 01:54:35 [看门狗] 心跳: 5/5
09-08 01:56:41 [看门狗] 心跳: 5/5
09-08 01:58:44 [看门狗] 心跳: 5/5
09-08 02:00:48 [看门狗] 心跳: 5/5
09-08 02:02:51 [看门狗] 心跳: 5/5
09-08 02:04:55 [看门狗] 心跳: 5/5
09-08 02:06:58 [看门狗] 心跳: 5/5
09-08 02:09:02 [看门狗] 心跳: 5/5
09-08 02:11:07 [看门狗] 心跳: 5/5
09-08 02:13:10 [看门狗] 心跳: 5/5
09-08 02:13:52 [内存] 已修剪 5 个游戏进程：2.2GB → 114.8MB（释放 2.1GB）
09-08 02:15:13 [看门狗] 心跳: 5/5
09-08 02:17:16 [看门狗] 心跳: 5/5
09-08 02:19:18 [看门狗] 心跳: 5/5
09-08 02:21:20 [看门狗] 心跳: 5/5
09-08 02:23:22 [看门狗] 心跳: 5/5
09-08 02:25:24 [看门狗] 心跳: 5/5
09-08 02:27:26 [看门狗] 心跳: 5/5
09-08 02:29:29 [看门狗] 心跳: 5/5
09-08 02:31:31 [看门狗] 心跳: 5/5
09-08 02:33:34 [看门狗] 心跳: 5/5
09-08 02:35:35 [看门狗] 心跳: 5/5
09-08 02:37:39 [看门狗] 心跳: 5/5
09-08 02:39:42 [看门狗] 心跳: 5/5
09-08 02:41:44 [看门狗] 心跳: 5/5
09-08 02:43:47 [看门狗] 心跳: 5/5
09-08 02:43:52 [内存] 已修剪 5 个游戏进程：685.3MB → 86.8MB（释放 598.5MB）
09-08 02:45:49 [看门狗] 心跳: 5/5
09-08 02:47:52 [看门狗] 心跳: 5/5
09-08 02:49:55 [看门狗] 心跳: 5/5
09-08 02:51:57 [看门狗] 心跳: 5/5
09-08 02:52:07 p21444 检测到系统弹窗(信息) → 已点确定/关闭
09-08 02:52:08 p21444 掉线判定: 进程消失 → 重启闭环
09-08 02:52:09 p21444 已重启为新进程 PID=10008，等待登录界面…
09-08 02:52:10 p10008 检测到登录界面，开始播种…
09-08 02:52:12 p18824 检测到系统弹窗(信息) → 已点确定/关闭
09-08 02:52:12 p18824 掉线判定: 进程消失 → 重启闭环
09-08 02:52:13 p18824 已重启为新进程 PID=4104，等待登录界面…
09-08 02:52:14 p4104 检测到登录界面，开始播种…
09-08 02:52:19 p10008 播种成功 ✓
09-08 02:52:19 p10008 重放 member#1 登录点击 4 步…
09-08 02:52:19 p21444 → 新 PID=10008 播种/登录流程接管完成
09-08 02:52:20 p4104 播种成功 ✓
09-08 02:52:20 p4104 重放 leader#1 登录点击 4 步…
09-08 02:52:20 p18824 → 新 PID=4104 播种/登录流程接管完成
09-08 02:52:22 p10640 检测到系统弹窗(信息) → 已点确定/关闭
09-08 02:52:22 p20224 检测到系统弹窗(信息) → 已点确定/关闭
09-08 02:52:22 p20224 掉线判定: 进程消失 → 重启闭环
09-08 02:52:22 p10640 掉线判定: 进程消失 → 重启闭环
09-08 02:52:23 p20224 已重启为新进程 PID=12408，等待登录界面…
09-08 02:52:23 p10640 已重启为新进程 PID=22968，等待登录界面…
09-08 02:52:24 p12408 检测到登录界面，开始播种…
09-08 02:52:24 p22968 检测到登录界面，开始播种…
09-08 02:52:27 p4104 登录点击重放完毕，等待进入场景…
09-08 02:52:27 [看门狗] 队长 PID 变更 18824 → 4104，跟随新通道
09-08 02:52:28 p10008 登录点击重放完毕，等待进入场景…
09-08 02:52:28 p4104 检测到已登录 ✓
09-08 02:52:28 [sat] 队长准备: 传送 大唐官府 + 走位 [139,80]
09-08 02:52:30 p12408 播种成功 ✓
09-08 02:52:30 p12408 重放 member#2 登录点击 4 步…
09-08 02:52:30 p20224 → 新 PID=12408 播种/登录流程接管完成
09-08 02:52:30 p22968 播种成功 ✓
09-08 02:52:30 p22968 重放 member#4 登录点击 4 步…
09-08 02:52:30 p10640 → 新 PID=22968 播种/登录流程接管完成
09-08 02:52:30 p10008 检测到已登录 ✓
09-08 02:52:37 [sat] 队长当前位置: (2640.0, 1660.0)
09-08 02:52:37 [sat] 走位点击 (540,240)（偏差 140,-60）——途中不点组队图标
09-08 02:52:38 p12408 登录点击重放完毕，等待进入场景…
09-08 02:52:38 p22968 登录点击重放完毕，等待进入场景…
09-08 02:52:40 p12408 检测到已登录 ✓
09-08 02:52:40 p22968 检测到已登录 ✓
09-08 02:52:42 [sat] p10008: 已点队长身体 (538,240)（第1次申请）
09-08 02:52:42 [sat] 走位点击 (420,291)（偏差 70,-30）——途中不点组队图标
09-08 02:52:46 [sat] 走位点击 (420,291)（偏差 35,-15）——途中不点组队图标
09-08 02:52:47 p19624 检测到系统弹窗(信息) → 已点确定/关闭
09-08 02:52:48 p19624 掉线判定: 进程消失 → 重启闭环
09-08 02:52:49 p19624 已重启为新进程 PID=19728，等待登录界面…
09-08 02:52:50 p19728 检测到登录界面，开始播种…
09-08 02:52:51 [sat] 到达验证: (2777.6603559562, 1601.0027045902)（目标 (2780.0, 1600.0)，±3 格容差）
09-08 02:52:51 [sat] p22968: 已点队长身体 (538,240)（第1次申请）
09-08 02:52:52 [sat] p12408: 已点队长身体 (538,240)（第1次申请）
09-08 02:52:52 [sat] p10008: 已点队长身体 (538,240)（第2次申请）
09-08 02:52:53 p4104 已拉起任务脚本（队长·二号美人 gw=file://pzxy_p4104）
09-08 02:52:56 p19728 播种成功 ✓
09-08 02:52:56 p19624 → 新 PID=19728 播种/登录流程接管完成
09-08 02:52:56 p19728 重放 member#3 登录点击 4 步…
09-08 02:52:58 [看门狗] 检测到缺员 0/5 → 打断抓鬼，启动补组队
09-08 02:52:58 已打断 p4104 任务脚本（系统 PID 3260）
09-08 02:52:58 [sat] 队长准备: 传送 大唐官府 + 走位 [139,80]
09-08 02:53:02 [sat] p22968: 已点队长身体 (538,240)（第2次申请）
09-08 02:53:02 [sat] p10008: 已点队长身体 (538,240)（第3次申请）
09-08 02:53:04 [sat] p12408: 已点队长身体 (538,240)（第2次申请）
09-08 02:53:04 p19728 登录点击重放完毕，等待进入场景…
09-08 02:53:06 [sat] 队长当前位置: (2640.0, 1660.0)
09-08 02:53:06 p19728 检测到已登录 ✓
09-08 02:53:06 [sat] 走位点击 (540,240)（偏差 140,-60）——途中不点组队图标
09-08 02:53:07 [sat] p19728: 异图(乾坤殿≠队长大唐官府) 就地传送
09-08 02:53:09 [sat] p10008: 申请轮次结束（是否入队由队长批准裁决）
09-08 02:53:11 [sat] 走位点击 (419,291)（偏差 70,-30）——途中不点组队图标
09-08 02:53:11 p10008 已拉起任务脚本（队员·三号美人 gw=file://pzxy_p10008）
09-08 02:53:13 [sat] p22968: 已点队长身体 (417,329)（第3次申请）
09-08 02:53:15 [sat] p12408: 已点队长身体 (420,328)（第3次申请）
09-08 02:53:16 [sat] 走位点击 (419,291)（偏差 35,-15）——途中不点组队图标
09-08 02:53:18 [sat] p19728: 已点队长身体 (538,240)（第1次申请）
09-08 02:53:19 [sat] p22968: 申请轮次结束（是否入队由队长批准裁决）
09-08 02:53:20 [sat] 到达验证: (2777.9728656087, 1600.868771882)（目标 (2780.0, 1600.0)，±3 格容差）
09-08 02:53:20 [看门狗] 队伍已散（0 人）→ 重新建队
09-08 02:53:22 p22968 已拉起任务脚本（队员·一号美人 gw=file://pzxy_p22968）
09-08 02:53:22 [sat] 建队第1次 脚底屏幕位 (417,292) → 身体点上移 40
09-08 02:53:24 [sat] p12408: 申请轮次结束（是否入队由队长批准裁决）
09-08 02:53:25 [sat] 建队第1次 顶栏stats（应为 1）: ((1, 0, '二号美人'),)
09-08 02:53:26 [看门狗] 3 名在线队员并行申请归队
09-08 02:53:26 p12408 已拉起任务脚本（队员·这是帅哥 gw=file://pzxy_p12408）
09-08 02:53:28 [sat] p10008: 已与队长同图(大唐官府)，直接申请
09-08 02:53:28 [sat] p12408: 已与队长同图(大唐官府)，直接申请
09-08 02:53:28 [sat] p22968: 已与队长同图(大唐官府)，直接申请
09-08 02:53:32 [sat] p19728: 已点队长身体 (538,240)（第2次申请）
09-08 02:53:32 [sat] p10008: 已点队长身体 (417,326)（第1次申请）
09-08 02:53:32 [sat] p12408: 已点队长身体 (420,328)（第1次申请）
09-08 02:53:32 [sat] p22968: 已点队长身体 (417,329)（第1次申请）
09-08 02:53:42 [sat] p12408: 已点队长身体 (420,328)（第2次申请）
09-08 02:53:43 [sat] p19728: 已点队长身体 (538,240)（第3次申请）
09-08 02:53:43 [sat] p22968: 已点队长身体 (417,329)（第2次申请）
09-08 02:53:43 [sat] p10008: 已点队长身体 (417,326)（第2次申请）
09-08 02:53:49 [sat] p19728: 申请轮次结束（是否入队由队长批准裁决）
09-08 02:53:52 p19728 已拉起任务脚本（队员·这是猛男 gw=file://pzxy_p19728）
09-08 02:53:54 [sat] p22968: 已点队长身体 (417,329)（第3次申请）
09-08 02:53:54 [sat] p12408: 已点队长身体 (420,328)（第3次申请）
09-08 02:53:56 [sat] p10008: 已点队长身体 (417,326)（第3次申请）
09-08 02:54:00 [看门狗] 心跳: 1/5
09-08 02:54:00 [sat] p22968: 申请轮次结束（是否入队由队长批准裁决）
09-08 02:54:02 [sat] p12408: 申请轮次结束（是否入队由队长批准裁决）
09-08 02:54:03 [sat] p10008: 申请轮次结束（是否入队由队长批准裁决）
09-08 02:54:06 [sat] 当前成员数: 1（目标 5）
09-08 02:54:17 [sat] 当前成员数: 2（目标 5）
09-08 02:54:28 [sat] 当前成员数: 3（目标 5）
09-08 02:54:39 [sat] 当前成员数: 4（目标 5）
09-08 02:56:03 [看门狗] 心跳: 4/5
09-08 02:58:06 [看门狗] 心跳: 4/5
09-08 03:00:08 [看门狗] 心跳: 4/5
09-08 03:01:11 [看门狗] 补组批准结束: 4/5
09-08 03:01:11 [看门狗] 仍未满员，掉线队员回来后继续下一轮
09-08 03:01:25 [sat] 队长准备: 传送 大唐官府 + 走位 [139,80]
09-08 03:01:33 [sat] 队长当前位置: (2640.0, 1660.0)
09-08 03:01:33 [sat] 走位点击 (540,240)（偏差 140,-60）——途中不点组队图标
09-08 03:01:38 [sat] 走位点击 (540,240)（偏差 70,-30）——途中不点组队图标
09-08 03:01:43 [sat] 走位点击 (540,240)（偏差 35,-15）——途中不点组队图标
09-08 03:01:47 [sat] 到达验证: (2640.0, 1660.0)（目标 (2780.0, 1600.0)，±3 格容差）
09-08 03:01:47 [sat] [fail] 队长未到达 [139,80] 附近（±3 格）
09-08 03:01:47 [看门狗] 4 名在线队员并行申请归队
09-08 03:01:48 [sat] p12408: 已与队长同图(大唐官府)，直接申请
09-08 03:01:48 [sat] p19728: 已与队长同图(大唐官府)，直接申请
09-08 03:01:49 [sat] p10008: 已与队长同图(大唐官府)，直接申请
09-08 03:01:49 [sat] p22968: 已与队长同图(大唐官府)，直接申请
09-08 03:01:52 [sat] p12408: 已点队长身体 (537,240)（第1次申请）
09-08 03:01:52 [sat] p22968: 已点队长身体 (537,240)（第1次申请）
09-08 03:01:53 [sat] p19728: 已点队长身体 (537,240)（第1次申请）
09-08 03:01:53 [sat] p10008: 已点队长身体 (417,326)（第1次申请）
09-08 03:02:02 [sat] p12408: 已点队长身体 (537,240)（第2次申请）
09-08 03:02:04 [sat] p19728: 已点队长身体 (537,240)（第2次申请）
09-08 03:02:05 [sat] p22968: 已点队长身体 (537,240)（第2次申请）
09-08 03:02:05 [sat] p10008: 已点队长身体 (417,326)（第2次申请）
09-08 03:02:11 [看门狗] 心跳: 4/5
09-08 03:02:13 [sat] p12408: 已点队长身体 (537,240)（第3次申请）
09-08 03:02:16 [sat] p22968: 已点队长身体 (537,240)（第3次申请）
09-08 03:02:16 [sat] p10008: 已点队长身体 (417,326)（第3次申请）
09-08 03:02:16 [sat] p19728: 已点队长身体 (537,240)（第3次申请）
09-08 03:02:19 [sat] p12408: 申请轮次结束（是否入队由队长批准裁决）
09-08 03:02:23 [sat] p10008: 申请轮次结束（是否入队由队长批准裁决）
09-08 03:02:24 [sat] p19728: 申请轮次结束（是否入队由队长批准裁决）
09-08 03:02:24 [sat] p22968: 申请轮次结束（是否入队由队长批准裁决）
09-08 03:02:26 [sat] 当前成员数: 4（目标 5）
09-08 03:04:13 [看门狗] 心跳: 4/5
09-08 03:06:16 [看门狗] 心跳: 4/5
09-08 03:08:18 [看门狗] 心跳: 4/5
09-08 03:09:29 [看门狗] 补组批准结束: 4/5
09-08 03:09:30 [看门狗] 仍未满员，掉线队员回来后继续下一轮
09-08 03:09:35 [sat] 队长准备: 传送 大唐官府 + 走位 [139,80]
09-08 03:09:44 [sat] 队长当前位置: (2640.0, 1660.0)
09-08 03:09:44 [sat] 走位点击 (540,240)（偏差 140,-60）——途中不点组队图标
09-08 03:09:49 [sat] 走位点击 (540,240)（偏差 70,-30）——途中不点组队图标
09-08 03:09:53 [sat] 走位点击 (540,240)（偏差 35,-15）——途中不点组队图标
09-08 03:09:58 [sat] 到达验证: (2640.0, 1660.0)（目标 (2780.0, 1600.0)，±3 格容差）
09-08 03:09:58 [sat] [fail] 队长未到达 [139,80] 附近（±3 格）
09-08 03:09:58 [看门狗] 4 名在线队员并行申请归队
09-08 03:09:59 [sat] p10008: 已与队长同图(大唐官府)，直接申请
09-08 03:09:59 [sat] p19728: 已与队长同图(大唐官府)，直接申请
09-08 03:09:59 [sat] p22968: 已与队长同图(大唐官府)，直接申请
09-08 03:10:00 [sat] p12408: 已与队长同图(大唐官府)，直接申请
09-08 03:10:04 [sat] p10008: 已点队长身体 (417,326)（第1次申请）
09-08 03:10:04 [sat] p19728: 已点队长身体 (537,240)（第1次申请）
09-08 03:10:05 [sat] p22968: 已点队长身体 (537,240)（第1次申请）
09-08 03:10:05 [sat] p12408: 已点队长身体 (537,240)（第1次申请）
09-08 03:10:15 [sat] p10008: 已点队长身体 (417,326)（第2次申请）
09-08 03:10:16 [sat] p22968: 已点队长身体 (537,240)（第2次申请）
09-08 03:10:17 [sat] p12408: 已点队长身体 (537,240)（第2次申请）
09-08 03:10:17 [sat] p19728: 已点队长身体 (537,240)（第2次申请）
09-08 03:10:21 [看门狗] 心跳: 4/5
09-08 03:10:28 [sat] p10008: 已点队长身体 (417,326)（第3次申请）
09-08 03:10:28 [sat] p22968: 已点队长身体 (537,240)（第3次申请）
09-08 03:10:31 [sat] p12408: 已点队长身体 (537,240)（第3次申请）
09-08 03:10:31 [sat] p19728: 已点队长身体 (537,240)（第3次申请）
09-08 03:10:35 [sat] p10008: 申请轮次结束（是否入队由队长批准裁决）
09-08 03:10:36 [sat] p22968: 申请轮次结束（是否入队由队长批准裁决）
09-08 03:10:37 [sat] p12408: 申请轮次结束（是否入队由队长批准裁决）
09-08 03:10:38 [sat] p19728: 申请轮次结束（是否入队由队长批准裁决）
09-08 03:10:40 [sat] 当前成员数: 4（目标 5）
09-08 03:12:24 [看门狗] 心跳: 4/5
09-08 03:13:53 [内存] 已修剪 5 个游戏进程：1.6GB → 67.0MB（释放 1.6GB）
09-08 03:14:26 [看门狗] 心跳: 4/5
09-08 03:16:29 [看门狗] 心跳: 4/5
09-08 03:17:43 [看门狗] 补组批准结束: 4/5
09-08 03:17:44 [看门狗] 仍未满员，掉线队员回来后继续下一轮
09-08 03:17:46 [sat] 队长准备: 传送 大唐官府 + 走位 [139,80]
09-08 03:17:54 [sat] 队长当前位置: (2640.0, 1660.0)
09-08 03:17:54 [sat] 走位点击 (540,240)（偏差 140,-60）——途中不点组队图标
09-08 03:17:59 [sat] 走位点击 (540,240)（偏差 70,-30）——途中不点组队图标
09-08 03:18:03 [sat] 走位点击 (540,240)（偏差 35,-15）——途中不点组队图标
09-08 03:18:08 [sat] 到达验证: (2640.0, 1660.0)（目标 (2780.0, 1600.0)，±3 格容差）
09-08 03:18:08 [sat] [fail] 队长未到达 [139,80] 附近（±3 格）
09-08 03:18:08 [看门狗] 4 名在线队员并行申请归队
09-08 03:18:09 [sat] p12408: 已与队长同图(大唐官府)，直接申请
09-08 03:18:09 [sat] p22968: 已与队长同图(大唐官府)，直接申请
09-08 03:18:09 [sat] p19728: 已与队长同图(大唐官府)，直接申请
09-08 03:18:10 [sat] p10008: 已与队长同图(大唐官府)，直接申请
09-08 03:18:14 [sat] p12408: 已点队长身体 (537,240)（第1次申请）
09-08 03:18:14 [sat] p22968: 已点队长身体 (537,240)（第1次申请）
09-08 03:18:15 [sat] p19728: 已点队长身体 (537,240)（第1次申请）
09-08 03:18:15 [sat] p10008: 已点队长身体 (417,326)（第1次申请）
09-08 03:18:26 [sat] p19728: 已点队长身体 (537,240)（第2次申请）
09-08 03:18:26 [sat] p22968: 已点队长身体 (537,240)（第2次申请）
09-08 03:18:26 [sat] p12408: 已点队长身体 (537,240)（第2次申请）
09-08 03:18:27 [sat] p10008: 已点队长身体 (417,326)（第2次申请）
09-08 03:18:31 [看门狗] 心跳: 4/5
09-08 03:18:37 [sat] p22968: 已点队长身体 (537,240)（第3次申请）
09-08 03:18:37 [sat] p12408: 已点队长身体 (537,240)（第3次申请）
09-08 03:18:37 [sat] p19728: 已点队长身体 (537,240)（第3次申请）
09-08 03:18:39 [sat] p10008: 已点队长身体 (417,326)（第3次申请）
09-08 03:18:45 [sat] p19728: 申请轮次结束（是否入队由队长批准裁决）
09-08 03:18:45 [sat] p22968: 申请轮次结束（是否入队由队长批准裁决）
09-08 03:18:45 [sat] p12408: 申请轮次结束（是否入队由队长批准裁决）
09-08 03:18:46 [sat] p10008: 申请轮次结束（是否入队由队长批准裁决）
09-08 03:18:49 [sat] 当前成员数: 4（目标 5）
09-08 03:20:34 [看门狗] 心跳: 4/5
09-08 03:22:36 [看门狗] 心跳: 4/5
09-08 03:24:39 [看门狗] 心跳: 4/5
09-08 03:25:52 [看门狗] 补组批准结束: 4/5
09-08 03:25:53 [看门狗] 仍未满员，掉线队员回来后继续下一轮
09-08 03:25:55 [sat] 队长准备: 传送 大唐官府 + 走位 [139,80]
09-08 03:26:04 [sat] 队长当前位置: (2640.0, 1660.0)
09-08 03:26:04 [sat] 走位点击 (540,240)（偏差 140,-60）——途中不点组队图标
09-08 03:26:09 [sat] 走位点击 (540,240)（偏差 70,-30）——途中不点组队图标
09-08 03:26:14 [sat] 走位点击 (540,240)（偏差 35,-15）——途中不点组队图标
09-08 03:26:18 [sat] 到达验证: (2640.0, 1660.0)（目标 (2780.0, 1600.0)，±3 格容差）
09-08 03:26:18 [sat] [fail] 队长未到达 [139,80] 附近（±3 格）
09-08 03:26:18 [看门狗] 4 名在线队员并行申请归队
09-08 03:26:20 [sat] p10008: 已与队长同图(大唐官府)，直接申请
09-08 03:26:20 [sat] p19728: 已与队长同图(大唐官府)，直接申请
09-08 03:26:20 [sat] p22968: 已与队长同图(大唐官府)，直接申请
09-08 03:26:20 [sat] p12408: 已与队长同图(大唐官府)，直接申请
09-08 03:26:25 [sat] p10008: 已点队长身体 (417,326)（第1次申请）
09-08 03:26:25 [sat] p19728: 已点队长身体 (537,240)（第1次申请）
09-08 03:26:25 [sat] p22968: 已点队长身体 (537,240)（第1次申请）
09-08 03:26:25 [sat] p12408: 已点队长身体 (537,240)（第1次申请）
09-08 03:26:37 [sat] p22968: 已点队长身体 (537,240)（第2次申请）
09-08 03:26:38 [sat] p12408: 已点队长身体 (537,240)（第2次申请）
09-08 03:26:38 [sat] p10008: 已点队长身体 (417,326)（第2次申请）
09-08 03:26:38 [sat] p19728: 已点队长身体 (537,240)（第2次申请）
09-08 03:26:41 [看门狗] 心跳: 4/5
09-08 03:26:50 [sat] p12408: 已点队长身体 (537,240)（第3次申请）
09-08 03:26:50 [sat] p10008: 已点队长身体 (417,326)（第3次申请）
09-08 03:26:50 [sat] p22968: 已点队长身体 (537,240)（第3次申请）
09-08 03:26:50 [sat] p19728: 已点队长身体 (537,240)（第3次申请）
09-08 03:26:56 [sat] p12408: 申请轮次结束（是否入队由队长批准裁决）
09-08 03:26:56 [sat] p10008: 申请轮次结束（是否入队由队长批准裁决）
09-08 03:26:56 [sat] p22968: 申请轮次结束（是否入队由队长批准裁决）
09-08 03:26:58 [sat] p19728: 申请轮次结束（是否入队由队长批准裁决）
09-08 03:27:01 [sat] 当前成员数: 4（目标 5）
09-08 03:28:44 [看门狗] 心跳: 4/5
09-08 03:30:46 [看门狗] 心跳: 4/5
09-08 03:32:49 [看门狗] 心跳: 4/5
09-08 03:34:06 [看门狗] 补组批准结束: 4/5
09-08 03:34:07 [看门狗] 仍未满员，掉线队员回来后继续下一轮
09-08 03:34:21 [sat] 队长准备: 传送 大唐官府 + 走位 [139,80]
09-08 03:34:30 [sat] 队长当前位置: (2640.0, 1660.0)
09-08 03:34:30 [sat] 走位点击 (540,240)（偏差 140,-60）——途中不点组队图标
09-08 03:34:35 [sat] 走位点击 (540,240)（偏差 70,-30）——途中不点组队图标
09-08 03:34:39 [sat] 走位点击 (540,240)（偏差 35,-15）——途中不点组队图标
09-08 03:34:44 [sat] 到达验证: (2640.0, 1660.0)（目标 (2780.0, 1600.0)，±3 格容差）
09-08 03:34:44 [sat] [fail] 队长未到达 [139,80] 附近（±3 格）
09-08 03:34:44 [看门狗] 4 名在线队员并行申请归队
09-08 03:34:45 [sat] p10008: 已与队长同图(大唐官府)，直接申请
09-08 03:34:45 [sat] p19728: 已与队长同图(大唐官府)，直接申请
09-08 03:34:46 [sat] p22968: 已与队长同图(大唐官府)，直接申请
09-08 03:34:46 [sat] p12408: 已与队长同图(大唐官府)，直接申请
09-08 03:34:50 [sat] p22968: 已点队长身体 (537,240)（第1次申请）
09-08 03:34:50 [sat] p10008: 已点队长身体 (417,326)（第1次申请）
09-08 03:34:50 [sat] p12408: 已点队长身体 (537,240)（第1次申请）
09-08 03:34:50 [sat] p19728: 已点队长身体 (537,240)（第1次申请）
09-08 03:34:51 [看门狗] 心跳: 4/5
09-08 03:35:01 [sat] p10008: 已点队长身体 (417,326)（第2次申请）
09-08 03:35:01 [sat] p22968: 已点队长身体 (537,240)（第2次申请）
09-08 03:35:02 [sat] p19728: 已点队长身体 (537,240)（第2次申请）
09-08 03:35:02 [sat] p12408: 已点队长身体 (537,240)（第2次申请）
09-08 03:35:13 [sat] p10008: 已点队长身体 (417,326)（第3次申请）
09-08 03:35:13 [sat] p12408: 已点队长身体 (537,240)（第3次申请）
09-08 03:35:14 [sat] p22968: 已点队长身体 (537,240)（第3次申请）
09-08 03:35:14 [sat] p19728: 已点队长身体 (537,240)（第3次申请）
09-08 03:35:20 [sat] p22968: 申请轮次结束（是否入队由队长批准裁决）
09-08 03:35:20 [sat] p12408: 申请轮次结束（是否入队由队长批准裁决）
09-08 03:35:21 [sat] p10008: 申请轮次结束（是否入队由队长批准裁决）
09-08 03:35:21 [sat] p19728: 申请轮次结束（是否入队由队长批准裁决）
09-08 03:35:23 [sat] 当前成员数: 4（目标 5）
09-08 03:36:54 [看门狗] 心跳: 4/5
09-08 03:38:57 [看门狗] 心跳: 4/5
09-08 03:40:59 [看门狗] 心跳: 4/5
09-08 03:42:27 [看门狗] 补组批准结束: 4/5
09-08 03:42:28 [看门狗] 仍未满员，掉线队员回来后继续下一轮
09-08 03:42:31 [sat] 队长准备: 传送 大唐官府 + 走位 [139,80]
09-08 03:42:39 [sat] 队长当前位置: (2640.0, 1660.0)
09-08 03:42:39 [sat] 走位点击 (540,240)（偏差 140,-60）——途中不点组队图标
09-08 03:42:44 [sat] 走位点击 (540,240)（偏差 70,-30）——途中不点组队图标
09-08 03:42:49 [sat] 走位点击 (540,240)（偏差 35,-15）——途中不点组队图标
09-08 03:42:53 [sat] 到达验证: (2640.0, 1660.0)（目标 (2780.0, 1600.0)，±3 格容差）
09-08 03:42:53 [sat] [fail] 队长未到达 [139,80] 附近（±3 格）
09-08 03:42:54 [看门狗] 4 名在线队员并行申请归队
09-08 03:42:55 [sat] p10008: 已与队长同图(大唐官府)，直接申请
09-08 03:42:55 [sat] p19728: 已与队长同图(大唐官府)，直接申请
09-08 03:42:55 [sat] p12408: 已与队长同图(大唐官府)，直接申请
09-08 03:42:56 [sat] p22968: 已与队长同图(大唐官府)，直接申请
09-08 03:43:00 [sat] p10008: 已点队长身体 (417,326)（第1次申请）
09-08 03:43:00 [sat] p19728: 已点队长身体 (537,240)（第1次申请）
09-08 03:43:00 [sat] p12408: 已点队长身体 (537,240)（第1次申请）
09-08 03:43:01 [sat] p22968: 已点队长身体 (537,240)（第1次申请）
09-08 03:43:01 [看门狗] 心跳: 4/5
09-08 03:43:12 [sat] p10008: 已点队长身体 (417,326)（第2次申请）
09-08 03:43:12 [sat] p12408: 已点队长身体 (537,240)（第2次申请）
09-08 03:43:13 [sat] p22968: 已点队长身体 (537,240)（第2次申请）
09-08 03:43:13 [sat] p19728: 已点队长身体 (537,240)（第2次申请）
09-08 03:43:22 [sat] p12408: 已点队长身体 (537,240)（第3次申请）
09-08 03:43:24 [sat] p10008: 已点队长身体 (309,297)（第3次申请）
09-08 03:43:24 [sat] p22968: 已点队长身体 (537,240)（第3次申请）
09-08 03:43:24 [sat] p19728: 已点队长身体 (537,240)（第3次申请）
09-08 03:43:29 [sat] p12408: 申请轮次结束（是否入队由队长批准裁决）
09-08 03:43:31 [sat] p22968: 申请轮次结束（是否入队由队长批准裁决）
09-08 03:43:32 [sat] p19728: 申请轮次结束（是否入队由队长批准裁决）
09-08 03:43:32 [sat] p10008: 申请轮次结束（是否入队由队长批准裁决）
09-08 03:43:35 [sat] 当前成员数: 4（目标 5）
09-08 03:43:53 [内存] 已修剪 5 个游戏进程：455.4MB → 35.0MB（释放 420.4MB）
09-08 03:45:04 [看门狗] 心跳: 4/5
09-08 03:47:06 [看门狗] 心跳: 4/5
09-08 03:49:09 [看门狗] 心跳: 4/5
09-08 03:50:35 [看门狗] 补组批准结束: 4/5
09-08 03:50:36 [看门狗] 仍未满员，掉线队员回来后继续下一轮
09-08 03:50:41 [sat] 队长准备: 传送 大唐官府 + 走位 [139,80]
09-08 03:50:49 [sat] 队长当前位置: (2640.0, 1660.0)
09-08 03:50:49 [sat] 走位点击 (540,240)（偏差 140,-60）——途中不点组队图标
09-08 03:50:54 [sat] 走位点击 (540,240)（偏差 70,-30）——途中不点组队图标
09-08 03:50:59 [sat] 走位点击 (540,240)（偏差 35,-15）——途中不点组队图标
09-08 03:51:03 [sat] 到达验证: (2640.0, 1660.0)（目标 (2780.0, 1600.0)，±3 格容差）
09-08 03:51:03 [sat] [fail] 队长未到达 [139,80] 附近（±3 格）
09-08 03:51:03 [看门狗] 4 名在线队员并行申请归队
09-08 03:51:04 [sat] p10008: 已与队长同图(大唐官府)，直接申请
09-08 03:51:04 [sat] p12408: 已与队长同图(大唐官府)，直接申请
09-08 03:51:05 [sat] p22968: 已与队长同图(大唐官府)，直接申请
09-08 03:51:05 [sat] p19728: 已与队长同图(大唐官府)，直接申请
09-08 03:51:09 [sat] p12408: 已点队长身体 (537,240)（第1次申请）
09-08 03:51:09 [sat] p10008: 已点队长身体 (383,334)（第1次申请）
09-08 03:51:09 [sat] p19728: 已点队长身体 (537,240)（第1次申请）
09-08 03:51:09 [sat] p22968: 已点队长身体 (537,240)（第1次申请）
09-08 03:51:11 [看门狗] 心跳: 4/5
09-08 03:51:21 [sat] p19728: 已点队长身体 (537,240)（第2次申请）
09-08 03:51:22 [sat] p12408: 已点队长身体 (537,240)（第2次申请）
09-08 03:51:22 [sat] p22968: 已点队长身体 (537,240)（第2次申请）
09-08 03:51:22 [sat] p10008: 已点队长身体 (383,334)（第2次申请）
09-08 03:51:32 [sat] p12408: 已点队长身体 (537,240)（第3次申请）
09-08 03:51:32 [sat] p19728: 已点队长身体 (537,240)（第3次申请）
09-08 03:51:33 [sat] p10008: 已点队长身体 (383,334)（第3次申请）
09-08 03:51:34 [sat] p22968: 已点队长身体 (537,240)（第3次申请）
09-08 03:51:39 [sat] p10008: 申请轮次结束（是否入队由队长批准裁决）
09-08 03:51:39 [sat] p19728: 申请轮次结束（是否入队由队长批准裁决）
09-08 03:51:40 [sat] p12408: 申请轮次结束（是否入队由队长批准裁决）
09-08 03:51:40 [sat] p22968: 申请轮次结束（是否入队由队长批准裁决）
09-08 03:51:43 [sat] 当前成员数: 4（目标 5）
09-08 03:53:14 [看门狗] 心跳: 4/5
09-08 03:55:17 [看门狗] 心跳: 4/5
09-08 03:57:19 [看门狗] 心跳: 4/5
09-08 03:58:44 [看门狗] 补组批准结束: 4/5
09-08 03:58:44 [看门狗] 仍未满员，掉线队员回来后继续下一轮
09-08 03:58:51 [sat] 队长准备: 传送 大唐官府 + 走位 [139,80]
09-08 03:58:59 [sat] 队长当前位置: (2640.0, 1660.0)
09-08 03:58:59 [sat] 走位点击 (540,240)（偏差 140,-60）——途中不点组队图标
09-08 03:59:04 [sat] 走位点击 (540,240)（偏差 70,-30）——途中不点组队图标
09-08 03:59:08 [sat] 走位点击 (540,240)（偏差 35,-15）——途中不点组队图标
09-08 03:59:13 [sat] 到达验证: (2640.0, 1660.0)（目标 (2780.0, 1600.0)，±3 格容差）
09-08 03:59:13 [sat] [fail] 队长未到达 [139,80] 附近（±3 格）
09-08 03:59:13 [看门狗] 4 名在线队员并行申请归队
09-08 03:59:14 [sat] p22968: 已与队长同图(大唐官府)，直接申请
09-08 03:59:14 [sat] p19728: 已与队长同图(大唐官府)，直接申请
09-08 03:59:14 [sat] p12408: 已与队长同图(大唐官府)，直接申请
09-08 03:59:14 [sat] p10008: 已与队长同图(大唐官府)，直接申请
09-08 03:59:18 [sat] p22968: 已点队长身体 (537,240)（第1次申请）
09-08 03:59:19 [sat] p10008: 已点队长身体 (383,334)（第1次申请）
09-08 03:59:19 [sat] p19728: 已点队长身体 (537,240)（第1次申请）
09-08 03:59:19 [sat] p12408: 已点队长身体 (537,240)（第1次申请）
09-08 03:59:22 [看门狗] 心跳: 4/5
09-08 03:59:29 [sat] p12408: 已点队长身体 (537,240)（第2次申请）
09-08 03:59:30 [sat] p22968: 已点队长身体 (537,240)（第2次申请）
09-08 03:59:30 [sat] p10008: 已点队长身体 (383,334)（第2次申请）
09-08 03:59:31 [sat] p19728: 已点队长身体 (537,240)（第2次申请）
09-08 03:59:40 [sat] p12408: 已点队长身体 (537,240)（第3次申请）
09-08 03:59:40 [sat] p10008: 已点队长身体 (383,334)（第3次申请）
09-08 03:59:43 [sat] p22968: 已点队长身体 (537,240)（第3次申请）
09-08 03:59:43 [sat] p19728: 已点队长身体 (537,240)（第3次申请）
09-08 03:59:47 [sat] p12408: 申请轮次结束（是否入队由队长批准裁决）
09-08 03:59:49 [sat] p10008: 申请轮次结束（是否入队由队长批准裁决）
09-08 03:59:50 [sat] p22968: 申请轮次结束（是否入队由队长批准裁决）
09-08 03:59:51 [sat] p19728: 申请轮次结束（是否入队由队长批准裁决）
09-08 03:59:54 [sat] 当前成员数: 4（目标 5）
09-08 04:01:24 [看门狗] 心跳: 4/5
09-08 04:03:27 [看门狗] 心跳: 4/5
09-08 04:05:29 [看门狗] 心跳: 4/5
09-08 04:07:05 [看门狗] 补组批准结束: 4/5
09-08 04:07:05 [看门狗] 仍未满员，掉线队员回来后继续下一轮
09-08 04:07:16 [sat] 队长准备: 传送 大唐官府 + 走位 [139,80]
09-08 04:07:25 [sat] 队长当前位置: (2640.0, 1660.0)
09-08 04:07:25 [sat] 走位点击 (540,240)（偏差 140,-60）——途中不点组队图标
09-08 04:07:30 [sat] 走位点击 (540,240)（偏差 70,-30）——途中不点组队图标
09-08 04:07:32 [看门狗] 心跳: 4/5
09-08 04:07:34 [sat] 走位点击 (540,240)（偏差 35,-15）——途中不点组队图标
09-08 04:07:39 [sat] 到达验证: (2640.0, 1660.0)（目标 (2780.0, 1600.0)，±3 格容差）
09-08 04:07:39 [sat] [fail] 队长未到达 [139,80] 附近（±3 格）
09-08 04:07:39 [看门狗] 4 名在线队员并行申请归队
09-08 04:07:40 [sat] p19728: 已与队长同图(大唐官府)，直接申请
09-08 04:07:40 [sat] p12408: 已与队长同图(大唐官府)，直接申请
09-08 04:07:41 [sat] p22968: 已与队长同图(大唐官府)，直接申请
09-08 04:07:41 [sat] p10008: 已与队长同图(大唐官府)，直接申请
09-08 04:07:46 [sat] p19728: 已点队长身体 (537,240)（第1次申请）
09-08 04:07:46 [sat] p12408: 已点队长身体 (537,240)（第1次申请）
09-08 04:07:46 [sat] p22968: 已点队长身体 (537,240)（第1次申请）
09-08 04:07:47 [sat] p10008: 已点队长身体 (383,334)（第1次申请）
09-08 04:07:57 [sat] p19728: 已点队长身体 (537,240)（第2次申请）
09-08 04:07:57 [sat] p12408: 已点队长身体 (537,240)（第2次申请）
09-08 04:07:57 [sat] p22968: 已点队长身体 (537,240)（第2次申请）
09-08 04:07:58 [sat] p10008: 已点队长身体 (383,334)（第2次申请）
09-08 04:08:08 [sat] p12408: 已点队长身体 (537,240)（第3次申请）
09-08 04:08:08 [sat] p22968: 已点队长身体 (537,240)（第3次申请）
09-08 04:08:09 [sat] p19728: 已点队长身体 (537,240)（第3次申请）
09-08 04:08:10 [sat] p10008: 已点队长身体 (383,334)（第3次申请）
09-08 04:08:14 [sat] p12408: 申请轮次结束（是否入队由队长批准裁决）
09-08 04:08:15 [sat] p22968: 申请轮次结束（是否入队由队长批准裁决）
09-08 04:08:17 [sat] p10008: 申请轮次结束（是否入队由队长批准裁决）
09-08 04:08:18 [sat] p19728: 申请轮次结束（是否入队由队长批准裁决）
09-08 04:08:20 [sat] 当前成员数: 4（目标 5）
09-08 04:09:34 [看门狗] 心跳: 4/5
09-08 04:11:37 [看门狗] 心跳: 4/5
09-08 04:13:39 [看门狗] 心跳: 4/5
09-08 04:13:53 [内存] 已修剪 5 个游戏进程：443.2MB → 16.2MB（释放 427.0MB）
09-08 04:15:22 [看门狗] 补组批准结束: 4/5
09-08 04:15:23 [看门狗] 仍未满员，掉线队员回来后继续下一轮
09-08 04:15:27 [sat] 队长准备: 传送 大唐官府 + 走位 [139,80]
09-08 04:15:36 [sat] 队长当前位置: (2640.0, 1660.0)
09-08 04:15:36 [sat] 走位点击 (540,240)（偏差 140,-60）——途中不点组队图标
09-08 04:15:41 [sat] 走位点击 (540,240)（偏差 70,-30）——途中不点组队图标
09-08 04:15:42 [看门狗] 心跳: 4/5
09-08 04:15:45 [sat] 走位点击 (540,240)（偏差 35,-15）——途中不点组队图标
09-08 04:15:50 [sat] 到达验证: (2640.0, 1660.0)（目标 (2780.0, 1600.0)，±3 格容差）
09-08 04:15:50 [sat] [fail] 队长未到达 [139,80] 附近（±3 格）
09-08 04:15:50 [看门狗] 4 名在线队员并行申请归队
09-08 04:15:51 [sat] p22968: 已与队长同图(大唐官府)，直接申请
09-08 04:15:51 [sat] p12408: 已与队长同图(大唐官府)，直接申请
09-08 04:15:51 [sat] p10008: 已与队长同图(大唐官府)，直接申请
09-08 04:15:51 [sat] p19728: 已与队长同图(大唐官府)，直接申请
09-08 04:15:56 [sat] p22968: 已点队长身体 (537,240)（第1次申请）
09-08 04:15:56 [sat] p12408: 已点队长身体 (537,240)（第1次申请）
09-08 04:15:56 [sat] p19728: 已点队长身体 (537,240)（第1次申请）
09-08 04:15:57 [sat] p10008: 已点队长身体 (383,334)（第1次申请）
09-08 04:16:08 [sat] p12408: 已点队长身体 (537,240)（第2次申请）
09-08 04:16:08 [sat] p10008: 已点队长身体 (383,334)（第2次申请）
09-08 04:16:08 [sat] p19728: 已点队长身体 (537,240)（第2次申请）
09-08 04:16:09 [sat] p22968: 已点队长身体 (537,240)（第2次申请）
09-08 04:16:19 [sat] p19728: 已点队长身体 (537,240)（第3次申请）
09-08 04:16:19 [sat] p22968: 已点队长身体 (537,240)（第3次申请）
09-08 04:16:20 [sat] p10008: 已点队长身体 (383,334)（第3次申请）
09-08 04:16:21 [sat] p12408: 已点队长身体 (537,240)（第3次申请）
09-08 04:16:27 [sat] p19728: 申请轮次结束（是否入队由队长批准裁决）
09-08 04:16:27 [sat] p10008: 申请轮次结束（是否入队由队长批准裁决）
09-08 04:16:27 [sat] p22968: 申请轮次结束（是否入队由队长批准裁决）
09-08 04:16:30 [sat] p12408: 申请轮次结束（是否入队由队长批准裁决）
09-08 04:16:32 [sat] 当前成员数: 4（目标 5）
09-08 04:17:45 [看门狗] 心跳: 4/5
09-08 06:33:16 squad_auto_team 日志已桥接到 GUI（组队内部步骤可见）
09-08 06:33:22 已启动队长进程 PID=18740，等待登录界面窗口…
09-08 06:33:24 已启动队员进程 PID=19408，等待登录界面窗口…
09-08 06:33:24 已启动队员进程 PID=19312，等待登录界面窗口…
09-08 06:33:25 已启动队员进程 PID=17896，等待登录界面窗口…
09-08 06:33:27 已启动队员进程 PID=17440，等待登录界面窗口…
09-08 06:33:34 p19312 检测到登录界面，开始播种…
09-08 06:33:34 p18740 检测到登录界面，开始播种…
09-08 06:33:35 p19408 检测到登录界面，开始播种…
09-08 06:33:35 p17896 检测到登录界面，开始播种…
09-08 06:33:35 p17440 检测到登录界面，开始播种…
09-08 06:33:46 [内存] 已修剪 5 个游戏进程：1.4GB → 26.9MB（释放 1.4GB）
09-08 06:33:50 p17896 播种成功 ✓
09-08 06:33:50 p17440 播种成功 ✓
09-08 06:33:50 p17896 重放 member#3 登录点击 4 步…
09-08 06:33:50 p17440 重放 member#4 登录点击 4 步…
09-08 06:33:50 p19408 播种成功 ✓
09-08 06:33:50 p19408 重放 member#1 登录点击 4 步…
09-08 06:33:51 p19312 播种成功 ✓
09-08 06:33:51 p19312 重放 member#2 登录点击 4 步…
09-08 06:33:51 p18740 播种成功 ✓
09-08 06:33:51 p18740 重放 leader#1 登录点击 4 步…
09-08 06:33:58 p17896 登录点击重放完毕，等待进入场景…
09-08 06:33:58 p18740 登录点击重放完毕，等待进入场景…
09-08 06:33:58 p17440 登录点击重放完毕，等待进入场景…
09-08 06:33:59 p19408 登录点击重放完毕，等待进入场景…
09-08 06:33:59 p19312 登录点击重放完毕，等待进入场景…
09-08 06:34:00 p18740 检测到已登录 ✓
09-08 06:34:00 p19408 检测到已登录 ✓
09-08 06:34:00 p19312 检测到已登录 ✓
09-08 06:34:00 p17896 检测到已登录 ✓
09-08 06:34:00 p17440 检测到已登录 ✓
09-08 06:43:06 [autoTeam] Lua 队伍读数 5/5 已满员 → 跳过组队，直接执行任务
09-08 06:43:07 p18740 已拉起任务脚本（队长·二号美人 gw=file://pzxy_p18740）
09-08 06:43:07 p19408 已拉起任务脚本（队员·三号美人 gw=file://pzxy_p19408）
09-08 06:43:07 p19312 已拉起任务脚本（队员·这是帅哥 gw=file://pzxy_p19312）
09-08 06:43:07 p17896 已拉起任务脚本（队员·这是猛男 gw=file://pzxy_p17896）
09-08 06:43:08 p17440 已拉起任务脚本（队员·一号美人 gw=file://pzxy_p17440）
09-08 06:43:08 [autoTeam] 组队+任务脚本启动完成
09-08 06:43:08 [看门狗] 启动（目标 5 人，每 15s 判定）
09-08 06:44:06 [暂停] 自动化冻结：停任务脚本，看门狗/掉线闭环挂起（可人工接管）
09-08 06:44:06 已打断 p18740 任务脚本（系统 PID 4564）
09-08 06:44:07 已打断 p19408 任务脚本（系统 PID 10896）
09-08 06:44:07 已打断 p19312 任务脚本（系统 PID 12008）
09-08 06:44:07 已打断 p17896 任务脚本（系统 PID 18196）
09-08 06:44:07 已打断 p17440 任务脚本（系统 PID 6432）
09-08 06:44:08 [暂停] 完成：任务脚本已全部停止
09-08 06:44:40 [恢复] 解冻：跳过组队，按角色直接拉起任务脚本
09-08 06:44:41 p18740 已拉起任务脚本（队长·二号美人 gw=file://pzxy_p18740）
09-08 06:44:41 p19408 已拉起任务脚本（队员·三号美人 gw=file://pzxy_p19408）
09-08 06:44:41 p19312 已拉起任务脚本（队员·这是帅哥 gw=file://pzxy_p19312）
09-08 06:44:41 p17896 已拉起任务脚本（队员·这是猛男 gw=file://pzxy_p17896）
09-08 06:44:42 p17440 已拉起任务脚本（队员·一号美人 gw=file://pzxy_p17440）
09-08 06:44:42 [恢复] 完成：任务脚本已拉起，看门狗/掉线闭环恢复（缺员时看门狗自动补组）
09-08 06:45:57 [看门狗] 心跳: 5/5
09-08 06:47:41 [暂停] 自动化冻结：停任务脚本，看门狗/掉线闭环挂起（可人工接管）
09-08 06:47:42 已打断 p18740 任务脚本（系统 PID 3084）
09-08 06:47:42 已打断 p19408 任务脚本（系统 PID 18620）
09-08 06:47:42 已打断 p19312 任务脚本（系统 PID 14264）
09-08 06:47:43 已打断 p17896 任务脚本（系统 PID 5544）
09-08 06:47:43 已打断 p17440 任务脚本（系统 PID 14156）
09-08 06:47:43 [暂停] 完成：任务脚本已全部停止
09-08 06:50:03 [恢复] 解冻：跳过组队，按角色直接拉起任务脚本
09-08 06:50:03 p18740 已拉起任务脚本（队长·二号美人 gw=file://pzxy_p18740）
09-08 06:50:03 p19408 已拉起任务脚本（队员·三号美人 gw=file://pzxy_p19408）
09-08 06:50:04 p19312 已拉起任务脚本（队员·这是帅哥 gw=file://pzxy_p19312）
09-08 06:50:04 p17896 已拉起任务脚本（队员·这是猛男 gw=file://pzxy_p17896）
09-08 06:50:04 p17440 已拉起任务脚本（队员·一号美人 gw=file://pzxy_p17440）
09-08 06:50:04 [恢复] 完成：任务脚本已拉起，看门狗/掉线闭环恢复（缺员时看门狗自动补组）
09-08 06:50:29 [看门狗] 心跳: 5/5
09-08 06:52:32 [看门狗] 心跳: 5/5
09-08 06:54:38 [看门狗] 心跳: 5/5
09-08 06:56:42 [看门狗] 心跳: 5/5
09-08 06:58:45 [看门狗] 心跳: 5/5
09-08 07:00:49 [看门狗] 心跳: 5/5
09-08 07:02:52 [看门狗] 心跳: 5/5
09-08 07:03:47 [内存] 已修剪 5 个游戏进程：2.8GB → 122.4MB（释放 2.7GB）
09-08 07:04:54 [看门狗] 心跳: 5/5
09-08 07:06:58 [看门狗] 心跳: 5/5
09-08 07:09:02 [看门狗] 心跳: 5/5
09-08 07:11:05 [看门狗] 心跳: 5/5
09-08 07:13:08 [看门狗] 心跳: 5/5
09-08 07:15:13 [看门狗] 心跳: 5/5
09-08 07:17:16 [看门狗] 心跳: 5/5
09-08 07:19:20 [看门狗] 心跳: 5/5
09-08 07:21:23 [看门狗] 心跳: 5/5
09-08 07:23:28 [看门狗] 心跳: 5/5
09-08 07:25:32 [看门狗] 心跳: 5/5
09-08 07:27:36 [看门狗] 心跳: 5/5
09-08 07:29:41 [看门狗] 心跳: 5/5
09-08 07:31:44 [看门狗] 心跳: 5/5
09-08 07:33:47 [看门狗] 心跳: 5/5
09-08 07:33:47 [内存] 已修剪 5 个游戏进程：2.8GB → 104.0MB（释放 2.7GB）
09-08 07:35:49 [看门狗] 心跳: 5/5
09-08 07:37:52 [看门狗] 心跳: 5/5
09-08 07:39:55 [看门狗] 心跳: 5/5
09-08 07:42:00 [看门狗] 心跳: 5/5
09-08 07:44:04 [看门狗] 心跳: 5/5
09-08 07:46:09 [看门狗] 心跳: 5/5
09-08 07:48:17 [看门狗] 心跳: 5/5
09-08 07:50:22 [看门狗] 心跳: 5/5
09-08 07:52:26 [看门狗] 心跳: 5/5
09-08 07:54:30 [看门狗] 心跳: 5/5
09-08 07:56:34 [看门狗] 心跳: 5/5
09-08 07:58:39 [看门狗] 心跳: 5/5
09-08 08:00:42 [看门狗] 心跳: 5/5
09-08 08:02:48 [看门狗] 心跳: 5/5
09-08 08:03:47 [内存] 已修剪 5 个游戏进程：3.1GB → 233.5MB（释放 2.8GB）
09-08 08:04:54 [看门狗] 心跳: 5/5
09-08 08:06:58 [看门狗] 心跳: 5/5
09-08 08:09:03 [看门狗] 心跳: 5/5
09-08 08:11:09 [看门狗] 心跳: 5/5
09-08 08:13:12 [看门狗] 心跳: 5/5
09-08 08:15:16 [看门狗] 心跳: 5/5
09-08 08:17:20 [看门狗] 心跳: 5/5
09-08 08:19:22 [看门狗] 心跳: 5/5
09-08 08:21:26 [看门狗] 心跳: 5/5
09-08 08:23:31 [看门狗] 心跳: 5/5
09-08 08:25:33 [看门狗] 心跳: 5/5
09-08 08:27:34 [看门狗] 心跳: 5/5
09-08 08:29:37 [看门狗] 心跳: 5/5
09-08 08:31:39 [看门狗] 心跳: 5/5
09-08 08:33:42 [看门狗] 心跳: 5/5
09-08 08:33:48 [内存] 已修剪 5 个游戏进程：2.8GB → 184.4MB（释放 2.6GB）
09-08 08:35:45 [看门狗] 心跳: 5/5
09-08 08:37:48 [看门狗] 心跳: 5/5
09-08 08:39:50 [看门狗] 心跳: 5/5
09-08 08:41:52 [看门狗] 心跳: 5/5
09-08 08:43:55 [看门狗] 心跳: 5/5
09-08 08:45:57 [看门狗] 心跳: 5/5
09-08 08:48:00 [看门狗] 心跳: 5/5
09-08 08:50:02 [看门狗] 心跳: 5/5
09-08 08:52:05 [看门狗] 心跳: 5/5
09-08 08:54:08 [看门狗] 心跳: 5/5
09-08 08:56:11 [看门狗] 心跳: 5/5
09-08 08:58:14 [看门狗] 心跳: 5/5
09-08 09:00:16 [看门狗] 心跳: 5/5
09-08 09:02:18 [看门狗] 心跳: 5/5
09-08 09:03:48 [内存] 已修剪 5 个游戏进程：1.6GB → 163.9MB（释放 1.4GB）
09-08 09:04:20 [看门狗] 心跳: 5/5
09-08 09:06:23 [看门狗] 心跳: 5/5
09-08 09:07:31 p18740 检测到系统弹窗(信息) → 已点确定/关闭
09-08 09:07:32 p18740 掉线判定: 窗口/标题异常 → 重启闭环
09-08 09:07:33 p18740 旧游戏进程卡死，已强制结束
09-08 09:07:34 p18740 已重启为新进程 PID=11428，等待登录界面…
09-08 09:07:36 p11428 检测到登录界面，开始播种…
09-08 09:07:39 [看门狗] 队长 PID 变更 18740 → 11428，跟随新通道
09-08 09:07:46 p11428 播种成功 ✓
09-08 09:07:46 p11428 重放 leader#1 登录点击 4 步…
09-08 09:07:46 p18740 → 新 PID=11428 播种/登录流程接管完成
09-08 09:07:52 p11428 登录点击重放完毕，等待进入场景…
09-08 09:07:54 p11428 检测到已登录 ✓
09-08 09:07:54 [sat] 队长准备: 传送 大唐官府 + 走位 [139,80]
09-08 09:08:02 [sat] 队长当前位置: (2640.0, 1660.0)
09-08 09:08:02 [sat] 走位点击 (540,240)（偏差 140,-60）——途中不点组队图标
09-08 09:08:07 [sat] 走位点击 (419,291)（偏差 70,-30）——途中不点组队图标
09-08 09:08:12 [sat] 走位点击 (419,291)（偏差 35,-15）——途中不点组队图标
09-08 09:08:16 [sat] 到达验证: (2777.9728658998, 1600.8687717573)（目标 (2780.0, 1600.0)，±3 格容差）
09-08 09:08:19 p11428 已拉起任务脚本（队长·二号美人 gw=file://pzxy_p11428）
09-08 09:08:25 [看门狗] 心跳: 0/5
09-08 09:08:25 [看门狗] 检测到缺员 0/5 → 打断抓鬼，启动补组队
09-08 09:08:26 已打断 p11428 任务脚本（系统 PID 12360）
09-08 09:08:26 [sat] 队长准备: 传送 大唐官府 + 走位 [139,80]
09-08 09:08:33 [sat] 队长当前位置: (2640.0, 1660.0)
09-08 09:08:33 [sat] 走位点击 (540,240)（偏差 140,-60）——途中不点组队图标
09-08 09:08:38 [sat] 走位点击 (419,291)（偏差 70,-30）——途中不点组队图标
09-08 09:08:43 [sat] 走位点击 (419,291)（偏差 35,-15）——途中不点组队图标
09-08 09:08:47 [sat] 到达验证: (2777.9728650266, 1600.8687721315)（目标 (2780.0, 1600.0)，±3 格容差）
09-08 09:08:48 [看门狗] 队伍已散（0 人）→ 重新建队
09-08 09:08:49 [sat] 建队第1次 脚底屏幕位 (417,292) → 身体点上移 40
09-08 09:08:53 [sat] 建队第1次 顶栏stats（应为 1）: ((1, 0, '二号美人'),)
09-08 09:08:53 [看门狗] 4 名在线队员并行申请归队
09-08 09:08:53 [sat] p19408: 异图(普陀山≠队长大唐官府) 就地传送
09-08 09:08:54 [sat] p19312: 异图(普陀山≠队长大唐官府) 就地传送
09-08 09:08:54 [sat] p17440: 异图(普陀山≠队长大唐官府) 就地传送
09-08 09:08:55 [sat] p17896: 异图(普陀山≠队长大唐官府) 就地传送
09-08 09:09:07 [sat] p17896: 已点队长身体 (537,240)（第1次申请）
09-08 09:09:07 [sat] p19408: 已点队长身体 (537,240)（第1次申请）
09-08 09:09:08 [sat] p17440: 已点队长身体 (537,240)（第1次申请）
09-08 09:09:08 [sat] p19312: 已点队长身体 (537,240)（第1次申请）
09-08 09:09:18 [sat] p17440: 已点队长身体 (537,240)（第2次申请）
09-08 09:09:18 [sat] p19408: 已点队长身体 (537,240)（第2次申请）
09-08 09:09:19 [sat] p17896: 已点队长身体 (537,240)（第2次申请）
09-08 09:09:19 [sat] p19312: 已点队长身体 (537,240)（第2次申请）
09-08 09:09:29 [sat] p19408: 已点队长身体 (537,240)（第3次申请）
09-08 09:09:29 [sat] p19312: 已点队长身体 (537,240)（第3次申请）
09-08 09:09:30 [sat] p17896: 已点队长身体 (537,240)（第3次申请）
09-08 09:09:30 [sat] p17440: 已点队长身体 (537,240)（第3次申请）
09-08 09:09:36 [sat] p19312: 申请轮次结束（是否入队由队长批准裁决）
09-08 09:09:36 [sat] p19408: 申请轮次结束（是否入队由队长批准裁决）
09-08 09:09:36 [sat] p17896: 申请轮次结束（是否入队由队长批准裁决）
09-08 09:09:38 [sat] p17440: 申请轮次结束（是否入队由队长批准裁决）
09-08 09:09:40 [sat] 当前成员数: 1（目标 5）
09-08 09:09:52 [sat] 当前成员数: 2（目标 5）
09-08 09:10:03 [sat] 当前成员数: 3（目标 5）
09-08 09:10:14 [sat] 当前成员数: 4（目标 5）
09-08 09:10:25 [sat] 当前成员数: 5（目标 5）
09-08 09:10:25 [看门狗] 补组批准结束: 5/5
09-08 09:10:28 [看门狗] 心跳: 5/5
09-08 09:10:28 [看门狗] 队伍满员 5/5，恢复抓鬼
09-08 09:10:29 p11428 已拉起任务脚本（队长·二号美人 gw=file://pzxy_p11428）
09-08 09:10:29 p19408 任务脚本已在跑，跳过
09-08 09:10:29 p19312 任务脚本已在跑，跳过
09-08 09:10:29 p17896 任务脚本已在跑，跳过
09-08 09:10:30 p17440 任务脚本已在跑，跳过
09-08 09:10:32 [sat] 阵法验证: 天覆阵/4
09-08 09:10:32 p11428 任务脚本已在跑，跳过
09-08 09:10:33 p19408 任务脚本已在跑，跳过
09-08 09:10:33 p19312 任务脚本已在跑，跳过
09-08 09:10:33 p17896 任务脚本已在跑，跳过
09-08 09:10:33 p17440 任务脚本已在跑，跳过
09-08 09:10:33 [看门狗] 满员，抓鬼已恢复 ✓
09-08 09:12:32 [看门狗] 心跳: 5/5
09-08 09:14:34 [看门狗] 心跳: 5/5
09-08 09:16:37 [看门狗] 心跳: 5/5
09-08 09:18:39 [看门狗] 心跳: 5/5
09-08 09:20:42 [看门狗] 心跳: 5/5
09-08 09:22:45 [看门狗] 心跳: 5/5
09-08 09:24:48 [看门狗] 心跳: 5/5
09-08 09:26:51 [看门狗] 心跳: 5/5
09-08 09:28:54 [看门狗] 心跳: 5/5
09-08 09:30:57 [看门狗] 心跳: 5/5
09-08 09:32:59 [看门狗] 心跳: 5/5
09-08 09:33:49 [内存] 已修剪 5 个游戏进程：2.1GB → 179.2MB（释放 1.9GB）
09-08 09:35:02 [看门狗] 心跳: 5/5
09-08 09:37:05 [看门狗] 心跳: 5/5
09-08 09:39:08 [看门狗] 心跳: 5/5
09-08 09:41:12 [看门狗] 心跳: 5/5
09-08 09:43:15 [看门狗] 心跳: 5/5
09-08 09:45:19 [看门狗] 心跳: 5/5
09-08 09:47:21 [看门狗] 心跳: 5/5
09-08 09:49:24 [看门狗] 心跳: 5/5
09-08 09:51:26 [看门狗] 心跳: 5/5
09-08 09:53:28 [看门狗] 心跳: 5/5
09-08 09:55:33 [看门狗] 心跳: 5/5
09-08 09:57:35 [看门狗] 心跳: 5/5
09-08 09:59:39 [看门狗] 心跳: 5/5
09-08 10:01:45 [看门狗] 心跳: 5/5
09-08 10:03:01 [看门狗] 检测到缺员 4/5 → 打断抓鬼，启动补组队
09-08 10:03:02 已打断 p11428 任务脚本（系统 PID 10284）
09-08 10:03:02 [sat] 队长准备: 传送 大唐官府 + 走位 [139,80]
09-08 10:03:03 p19312 检测到系统弹窗(信息) → 已点确定/关闭
09-08 10:03:04 p19312 掉线判定: 窗口/标题异常 → 重启闭环
09-08 10:03:05 p19312 旧游戏进程卡死，已强制结束
09-08 10:03:06 p19312 已重启为新进程 PID=16660，等待登录界面…
09-08 10:03:07 p16660 检测到登录界面，开始播种…
09-08 10:03:09 [sat] 队长当前位置: (2640.0, 1660.0)
09-08 10:03:10 [sat] 走位点击 (540,240)（偏差 140,-60）——途中不点组队图标
09-08 10:03:13 p16660 播种成功 ✓
09-08 10:03:13 p16660 重放 member#2 登录点击 4 步…
09-08 10:03:13 p19312 → 新 PID=16660 播种/登录流程接管完成
09-08 10:03:15 [sat] 走位点击 (419,291)（偏差 70,-30）——途中不点组队图标
09-08 10:03:19 [sat] 走位点击 (419,291)（偏差 35,-15）——途中不点组队图标
09-08 10:03:21 p16660 登录点击重放完毕，等待进入场景…
09-08 10:03:22 p16660 检测到已登录 ✓
09-08 10:03:23 [sat] p16660: 异图(女儿村≠队长大唐官府) 就地传送
09-08 10:03:24 [sat] 到达验证: (2778.4416290688, 1600.6678732562)（目标 (2780.0, 1600.0)，±3 格容差）
09-08 10:03:24 [看门狗] 3 名在线队员并行申请归队
09-08 10:03:25 [sat] p19408: 已与队长同图(大唐官府)，直接申请
09-08 10:03:25 [sat] p17440: 已与队长同图(大唐官府)，直接申请
09-08 10:03:25 [sat] p17896: 已与队长同图(大唐官府)，直接申请
09-08 10:03:29 [sat] p19408: 已点队长身体 (538,240)（第1次申请）
09-08 10:03:29 [sat] p17896: 已点队长身体 (418,292)（第1次申请）
09-08 10:03:29 [sat] p17440: 已点队长身体 (538,240)（第1次申请）
09-08 10:03:34 [sat] p16660: 已点队长身体 (537,240)（第1次申请）
09-08 10:03:39 [sat] p19408: 已点队长身体 (538,240)（第2次申请）
09-08 10:03:39 [sat] p17896: 已点队长身体 (418,292)（第2次申请）
09-08 10:03:41 [sat] p17440: 已点队长身体 (538,240)（第2次申请）
09-08 10:03:47 [sat] p16660: 已点队长身体 (537,240)（第2次申请）
09-08 10:03:48 [看门狗] 心跳: 4/5
09-08 10:03:49 [内存] 已修剪 5 个游戏进程：2.0GB → 128.3MB（释放 1.9GB）
09-08 10:03:51 [sat] p19408: 已点队长身体 (538,240)（第3次申请）
09-08 10:03:52 [sat] p17896: 已点队长身体 (418,292)（第3次申请）
09-08 10:03:52 [sat] p17440: 已点队长身体 (538,240)（第3次申请）
09-08 10:03:58 [sat] p16660: 已点队长身体 (537,240)（第3次申请）
09-08 10:03:59 [sat] p17440: 申请轮次结束（是否入队由队长批准裁决）
09-08 10:04:00 [sat] p19408: 申请轮次结束（是否入队由队长批准裁决）
09-08 10:04:00 [sat] p17896: 申请轮次结束（是否入队由队长批准裁决）
09-08 10:04:02 [sat] 当前成员数: 4（目标 5）
09-08 10:04:05 [sat] p16660: 申请轮次结束（是否入队由队长批准裁决）
09-08 10:04:07 p16660 已拉起任务脚本（队员·这是帅哥 gw=file://pzxy_p16660）
09-08 10:04:13 [sat] 当前成员数: 5（目标 5）
09-08 10:04:13 [看门狗] 补组批准结束: 5/5
09-08 10:04:18 [看门狗] 队伍满员 5/5，恢复抓鬼
09-08 10:04:19 p11428 已拉起任务脚本（队长·二号美人 gw=file://pzxy_p11428）
09-08 10:04:19 p19408 任务脚本已在跑，跳过
09-08 10:04:19 p16660 任务脚本已在跑，跳过
09-08 10:04:20 p17896 任务脚本已在跑，跳过
09-08 10:04:20 p17440 任务脚本已在跑，跳过
09-08 10:04:22 [sat] 阵法验证: 天覆阵/4
09-08 10:04:22 p11428 任务脚本已在跑，跳过
09-08 10:04:22 p19408 任务脚本已在跑，跳过
09-08 10:04:22 p16660 任务脚本已在跑，跳过
09-08 10:04:23 p17896 任务脚本已在跑，跳过
09-08 10:04:23 p17440 任务脚本已在跑，跳过
09-08 10:04:23 [看门狗] 满员，抓鬼已恢复 ✓
09-08 10:05:52 [看门狗] 心跳: 5/5
09-08 10:06:48 p19408 检测到系统弹窗(信息) → 已点确定/关闭
09-08 10:06:49 p19408 掉线判定: 窗口/标题异常 → 重启闭环
09-08 10:06:49 p19408 旧游戏进程卡死，已强制结束
09-08 10:06:50 p19408 已重启为新进程 PID=19468，等待登录界面…
09-08 10:06:52 p19468 检测到登录界面，开始播种…
09-08 10:06:53 [看门狗] 检测到缺员 4/5 → 打断抓鬼，启动补组队
09-08 10:06:53 已打断 p11428 任务脚本（系统 PID 7408）
09-08 10:06:53 [sat] 队长准备: 传送 大唐官府 + 走位 [139,80]
09-08 10:06:59 p19468 播种成功 ✓
09-08 10:06:59 p19468 重放 member#1 登录点击 4 步…
09-08 10:06:59 p19408 → 新 PID=19468 播种/登录流程接管完成
09-08 10:07:01 [sat] 队长当前位置: (2640.0, 1660.0)
09-08 10:07:01 [sat] 走位点击 (540,240)（偏差 140,-60）——途中不点组队图标
09-08 10:07:05 [sat] 走位点击 (417,292)（偏差 70,-30）——途中不点组队图标
09-08 10:07:07 p19468 登录点击重放完毕，等待进入场景…
09-08 10:07:09 p19468 检测到已登录 ✓
09-08 10:07:09 [sat] p19468: 异图(江南野外≠队长大唐官府) 就地传送
09-08 10:07:10 [sat] 走位点击 (417,292)（偏差 35,-15）——途中不点组队图标
09-08 10:07:15 [sat] 到达验证: (2779.8479206131, 1600.0651768801)（目标 (2780.0, 1600.0)，±3 格容差）
09-08 10:07:15 [看门狗] 3 名在线队员并行申请归队
09-08 10:07:16 [sat] p16660: 已与队长同图(大唐官府)，直接申请
09-08 10:07:16 [sat] p17896: 已与队长同图(大唐官府)，直接申请
09-08 10:07:16 [sat] p17440: 已与队长同图(大唐官府)，直接申请
09-08 10:07:20 [sat] p16660: 已点队长身体 (539,240)（第1次申请）
09-08 10:07:20 [sat] p17440: 已点队长身体 (539,240)（第1次申请）
09-08 10:07:20 [sat] p17896: 已点队长身体 (418,292)（第1次申请）
09-08 10:07:21 [sat] p19468: 已点队长身体 (538,240)（第1次申请）
09-08 10:07:31 [sat] p17896: 已点队长身体 (418,292)（第2次申请）
09-08 10:07:32 [sat] p16660: 已点队长身体 (539,240)（第2次申请）
09-08 10:07:32 [sat] p17440: 已点队长身体 (539,240)（第2次申请）
09-08 10:07:32 [sat] p19468: 已点队长身体 (538,240)（第2次申请）
09-08 10:07:43 [sat] p17896: 已点队长身体 (418,292)（第3次申请）
09-08 10:07:43 [sat] p16660: 已点队长身体 (539,240)（第3次申请）
09-08 10:07:44 [sat] p19468: 已点队长身体 (538,240)（第3次申请）
09-08 10:07:44 [sat] p17440: 已点队长身体 (539,240)（第3次申请）
09-08 10:07:49 [sat] p17896: 申请轮次结束（是否入队由队长批准裁决）
09-08 10:07:51 [sat] p19468: 申请轮次结束（是否入队由队长批准裁决）
09-08 10:07:51 [sat] p16660: 申请轮次结束（是否入队由队长批准裁决）
09-08 10:07:52 [sat] p17440: 申请轮次结束（是否入队由队长批准裁决）
09-08 10:07:53 p19468 已拉起任务脚本（队员·三号美人 gw=file://pzxy_p19468）
09-08 10:07:54 [看门狗] 心跳: 4/5
09-08 10:07:55 [sat] 当前成员数: 4（目标 5）
09-08 10:08:05 [sat] 当前成员数: 5（目标 5）
09-08 10:08:05 [看门狗] 补组批准结束: 5/5
09-08 10:08:09 [看门狗] 队伍满员 5/5，恢复抓鬼
09-08 10:08:10 p11428 已拉起任务脚本（队长·二号美人 gw=file://pzxy_p11428）
09-08 10:08:10 p19468 任务脚本已在跑，跳过
09-08 10:08:10 p16660 任务脚本已在跑，跳过
09-08 10:08:10 p17896 任务脚本已在跑，跳过
09-08 10:08:11 p17440 任务脚本已在跑，跳过
09-08 10:08:14 [sat] 阵法验证: 天覆阵/4
09-08 10:08:14 p11428 任务脚本已在跑，跳过
09-08 10:08:14 p19468 任务脚本已在跑，跳过
09-08 10:08:15 p16660 任务脚本已在跑，跳过
09-08 10:08:15 p17896 任务脚本已在跑，跳过
09-08 10:08:15 p17440 任务脚本已在跑，跳过
09-08 10:08:15 [看门狗] 满员，抓鬼已恢复 ✓
09-08 10:08:24 p17440 检测到系统弹窗(游戏出错啦!) → 已点确定/关闭
09-08 10:08:24 p17896 检测到系统弹窗(游戏出错啦!) → 已点确定/关闭
09-08 10:08:25 p17896 掉线判定: 窗口/标题异常 → 重启闭环
09-08 10:08:25 p17440 掉线判定: 窗口/标题异常 → 重启闭环
09-08 10:08:25 p17896 旧游戏进程卡死，已强制结束
09-08 10:08:25 p17440 旧游戏进程卡死，已强制结束
09-08 10:08:26 p17896 已重启为新进程 PID=14964，等待登录界面…
09-08 10:08:28 p11728 检测到登录界面，开始播种…
09-08 10:08:28 p14964 检测到登录界面，开始播种…
09-08 10:09:09 p11728 播种失败：[1/4] 目标 PID=11728（登录界面） | [fail] 网关 40s 内未就绪，看日志: E:\DS\mhxy-mcp-gateway\gateway_run_18082.log | [4/4] 网关进程 19744 已终止（frida 退出）（3s 后重试）
09-08 10:09:09 p14964 播种失败：[1/4] 目标 PID=14964（登录界面） | [fail] 网关 40s 内未就绪，看日志: E:\DS\mhxy-mcp-gateway\gateway_run_18082.log | [4/4] 网关进程 19804 已终止（frida 退出）（3s 后重试）
09-08 10:09:18 p14964 播种成功(重试) ✓
09-08 10:09:18 p14964 重放 member#3 登录点击 4 步…
09-08 10:09:18 p17896 → 新 PID=14964 播种/登录流程接管完成
09-08 10:09:26 p14964 登录点击重放完毕，等待进入场景…
09-08 10:09:29 p14964 检测到已登录 ✓
09-08 10:09:38 [sat] p14964: 队长不在视野 (2599,120) → 向其方向走 (740,120)
09-08 10:09:42 [sat] p14964: 队长不在视野 (2599,120) → 向其方向走 (740,120)
09-08 10:09:42 [看门狗] 检测到缺员 4/5 → 打断抓鬼，启动补组队
09-08 10:09:43 已打断 p11428 任务脚本（系统 PID 5712）
09-08 10:09:43 [sat] 队长准备: 传送 大唐官府 + 走位 [139,80]
09-08 10:09:49 [sat] 队长当前位置: (2640.0, 1660.0)
09-08 10:09:50 [sat] 走位点击 (540,240)（偏差 140,-60）——途中不点组队图标
09-08 10:09:50 [sat] p14964: 已点队长身体 (539,240)（第3次申请）
09-08 10:09:52 p11728 播种失败 ✗：[1/4] 目标 PID=11728（登录界面） | [fail] 网关 40s 内未就绪，看日志: E:\DS\mhxy-mcp-gateway\gateway_run_18082.log | [4/4] 网关进程 19884 已终止（frida 退出）（窗口将保持登录界面，可手动处理）
09-08 10:09:52 p17440 → 新 PID=11728 播种/登录流程接管完成
09-08 10:09:54 [sat] 走位点击 (419,291)（偏差 70,-30）——途中不点组队图标
09-08 10:09:57 [sat] p14964: 申请轮次结束（是否入队由队长批准裁决）
09-08 10:09:58 [看门狗] 心跳: 4/5
09-08 10:09:59 [sat] 走位点击 (419,291)（偏差 35,-15）——途中不点组队图标
09-08 10:09:59 p14964 已拉起任务脚本（队员·这是猛男 gw=file://pzxy_p14964）
09-08 10:10:03 [sat] 到达验证: (2777.9728650266, 1600.8687721315)（目标 (2780.0, 1600.0)，±3 格容差）
09-08 10:10:03 [看门狗] 3 名在线队员并行申请归队
09-08 10:10:04 [sat] p19468: 已与队长同图(大唐官府)，直接申请
09-08 10:10:04 [sat] p14964: 已与队长同图(大唐官府)，直接申请
09-08 10:10:05 [sat] p16660: 已与队长同图(大唐官府)，直接申请
09-08 10:10:08 [sat] p19468: 已点队长身体 (537,240)（第1次申请）
09-08 10:10:08 [sat] p16660: 已点队长身体 (537,240)（第1次申请）
09-08 10:10:08 [sat] p14964: 已点队长身体 (417,292)（第1次申请）
09-08 10:10:20 [sat] p14964: 已点队长身体 (417,292)（第2次申请）
09-08 10:10:20 [sat] p16660: 已点队长身体 (537,240)（第2次申请）
09-08 10:10:20 [sat] p19468: 已点队长身体 (537,240)（第2次申请）
09-08 10:10:31 [sat] p14964: 已点队长身体 (417,292)（第3次申请）
09-08 10:10:32 [sat] p16660: 已点队长身体 (537,240)（第3次申请）
09-08 10:10:33 [sat] p19468: 已点队长身体 (537,240)（第3次申请）
09-08 10:10:39 [sat] p14964: 申请轮次结束（是否入队由队长批准裁决）
09-08 10:10:39 [sat] p19468: 申请轮次结束（是否入队由队长批准裁决）
09-08 10:10:40 [sat] p16660: 申请轮次结束（是否入队由队长批准裁决）
09-08 10:10:43 [sat] 当前成员数: 4（目标 5）
09-08 10:12:01 [看门狗] 心跳: 4/5
09-08 10:14:03 [看门狗] 心跳: 4/5
09-08 10:14:42 组队/补组流程进行中，等本轮结束再暂停
09-08 10:16:06 [看门狗] 心跳: 4/5
09-08 10:17:53 [看门狗] 补组批准结束: 4/5
09-08 10:17:54 [看门狗] 仍未满员，掉线队员回来后继续下一轮
09-08 10:18:08 [看门狗] 心跳: 4/5
09-08 10:18:08 [sat] 队长准备: 传送 大唐官府 + 走位 [139,80]
09-08 10:18:17 [sat] 队长当前位置: (2640.0, 1660.0)
09-08 10:18:17 [sat] 走位点击 (540,240)（偏差 140,-60）——途中不点组队图标
09-08 10:18:22 [sat] 走位点击 (540,240)（偏差 70,-30）——途中不点组队图标
09-08 10:18:27 [sat] 走位点击 (540,240)（偏差 35,-15）——途中不点组队图标
09-08 10:18:30 组队/补组流程进行中，等本轮结束再暂停
09-08 10:18:31 [sat] 到达验证: (2640.0, 1660.0)（目标 (2780.0, 1600.0)，±3 格容差）
09-08 10:18:31 [sat] [fail] 队长未到达 [139,80] 附近（±3 格）
09-08 10:18:32 [看门狗] 3 名在线队员并行申请归队
09-08 10:18:32 [sat] p19468: 已与队长同图(大唐官府)，直接申请
09-08 10:18:33 [sat] p14964: 已与队长同图(大唐官府)，直接申请
09-08 10:18:33 [sat] p16660: 已与队长同图(大唐官府)，直接申请
09-08 10:18:37 [sat] p14964: 已点队长身体 (537,240)（第1次申请）
09-08 10:18:37 [sat] p19468: 已点队长身体 (537,240)（第1次申请）
09-08 10:18:37 [sat] p16660: 已点队长身体 (537,240)（第1次申请）
09-08 10:18:48 [sat] p19468: 已点队长身体 (537,240)（第2次申请）
09-08 10:18:48 [sat] p16660: 已点队长身体 (537,240)（第2次申请）
09-08 10:18:48 [sat] p14964: 已点队长身体 (537,240)（第2次申请）
09-08 10:18:58 [sat] p19468: 已点队长身体 (537,240)（第3次申请）
09-08 10:18:59 [sat] p16660: 已点队长身体 (537,240)（第3次申请）
09-08 10:19:00 [sat] p14964: 已点队长身体 (537,240)（第3次申请）
09-08 10:19:05 [sat] p19468: 申请轮次结束（是否入队由队长批准裁决）
09-08 10:19:06 [sat] p16660: 申请轮次结束（是否入队由队长批准裁决）
09-08 10:19:08 [sat] p14964: 申请轮次结束（是否入队由队长批准裁决）
09-08 10:19:10 [sat] 当前成员数: 4（目标 5）
09-08 10:20:10 [看门狗] 心跳: 4/5
09-08 10:22:13 [看门狗] 心跳: 4/5
09-08 10:24:15 [看门狗] 心跳: 4/5
09-08 10:26:12 [看门狗] 补组批准结束: 4/5
09-08 10:26:13 [看门狗] 仍未满员，掉线队员回来后继续下一轮
09-08 10:26:18 [看门狗] 心跳: 4/5
09-08 10:26:18 [sat] 队长准备: 传送 大唐官府 + 走位 [139,80]
09-08 10:26:26 [sat] 队长当前位置: (2640.0, 1660.0)
09-08 10:26:26 [sat] 走位点击 (540,240)（偏差 140,-60）——途中不点组队图标
09-08 10:26:31 [sat] 走位点击 (540,240)（偏差 70,-30）——途中不点组队图标
09-08 10:26:36 [sat] 走位点击 (540,240)（偏差 35,-15）——途中不点组队图标
09-08 10:26:40 [sat] 到达验证: (2640.0, 1660.0)（目标 (2780.0, 1600.0)，±3 格容差）
09-08 10:26:40 [sat] [fail] 队长未到达 [139,80] 附近（±3 格）
09-08 10:26:40 [看门狗] 3 名在线队员并行申请归队
09-08 10:26:41 [sat] p19468: 已与队长同图(大唐官府)，直接申请
09-08 10:26:42 [sat] p16660: 已与队长同图(大唐官府)，直接申请
09-08 10:26:42 [sat] p14964: 已与队长同图(大唐官府)，直接申请
09-08 10:26:46 [sat] p19468: 已点队长身体 (537,240)（第1次申请）
09-08 10:26:46 [sat] p14964: 已点队长身体 (537,240)（第1次申请）
09-08 10:26:46 [sat] p16660: 已点队长身体 (537,240)（第1次申请）
09-08 10:26:56 squad_auto_team 日志已桥接到 GUI（组队内部步骤可见）
09-08 10:27:02 已启动队长进程 PID=20272，等待登录界面窗口…
09-08 10:27:03 p20272 检测到登录界面，开始播种…
09-08 10:27:03 已启动队员进程 PID=12036，等待登录界面窗口…
09-08 10:27:04 已启动队员进程 PID=3692，等待登录界面窗口…
09-08 10:27:04 p12036 检测到登录界面，开始播种…
09-08 10:27:04 已启动队员进程 PID=10996，等待登录界面窗口…
09-08 10:27:05 p3692 检测到登录界面，开始播种…
09-08 10:27:05 已启动队员进程 PID=20168，等待登录界面窗口…
09-08 10:27:06 p20168 检测到登录界面，开始播种…
09-08 10:27:06 p10996 检测到登录界面，开始播种…
09-08 10:27:10 p20272 播种成功 ✓
09-08 10:27:10 p20272 重放 leader#1 登录点击 4 步…
09-08 10:27:14 p3692 播种成功 ✓
09-08 10:27:14 p3692 重放 member#2 登录点击 4 步…
09-08 10:27:17 p12036 播种成功 ✓
09-08 10:27:17 p12036 重放 member#1 登录点击 4 步…
09-08 10:27:17 p20272 登录点击重放完毕，等待进入场景…
09-08 10:27:18 p20272 检测到已登录 ✓
09-08 10:27:22 p10996 播种成功 ✓
09-08 10:27:22 p10996 重放 member#3 登录点击 4 步…
09-08 10:27:23 p3692 登录点击重放完毕，等待进入场景…
09-08 10:27:24 p3692 检测到已登录 ✓
09-08 10:27:25 p12036 登录点击重放完毕，等待进入场景…
09-08 10:27:26 p12036 检测到系统弹窗(下线通知) → 已点确定/关闭
09-08 10:27:26 [内存] 已修剪 5 个游戏进程：1.5GB → 47.3MB（释放 1.5GB）
09-08 10:27:28 p12036 检测到已登录 ✓
09-08 10:27:30 p10996 登录点击重放完毕，等待进入场景…
09-08 10:27:32 p10996 检测到已登录 ✓
09-08 10:27:36 p20168 播种失败：[2/4] 网关就绪，Lua state 已捕获 | [fail] 播种失败: 执行超时(10.0s)——游戏可能卡住或无 lua API 回调 | [4/4] 网关进程 14808 已终止（frida 退出）（3s 后重试）
09-08 10:27:46 p20168 播种成功(重试) ✓
09-08 10:27:46 p20168 重放 member#4 登录点击 4 步…
09-08 10:27:54 p20168 登录点击重放完毕，等待进入场景…
09-08 10:27:54 p12036 掉线判定: 进程消失 → 重启闭环
09-08 10:27:55 p12036 已重启为新进程 PID=2468，等待登录界面…
09-08 10:27:56 p2468 检测到登录界面，开始播种…
09-08 10:27:56 p20168 检测到已登录 ✓
09-08 10:28:02 p2468 播种成功 ✓
09-08 10:28:02 p2468 重放 member#1 登录点击 4 步…
09-08 10:28:02 p12036 → 新 PID=2468 播种/登录流程接管完成
09-08 10:28:11 p2468 登录点击重放完毕，等待进入场景…
09-08 10:28:12 p2468 检测到已登录 ✓
09-08 10:28:21 [autoTeam] Lua 队伍读数 0/5 未满员 → 走组队流程
09-08 10:28:21 [autoTeam] 阶段1: 5 人并行传送 大唐官府
09-08 10:28:29 p10996 传送完成 ✓
09-08 10:28:30 p20272 传送完成 ✓
09-08 10:28:30 p20168 传送完成 ✓
09-08 10:28:30 p2468 传送完成 ✓
09-08 10:28:30 p3692 传送完成 ✓
09-08 10:28:30 [autoTeam] 阶段2: 队长走位[139,80]
09-08 10:28:30 [sat] 队长准备: 传送 大唐官府 + 走位 [139,80]
09-08 10:28:39 [sat] 队长当前位置: (2640.0, 1660.0)
09-08 10:28:39 [sat] 走位点击 (540,240)（偏差 140,-60）——途中不点组队图标
09-08 10:28:44 [sat] 走位点击 (420,291)（偏差 70,-30）——途中不点组队图标
09-08 10:28:49 [sat] 走位点击 (420,291)（偏差 35,-15）——途中不点组队图标
09-08 10:28:53 [sat] 到达验证: (2777.6603559562, 1601.0027045902)（目标 (2780.0, 1600.0)，±3 格容差）
09-08 10:28:53 [autoTeam] 阶段3: 建队
09-08 10:28:55 [sat] 建队第1次 脚底屏幕位 (418,292) → 身体点上移 40
09-08 10:28:58 [sat] 建队第1次 顶栏stats（应为 1）: ((1, 0, '二号美人'),)
09-08 10:28:58 [autoTeam] 阶段4: 4 名队员并行申请入队
09-08 10:28:59 [sat] p2468: 已与队长同图(大唐官府)，直接申请
09-08 10:28:59 [sat] p20168: 已与队长同图(大唐官府)，直接申请
09-08 10:29:00 [sat] p10996: 已与队长同图(大唐官府)，直接申请
09-08 10:29:00 [sat] p3692: 已与队长同图(大唐官府)，直接申请
09-08 10:29:04 [sat] p2468: 已点队长身体 (537,241)（第1次申请）
09-08 10:29:04 [sat] p3692: 已点队长身体 (537,241)（第1次申请）
09-08 10:29:04 [sat] p10996: 已点队长身体 (537,241)（第1次申请）
09-08 10:29:04 [sat] p20168: 已点队长身体 (537,241)（第1次申请）
09-08 10:29:15 [sat] p10996: 已点队长身体 (537,241)（第2次申请）
09-08 10:29:15 [sat] p20168: 已点队长身体 (537,241)（第2次申请）
09-08 10:29:16 [sat] p2468: 已点队长身体 (537,241)（第2次申请）
09-08 10:29:17 [sat] p3692: 已点队长身体 (537,241)（第2次申请）
09-08 10:29:23 [sat] p10996: 申请轮次结束（是否入队由队长批准裁决）
09-08 10:29:23 [sat] p20168: 申请轮次结束（是否入队由队长批准裁决）
09-08 10:29:24 [sat] p2468: 申请轮次结束（是否入队由队长批准裁决）
09-08 10:29:24 [sat] p3692: 申请轮次结束（是否入队由队长批准裁决）
09-08 10:29:24 [autoTeam] 阶段5: 队长批准申请
09-08 10:29:27 [sat] 当前成员数: 1（目标 5）
09-08 10:29:49 [sat] 当前成员数: 2（目标 5）
09-08 10:30:00 [sat] 当前成员数: 3（目标 5）
09-08 10:30:11 [sat] 当前成员数: 4（目标 5）
09-08 10:30:22 [sat] 当前成员数: 5（目标 5）
09-08 10:30:22 [autoTeam] 批准结束: 成员=5/目标=5
09-08 10:30:30 [sat] 阵法验证: 天覆阵/4
09-08 10:30:30 [autoTeam] 天覆阵完成 ✓
09-08 10:30:30 p20272 已拉起任务脚本（队长·二号美人 gw=file://pzxy_p20272）
09-08 10:30:30 p2468 已拉起任务脚本（队员·三号美人 gw=file://pzxy_p2468）
09-08 10:30:30 p3692 已拉起任务脚本（队员·这是帅哥 gw=file://pzxy_p3692）
09-08 10:30:31 p10996 已拉起任务脚本（队员·这是猛男 gw=file://pzxy_p10996）
09-08 10:30:31 p20168 已拉起任务脚本（队员·一号美人 gw=file://pzxy_p20168）
09-08 10:30:31 [autoTeam] 组队+任务脚本启动完成
09-08 10:30:31 [看门狗] 启动（目标 5 人，每 15s 判定）
09-08 10:30:31 已清理残留任务脚本（绑定死 PID 16660，系统 PID 16588）
09-08 10:30:31 已清理残留任务脚本（绑定死 PID 19468，系统 PID 5676）
09-08 10:30:31 已清理残留任务脚本（绑定死 PID 14964，系统 PID 1652）
09-08 10:32:34 [看门狗] 心跳: 5/5
09-08 10:34:36 [看门狗] 心跳: 5/5
09-08 10:36:43 [看门狗] 心跳: 5/5
09-08 10:38:47 [看门狗] 心跳: 5/5
09-08 10:40:50 [看门狗] 心跳: 5/5
09-08 10:42:57 [看门狗] 心跳: 5/5
09-08 10:45:01 [看门狗] 心跳: 5/5
09-08 10:47:05 [看门狗] 心跳: 5/5
09-08 10:49:09 [看门狗] 心跳: 5/5
09-08 10:51:13 [看门狗] 心跳: 5/5
09-08 10:53:16 [看门狗] 心跳: 5/5
09-08 10:55:20 [看门狗] 心跳: 5/5
09-08 10:57:23 [看门狗] 心跳: 5/5
09-08 10:57:27 [内存] 已修剪 5 个游戏进程：3.1GB → 129.8MB（释放 3.0GB）
09-08 10:59:28 [看门狗] 心跳: 5/5
09-08 11:01:32 [看门狗] 心跳: 5/5
09-08 11:03:36 [看门狗] 心跳: 5/5
09-08 11:05:38 [看门狗] 心跳: 5/5
09-08 11:07:40 [看门狗] 心跳: 5/5
09-08 11:09:46 [看门狗] 心跳: 5/5
09-08 11:11:49 [看门狗] 心跳: 5/5
09-08 11:13:51 [看门狗] 心跳: 5/5
09-08 11:15:57 [看门狗] 心跳: 5/5
09-08 11:18:01 [看门狗] 心跳: 5/5
09-08 11:20:04 [看门狗] 心跳: 5/5
09-08 11:22:09 [看门狗] 心跳: 5/5
09-08 11:24:15 [看门狗] 心跳: 5/5
09-08 11:26:19 [看门狗] 心跳: 5/5
09-08 11:27:27 [内存] 已修剪 5 个游戏进程：3.1GB → 140.7MB（释放 3.0GB）
09-08 11:28:22 [看门狗] 心跳: 5/5
09-08 11:30:26 [看门狗] 心跳: 5/5
09-08 11:32:30 [看门狗] 心跳: 5/5
09-08 11:34:33 [看门狗] 心跳: 5/5
09-08 11:36:37 [看门狗] 心跳: 5/5
09-08 11:38:42 [看门狗] 心跳: 5/5
09-08 11:40:44 [看门狗] 心跳: 5/5
09-08 11:42:52 [看门狗] 心跳: 5/5
09-08 11:44:56 [看门狗] 心跳: 5/5
09-08 11:47:04 [看门狗] 心跳: 5/5
09-08 11:49:06 [看门狗] 心跳: 5/5
09-08 11:51:09 [看门狗] 心跳: 5/5
09-08 11:53:12 [看门狗] 心跳: 5/5
09-08 11:55:14 [看门狗] 心跳: 5/5
09-08 11:57:18 [看门狗] 心跳: 5/5
09-08 11:57:28 [内存] 已修剪 5 个游戏进程：3.2GB → 244.5MB（释放 2.9GB）
09-08 11:59:23 [看门狗] 心跳: 5/5
09-08 12:01:28 [看门狗] 心跳: 5/5
09-08 12:03:32 [看门狗] 心跳: 5/5
09-08 12:05:36 [看门狗] 心跳: 5/5
09-08 12:07:42 [看门狗] 心跳: 5/5
09-08 12:09:46 [看门狗] 心跳: 5/5
09-08 12:11:49 [看门狗] 心跳: 5/5
09-08 12:13:54 [看门狗] 心跳: 5/5
09-08 12:15:57 已清理残留任务脚本（绑定死 PID 20272，系统 PID 19072）
09-08 12:15:57 [看门狗] 队伍数据连续读不到（408 轮），检查通道/面板
09-08 12:15:57 p20272 掉线判定: 窗口/标题异常 → 重启闭环
09-08 12:15:58 p20272 旧游戏进程卡死，已强制结束
09-08 12:15:59 p20272 已重启为新进程 PID=1364，等待登录界面…
09-08 12:16:01 p1364 检测到登录界面，开始播种…
09-08 12:16:08 p1364 播种成功 ✓
09-08 12:16:08 p1364 重放 leader#1 登录点击 4 步…
09-08 12:16:08 p20272 → 新 PID=1364 播种/登录流程接管完成
09-08 12:16:12 [看门狗] 队长 PID 变更 20272 → 1364，跟随新通道
09-08 12:16:14 p1364 登录点击重放完毕，等待进入场景…
09-08 12:16:15 p1364 检测到已登录 ✓
09-08 12:16:15 [sat] 队长准备: 传送 大唐官府 + 走位 [139,80]
09-08 12:16:24 [sat] 队长当前位置: (2640.0, 1660.0)
09-08 12:16:24 [sat] 走位点击 (540,240)（偏差 140,-60）——途中不点组队图标
09-08 12:16:29 [sat] 走位点击 (419,291)（偏差 70,-30）——途中不点组队图标
09-08 12:16:34 [sat] 走位点击 (419,291)（偏差 35,-15）——途中不点组队图标
09-08 12:16:38 [sat] 到达验证: (2778.1291205805, 1600.8018054655)（目标 (2780.0, 1600.0)，±3 格容差）
09-08 12:16:40 p1364 已拉起任务脚本（队长·二号美人 gw=file://pzxy_p1364）
09-08 12:16:43 [看门狗] 检测到缺员 0/5 → 打断抓鬼，启动补组队
09-08 12:16:44 已打断 p1364 任务脚本（系统 PID 13596）
09-08 12:16:44 [sat] 队长准备: 传送 大唐官府 + 走位 [139,80]
09-08 12:16:52 [sat] 队长当前位置: (2640.0, 1660.0)
09-08 12:16:52 [sat] 走位点击 (540,240)（偏差 140,-60）——途中不点组队图标
09-08 12:16:57 [sat] 走位点击 (419,291)（偏差 70,-30）——途中不点组队图标
09-08 12:17:02 [sat] 走位点击 (419,291)（偏差 35,-15）——途中不点组队图标
09-08 12:17:06 [sat] 到达验证: (2778.2853752612, 1600.7348391738)（目标 (2780.0, 1600.0)，±3 格容差）
09-08 12:17:06 [看门狗] 队伍已散（0 人）→ 重新建队
09-08 12:17:08 [sat] 建队第1次 脚底屏幕位 (417,292) → 身体点上移 40
09-08 12:17:11 [sat] 建队第1次 顶栏stats（应为 1）: ((1, 0, '二号美人'),)
09-08 12:17:11 [看门狗] 4 名在线队员并行申请归队
09-08 12:17:13 [sat] p2468: 异图(江南野外≠队长大唐官府) 就地传送
09-08 12:17:13 [sat] p20168: 异图(江南野外≠队长大唐官府) 就地传送
09-08 12:17:13 [sat] p3692: 异图(江南野外≠队长大唐官府) 就地传送
09-08 12:17:14 [sat] p10996: 异图(江南野外≠队长大唐官府) 就地传送
09-08 12:17:26 [sat] p10996: 已点队长身体 (538,240)（第1次申请）
09-08 12:17:26 [sat] p20168: 已点队长身体 (538,240)（第1次申请）
09-08 12:17:26 [sat] p2468: 已点队长身体 (538,240)（第1次申请）
09-08 12:17:26 [sat] p3692: 已点队长身体 (538,240)（第1次申请）
09-08 12:17:38 [sat] p3692: 已点队长身体 (538,240)（第2次申请）
09-08 12:17:38 [sat] p20168: 已点队长身体 (538,240)（第2次申请）
09-08 12:17:38 [sat] p10996: 已点队长身体 (538,240)（第2次申请）
09-08 12:17:39 [sat] p2468: 已点队长身体 (538,240)（第2次申请）
09-08 12:17:49 [sat] p10996: 已点队长身体 (538,240)（第3次申请）
09-08 12:17:49 [sat] p3692: 已点队长身体 (538,240)（第3次申请）
09-08 12:17:50 [sat] p2468: 已点队长身体 (538,240)（第3次申请）
09-08 12:17:50 [sat] p20168: 已点队长身体 (538,240)（第3次申请）
09-08 12:17:57 [sat] p3692: 申请轮次结束（是否入队由队长批准裁决）
09-08 12:17:57 [sat] p10996: 申请轮次结束（是否入队由队长批准裁决）
09-08 12:17:58 [sat] p2468: 申请轮次结束（是否入队由队长批准裁决）
09-08 12:17:58 [sat] p20168: 申请轮次结束（是否入队由队长批准裁决）
09-08 12:18:00 [sat] 当前成员数: 1（目标 5）
09-08 12:18:01 [看门狗] 心跳: 1/5
09-08 12:18:12 [sat] 当前成员数: 2（目标 5）
09-08 12:18:23 [sat] 当前成员数: 3（目标 5）
09-08 12:18:34 [sat] 当前成员数: 4（目标 5）
09-08 12:18:45 [sat] 当前成员数: 5（目标 5）
09-08 12:18:45 [看门狗] 补组批准结束: 5/5
09-08 12:18:47 [看门狗] 队伍满员 5/5，恢复抓鬼
09-08 12:18:47 p1364 已拉起任务脚本（队长·二号美人 gw=file://pzxy_p1364）
09-08 12:18:48 p2468 任务脚本已在跑，跳过
09-08 12:18:48 p3692 任务脚本已在跑，跳过
09-08 12:18:48 p10996 任务脚本已在跑，跳过
09-08 12:18:49 p20168 任务脚本已在跑，跳过
09-08 12:18:53 [sat] 阵法验证: 天覆阵/4
09-08 12:18:53 p1364 任务脚本已在跑，跳过
09-08 12:18:53 p2468 任务脚本已在跑，跳过
09-08 12:18:54 p3692 任务脚本已在跑，跳过
09-08 12:18:54 p10996 任务脚本已在跑，跳过
09-08 12:18:54 p20168 任务脚本已在跑，跳过
09-08 12:18:54 [看门狗] 满员，抓鬼已恢复 ✓
09-08 12:20:06 [看门狗] 心跳: 5/5
09-08 12:22:09 [看门狗] 心跳: 5/5
09-08 12:24:11 [看门狗] 心跳: 5/5
09-08 12:24:20 p10996 检测到系统弹窗(信息) → 已点确定/关闭
09-08 12:24:22 p10996 掉线判定: 窗口/标题异常 → 重启闭环
09-08 12:24:22 p10996 旧游戏进程卡死，已强制结束
09-08 12:24:23 p10996 已重启为新进程 PID=16756，等待登录界面…
09-08 12:24:25 p16756 检测到登录界面，开始播种…
09-08 12:24:27 [看门狗] 检测到缺员 4/5 → 打断抓鬼，启动补组队
09-08 12:24:27 已打断 p1364 任务脚本（系统 PID 20212）
09-08 12:24:27 [sat] 队长准备: 传送 大唐官府 + 走位 [139,80]
09-08 12:24:32 p16756 播种成功 ✓
09-08 12:24:32 p16756 重放 member#3 登录点击 4 步…
09-08 12:24:32 p10996 → 新 PID=16756 播种/登录流程接管完成
09-08 12:24:37 [sat] 队长当前位置: (780.0, 1440.0)
09-08 12:24:37 [sat] [fail] 目标不在队长视野 (2400,460)，中止
09-08 12:24:37 [看门狗] 3 名在线队员并行申请归队
09-08 12:24:38 [sat] p2468: 已与队长同图(江南野外)，直接申请
09-08 12:24:38 [sat] p3692: 已与队长同图(江南野外)，直接申请
09-08 12:24:38 [sat] p20168: 已与队长同图(江南野外)，直接申请
09-08 12:24:38 [sat] p2468: 队长不在视野 (2398,460) → 向其方向走 (740,460)
09-08 12:24:39 [sat] p3692: 队长不在视野 (2398,460) → 向其方向走 (740,460)
09-08 12:24:39 [sat] p20168: 队长不在视野 (2398,460) → 向其方向走 (740,460)
09-08 12:24:39 p16756 登录点击重放完毕，等待进入场景…
09-08 12:24:40 p16756 检测到已登录 ✓
09-08 12:24:44 [sat] p3692: 队长不在视野 (2398,460) → 向其方向走 (740,460)
09-08 12:24:44 [sat] p20168: 队长不在视野 (2398,460) → 向其方向走 (740,460)
09-08 12:24:44 [sat] p2468: 队长不在视野 (2398,460) → 向其方向走 (740,460)
09-08 12:24:49 [sat] p3692: 队长不在视野 (2398,460) → 向其方向走 (740,460)
09-08 12:24:49 [sat] p2468: 队长不在视野 (2398,460) → 向其方向走 (740,460)
09-08 12:24:49 [sat] p20168: 队长不在视野 (2398,460) → 向其方向走 (740,460)
09-08 12:24:52 [sat] p16756: 已点队长身体 (538,240)（第1次申请）
09-08 12:24:53 [sat] p2468: 申请轮次结束（是否入队由队长批准裁决）
09-08 12:24:54 [sat] p3692: 申请轮次结束（是否入队由队长批准裁决）
09-08 12:24:54 [sat] p20168: 申请轮次结束（是否入队由队长批准裁决）
09-08 12:24:57 [sat] 当前成员数: 4（目标 5）
09-08 12:24:59 [sat] p16756: 异图(大唐官府≠队长江南野外) 就地传送
09-08 12:25:11 [sat] p16756: 已点队长身体 (538,240)（第2次申请）
09-08 12:25:19 [sat] p16756: 异图(大唐官府≠队长江南野外) 就地传送
09-08 12:25:30 [sat] p16756: 已点队长身体 (538,240)（第3次申请）
09-08 12:25:36 [sat] p16756: 申请轮次结束（是否入队由队长批准裁决）
09-08 12:25:39 p16756 已拉起任务脚本（队员·这是猛男 gw=file://pzxy_p16756）
09-08 12:26:14 [看门狗] 心跳: 4/5
09-08 12:27:28 [内存] 已修剪 5 个游戏进程：2.6GB → 154.9MB（释放 2.5GB）
09-08 12:28:16 [看门狗] 心跳: 4/5
09-08 12:30:18 [看门狗] 心跳: 4/5
09-08 12:32:08 [看门狗] 补组批准结束: 4/5
09-08 12:32:08 [看门狗] 仍未满员，掉线队员回来后继续下一轮
09-08 12:32:20 [看门狗] 心跳: 4/5
09-08 12:32:20 [sat] 队长准备: 传送 大唐官府 + 走位 [139,80]
09-08 12:32:30 [sat] 队长当前位置: (1997.9169177962, 700.00079790374)
09-08 12:32:30 [sat] [fail] 目标不在队长视野 (1182,1199)，中止
09-08 12:32:30 [看门狗] 4 名在线队员并行申请归队
09-08 12:32:31 [sat] p2468: 已与队长同图(江南野外)，直接申请
09-08 12:32:31 [sat] p16756: 异图(大唐官府≠队长江南野外) 就地传送
09-08 12:32:32 [sat] p20168: 已与队长同图(江南野外)，直接申请
09-08 12:32:32 [sat] p2468: 队长不在视野 (1191,1200) → 向其方向走 (740,540)
09-08 12:32:32 [sat] p3692: 已与队长同图(江南野外)，直接申请
09-08 12:32:32 [sat] p20168: 队长不在视野 (1199,1219) → 向其方向走 (740,540)
09-08 12:32:32 [sat] p3692: 队长不在视野 (1278,1279) → 向其方向走 (740,540)
09-08 12:32:36 [sat] p2468: 队长不在视野 (1190,1200) → 向其方向走 (740,540)
09-08 12:32:37 [sat] p3692: 队长不在视野 (1278,1279) → 向其方向走 (740,540)
09-08 12:32:37 [sat] p20168: 队长不在视野 (1199,1219) → 向其方向走 (740,540)
09-08 12:32:42 [sat] p2468: 队长不在视野 (1190,1200) → 向其方向走 (740,540)
09-08 12:32:42 [sat] p3692: 队长不在视野 (1278,1279) → 向其方向走 (740,540)
09-08 12:32:42 [sat] p20168: 队长不在视野 (1199,1219) → 向其方向走 (740,540)
09-08 12:32:45 [sat] p16756: 已点队长身体 (538,240)（第1次申请）
09-08 12:32:46 [sat] p2468: 申请轮次结束（是否入队由队长批准裁决）
09-08 12:32:46 [sat] p3692: 申请轮次结束（是否入队由队长批准裁决）
09-08 12:32:46 [sat] p20168: 申请轮次结束（是否入队由队长批准裁决）
09-08 12:32:53 [sat] p16756: 异图(大唐官府≠队长江南野外) 就地传送
09-08 12:33:06 [sat] p16756: 已点队长身体 (538,240)（第2次申请）
09-08 12:33:13 [sat] p16756: 异图(大唐官府≠队长江南野外) 就地传送
09-08 12:33:24 [sat] p16756: 已点队长身体 (538,240)（第3次申请）
09-08 12:33:32 [sat] p16756: 申请轮次结束（是否入队由队长批准裁决）
09-08 12:33:34 [sat] 当前成员数: 4（目标 5）
09-08 12:34:23 [看门狗] 心跳: 4/5
09-08 12:36:25 [看门狗] 心跳: 4/5
09-08 12:38:28 [看门狗] 心跳: 4/5
09-08 12:40:30 [看门狗] 心跳: 4/5
09-08 12:40:44 [看门狗] 补组批准结束: 4/5
09-08 12:40:45 [看门狗] 仍未满员，掉线队员回来后继续下一轮
09-08 12:40:45 [sat] 队长准备: 传送 大唐官府 + 走位 [139,80]
09-08 12:40:52 [sat] 队长当前位置: (2640.0, 1660.0)
09-08 12:40:53 [sat] 走位点击 (540,240)（偏差 140,-60）——途中不点组队图标
09-08 12:40:57 [sat] 走位点击 (540,240)（偏差 70,-30）——途中不点组队图标
09-08 12:41:02 [sat] 走位点击 (540,240)（偏差 35,-15）——途中不点组队图标
09-08 12:41:07 [sat] 到达验证: (2640.0, 1660.0)（目标 (2780.0, 1600.0)，±3 格容差）
09-08 12:41:07 [sat] [fail] 队长未到达 [139,80] 附近（±3 格）
09-08 12:41:07 [看门狗] 4 名在线队员并行申请归队
09-08 12:41:07 [sat] p2468: 已与队长同图(大唐官府)，直接申请
09-08 12:41:08 [sat] p16756: 已与队长同图(大唐官府)，直接申请
09-08 12:41:08 [sat] p3692: 已与队长同图(大唐官府)，直接申请
09-08 12:41:08 [sat] p20168: 已与队长同图(大唐官府)，直接申请
09-08 12:41:12 [sat] p2468: 已点队长身体 (538,240)（第1次申请）
09-08 12:41:12 [sat] p3692: 已点队长身体 (538,240)（第1次申请）
09-08 12:41:12 [sat] p20168: 已点队长身体 (538,240)（第1次申请）
09-08 12:41:13 [sat] p16756: 已点队长身体 (418,331)（第1次申请）
09-08 12:41:23 [sat] p2468: 已点队长身体 (538,240)（第2次申请）
09-08 12:41:24 [sat] p16756: 已点队长身体 (418,331)（第2次申请）
09-08 12:41:24 [sat] p3692: 已点队长身体 (538,240)（第2次申请）
09-08 12:41:24 [sat] p20168: 已点队长身体 (538,240)（第2次申请）
09-08 12:41:39 [sat] p20168: 已点队长身体 (538,240)（第3次申请）
09-08 12:41:39 [sat] p2468: 已点队长身体 (538,240)（第3次申请）
09-08 12:41:39 [sat] p16756: 已点队长身体 (418,331)（第3次申请）
09-08 12:41:39 [sat] p3692: 已点队长身体 (538,240)（第3次申请）
09-08 12:41:46 [sat] p2468: 申请轮次结束（是否入队由队长批准裁决）
09-08 12:41:46 [sat] p20168: 申请轮次结束（是否入队由队长批准裁决）
09-08 12:41:47 [sat] p3692: 申请轮次结束（是否入队由队长批准裁决）
09-08 12:41:48 [sat] p16756: 申请轮次结束（是否入队由队长批准裁决）
09-08 12:41:51 [sat] 当前成员数: 4（目标 5）
09-08 12:42:35 [看门狗] 心跳: 4/5
09-08 12:44:37 [看门狗] 心跳: 4/5
09-08 12:46:40 [看门狗] 心跳: 5/5
09-08 12:46:40 [看门狗] 队伍满员 5/5，恢复抓鬼
09-08 12:46:40 p1364 已拉起任务脚本（队长·二号美人 gw=file://pzxy_p1364）
09-08 12:46:40 p2468 任务脚本已在跑，跳过
09-08 12:46:40 p3692 任务脚本已在跑，跳过
09-08 12:46:41 p16756 任务脚本已在跑，跳过
09-08 12:46:41 p20168 任务脚本已在跑，跳过
09-08 12:46:43 [sat] 当前成员数: 5（目标 5）
09-08 12:46:43 [看门狗] 补组批准结束: 5/5
09-08 12:46:50 [sat] 阵法验证: 天覆阵/9
09-08 12:46:50 p1364 任务脚本已在跑，跳过
09-08 12:46:51 p2468 任务脚本已在跑，跳过
09-08 12:46:51 p3692 任务脚本已在跑，跳过
09-08 12:46:51 p16756 任务脚本已在跑，跳过
09-08 12:46:51 p20168 任务脚本已在跑，跳过
09-08 12:46:51 [看门狗] 满员，抓鬼已恢复 ✓
09-08 12:47:08 p3692 掉线判定: 窗口/标题异常 → 重启闭环
09-08 12:47:08 p20168 掉线判定: 窗口/标题异常 → 重启闭环
09-08 12:47:08 p3692 旧游戏进程卡死，已强制结束
09-08 12:47:08 p20168 旧游戏进程卡死，已强制结束
09-08 12:47:09 p20168 已重启为新进程 PID=8252，等待登录界面…
09-08 12:47:09 p3692 已重启为新进程 PID=7356，等待登录界面…
09-08 12:47:10 p2468 进程消失，无同名(三号美人)游离窗口 → 不收养（防误绑）
09-08 12:47:10 p2468 掉线判定: 窗口/标题异常 → 重启闭环
09-08 12:47:10 p2468 旧游戏进程卡死，已强制结束
09-08 12:47:11 p2468 已重启为新进程 PID=19496，等待登录界面…
09-08 12:47:11 p7356 检测到登录界面，开始播种…
09-08 12:47:11 p8252 检测到登录界面，开始播种…
09-08 12:47:12 [看门狗] 检测到缺员 2/5 → 打断抓鬼，启动补组队
09-08 12:47:12 已打断 p1364 任务脚本（系统 PID 16652）
09-08 12:47:12 [sat] 队长准备: 传送 大唐官府 + 走位 [139,80]
09-08 12:47:13 p19496 检测到登录界面，开始播种…
09-08 12:47:20 [sat] 队长当前位置: (2640.0, 1660.0)
09-08 12:47:20 [sat] 走位点击 (540,240)（偏差 140,-60）——途中不点组队图标
09-08 12:47:22 p7356 播种成功 ✓
09-08 12:47:22 p7356 重放 member#2 登录点击 4 步…
09-08 12:47:22 p3692 → 新 PID=7356 播种/登录流程接管完成
09-08 12:47:24 p8252 播种成功 ✓
09-08 12:47:24 p8252 重放 member#4 登录点击 4 步…
09-08 12:47:24 p20168 → 新 PID=8252 播种/登录流程接管完成
09-08 12:47:25 [sat] 走位点击 (419,291)（偏差 70,-30）——途中不点组队图标
09-08 12:47:27 p19496 播种成功 ✓
09-08 12:47:27 p2468 → 新 PID=19496 播种/登录流程接管完成
09-08 12:47:27 p19496 重放 member#1 登录点击 4 步…
09-08 12:47:30 [sat] 走位点击 (419,291)（偏差 35,-15）——途中不点组队图标
09-08 12:47:30 p7356 登录点击重放完毕，等待进入场景…
09-08 12:47:32 p7356 检测到已登录 ✓
09-08 12:47:32 [sat] p7356: 异图(长安城≠队长大唐官府) 就地传送
09-08 12:47:32 p8252 登录点击重放完毕，等待进入场景…
09-08 12:47:34 p8252 检测到已登录 ✓
09-08 12:47:34 [sat] 到达验证: (2778.285374097, 1600.7348396727)（目标 (2780.0, 1600.0)，±3 格容差）
09-08 12:47:35 [sat] p8252: 异图(长安城≠队长大唐官府) 就地传送
09-08 12:47:35 [看门狗] 1 名在线队员并行申请归队
09-08 12:47:36 p19496 登录点击重放完毕，等待进入场景…
09-08 12:47:36 p19496 检测到已登录 ✓
09-08 12:47:36 [sat] p16756: 已与队长同图(大唐官府)，直接申请
09-08 12:47:36 [sat] p19496: 异图(长安城≠队长大唐官府) 就地传送
09-08 12:47:39 [sat] p16756: 已点队长身体 (417,292)（第1次申请）
09-08 12:47:44 [sat] p7356: 已点队长身体 (538,240)（第1次申请）
09-08 12:47:46 [sat] p8252: 已点队长身体 (538,240)（第1次申请）
09-08 12:47:47 [sat] p19496: 已点队长身体 (538,240)（第1次申请）
09-08 12:47:51 [sat] p16756: 已点队长身体 (417,292)（第2次申请）
09-08 12:47:57 [sat] p8252: 已点队长身体 (538,240)（第2次申请）
09-08 12:47:57 [sat] p7356: 已点队长身体 (538,240)（第2次申请）
09-08 12:47:58 [sat] p19496: 已点队长身体 (538,240)（第2次申请）
09-08 12:48:02 [sat] p16756: 已点队长身体 (417,292)（第3次申请）
09-08 12:48:09 [sat] p7356: 已点队长身体 (538,240)（第3次申请）
09-08 12:48:09 [sat] p8252: 已点队长身体 (538,240)（第3次申请）
09-08 12:48:10 [sat] p16756: 申请轮次结束（是否入队由队长批准裁决）
09-08 12:48:10 [sat] p19496: 已点队长身体 (538,240)（第3次申请）
09-08 12:48:12 [sat] 当前成员数: 2（目标 5）
09-08 12:48:16 [sat] p8252: 申请轮次结束（是否入队由队长批准裁决）
09-08 12:48:17 [sat] p7356: 申请轮次结束（是否入队由队长批准裁决）
09-08 12:48:17 [sat] p19496: 申请轮次结束（是否入队由队长批准裁决）
09-08 12:48:18 p8252 已拉起任务脚本（队员·一号美人 gw=file://pzxy_p8252）
09-08 12:48:19 p7356 已拉起任务脚本（队员·这是帅哥 gw=file://pzxy_p7356）
09-08 12:48:20 p19496 已拉起任务脚本（队员·三号美人 gw=file://pzxy_p19496）
09-08 12:48:23 [sat] 当前成员数: 3（目标 5）
09-08 12:48:45 [看门狗] 心跳: 3/5
09-08 12:49:25 组队/补组流程进行中，等本轮结束再暂停
09-08 12:52:57 squad_auto_team 日志已桥接到 GUI（组队内部步骤可见）
09-08 12:53:03 已启动队员进程 PID=9604，等待登录界面窗口…
09-08 12:53:04 p9604 检测到登录界面，开始播种…
09-08 12:53:04 已启动队员进程 PID=20452，等待登录界面窗口…
09-08 12:53:05 已启动队员进程 PID=19308，等待登录界面窗口…
09-08 12:53:05 已启动队员进程 PID=11800，等待登录界面窗口…
09-08 12:53:06 p11800 检测到登录界面，开始播种…
09-08 12:53:06 p20452 检测到登录界面，开始播种…
09-08 12:53:07 已启动队长进程 PID=18636，等待登录界面窗口…
09-08 12:53:07 p19308 检测到登录界面，开始播种…
09-08 12:53:09 p18636 检测到登录界面，开始播种…
09-08 12:53:11 p9604 播种成功 ✓
09-08 12:53:11 p9604 重放 member#1 登录点击 4 步…
09-08 12:53:13 p11800 播种成功 ✓
09-08 12:53:13 p11800 重放 member#4 登录点击 4 步…
09-08 12:53:13 p19308 播种成功 ✓
09-08 12:53:13 p19308 重放 member#3 登录点击 4 步…
09-08 12:53:13 p20452 播种成功 ✓
09-08 12:53:13 p20452 重放 member#2 登录点击 4 步…
09-08 12:53:20 p9604 登录点击重放完毕，等待进入场景…
09-08 12:53:21 p11800 登录点击重放完毕，等待进入场景…
09-08 12:53:21 p19308 登录点击重放完毕，等待进入场景…
09-08 12:53:21 p9604 检测到已登录 ✓
09-08 12:53:21 p11800 检测到已登录 ✓
09-08 12:53:21 p20452 登录点击重放完毕，等待进入场景…
09-08 12:53:23 p20452 检测到已登录 ✓
09-08 12:53:23 p19308 检测到已登录 ✓
09-08 12:53:27 [内存] 已修剪 5 个游戏进程：1.5GB → 36.2MB（释放 1.5GB）
09-08 12:53:50 p18636 播种失败：[1/4] 目标 PID=18636（登录界面） | [fail] 网关 40s 内未就绪，看日志: E:\DS\mhxy-mcp-gateway\gateway_run_18082.log | [4/4] 网关进程 16572 已终止（frida 退出）（3s 后重试）
09-08 12:54:00 p18636 播种成功(重试) ✓
09-08 12:54:00 p18636 重放 leader#1 登录点击 4 步…
09-08 12:54:07 p18636 登录点击重放完毕，等待进入场景…
09-08 12:54:07 p18636 检测到已登录 ✓
09-08 12:54:50 [autoTeam] Lua 队伍读数 0/5 未满员 → 走组队流程
09-08 12:54:50 [autoTeam] 阶段1: 5 人并行传送 大唐官府
09-08 12:54:58 p19308 传送完成 ✓
09-08 12:54:58 p20452 传送完成 ✓
09-08 12:54:58 p11800 传送完成 ✓
09-08 12:54:59 p9604 传送完成 ✓
09-08 12:54:59 p18636 传送完成 ✓
09-08 12:54:59 [autoTeam] 阶段2: 队长走位[139,80]
09-08 12:54:59 [sat] 队长准备: 传送 大唐官府 + 走位 [139,80]
09-08 12:55:08 [sat] 队长当前位置: (2640.0, 1660.0)
09-08 12:55:08 [sat] 走位点击 (540,240)（偏差 140,-60）——途中不点组队图标
09-08 12:55:13 [sat] 走位点击 (419,291)（偏差 70,-30）——途中不点组队图标
09-08 12:55:17 [sat] 走位点击 (419,291)（偏差 35,-15）——途中不点组队图标
09-08 12:55:22 [sat] 到达验证: (2778.1291199984, 1600.801805715)（目标 (2780.0, 1600.0)，±3 格容差）
09-08 12:55:22 [autoTeam] 阶段3: 建队
09-08 12:55:23 [sat] 建队第1次 脚底屏幕位 (417,292) → 身体点上移 40
09-08 12:55:27 [sat] 建队第1次 顶栏stats（应为 1）: ((1, 0, '二号美人'),)
09-08 12:55:27 [autoTeam] 阶段4: 4 名队员并行申请入队
09-08 12:55:27 [sat] p20452: 已与队长同图(大唐官府)，直接申请
09-08 12:55:28 [sat] p11800: 已与队长同图(大唐官府)，直接申请
09-08 12:55:28 [sat] p19308: 已与队长同图(大唐官府)，直接申请
09-08 12:55:28 [sat] p9604: 已与队长同图(大唐官府)，直接申请
09-08 12:55:31 [sat] p20452: 已点队长身体 (538,240)（第1次申请）
09-08 12:55:31 [sat] p19308: 已点队长身体 (538,240)（第1次申请）
09-08 12:55:32 [sat] p11800: 已点队长身体 (538,240)（第1次申请）
09-08 12:55:32 [sat] p9604: 已点队长身体 (538,240)（第1次申请）
09-08 12:55:42 [sat] p20452: 已点队长身体 (538,240)（第2次申请）
09-08 12:55:43 [sat] p19308: 已点队长身体 (538,240)（第2次申请）
09-08 12:55:44 [sat] p11800: 已点队长身体 (538,240)（第2次申请）
09-08 12:55:45 [sat] p9604: 已点队长身体 (538,240)（第2次申请）
09-08 12:55:50 [sat] p20452: 申请轮次结束（是否入队由队长批准裁决）
09-08 12:55:51 [sat] p9604: 申请轮次结束（是否入队由队长批准裁决）
09-08 12:55:51 [sat] p19308: 申请轮次结束（是否入队由队长批准裁决）
09-08 12:55:52 [sat] p11800: 申请轮次结束（是否入队由队长批准裁决）
09-08 12:55:52 [autoTeam] 阶段5: 队长批准申请
09-08 12:55:54 [sat] 当前成员数: 1（目标 5）
09-08 12:56:05 [sat] 当前成员数: 2（目标 5）
09-08 12:56:16 [sat] 当前成员数: 3（目标 5）
09-08 12:56:28 [sat] 当前成员数: 4（目标 5）
09-08 12:56:39 [sat] 当前成员数: 5（目标 5）
09-08 12:56:39 [autoTeam] 批准结束: 成员=5/目标=5
09-08 12:56:46 [sat] 阵法验证: 天覆阵/4
09-08 12:56:46 [autoTeam] 天覆阵完成 ✓
09-08 12:56:46 p9604 已拉起任务脚本（队员·三号美人 gw=file://pzxy_p9604）
09-08 12:56:46 p20452 已拉起任务脚本（队员·这是帅哥 gw=file://pzxy_p20452）
09-08 12:56:46 p19308 已拉起任务脚本（队员·这是猛男 gw=file://pzxy_p19308）
09-08 12:56:47 p11800 已拉起任务脚本（队员·一号美人 gw=file://pzxy_p11800）
09-08 12:56:47 p18636 已拉起任务脚本（队长·二号美人 gw=file://pzxy_p18636）
09-08 12:56:47 [autoTeam] 组队+任务脚本启动完成
09-08 12:56:47 [看门狗] 启动（目标 5 人，每 15s 判定）
09-08 12:56:47 已清理残留任务脚本（绑定死 PID 16756，系统 PID 19104）
09-08 12:56:47 已清理残留任务脚本（绑定死 PID 8252，系统 PID 8696）
09-08 12:56:47 已清理残留任务脚本（绑定死 PID 7356，系统 PID 15376）
09-08 12:56:48 已清理残留任务脚本（绑定死 PID 19496，系统 PID 6076）
09-08 12:58:55 [看门狗] 心跳: 5/5
09-08 13:00:58 [看门狗] 心跳: 5/5
09-08 13:02:45 squad_auto_team 日志已桥接到 GUI（组队内部步骤可见）
09-08 13:02:52 已启动队员进程 PID=13180，等待登录界面窗口…
09-08 13:02:53 已启动队员进程 PID=13416，等待登录界面窗口…
09-08 13:02:53 p13180 检测到登录界面，开始播种…
09-08 13:02:53 已启动队员进程 PID=3044，等待登录界面窗口…
09-08 13:02:54 已启动队员进程 PID=9412，等待登录界面窗口…
09-08 13:02:55 p13416 检测到登录界面，开始播种…
09-08 13:02:55 已启动队长进程 PID=12104，等待登录界面窗口…
09-08 13:02:55 p9412 检测到登录界面，开始播种…
09-08 13:02:55 p3044 检测到登录界面，开始播种…
09-08 13:02:56 p12104 检测到登录界面，开始播种…
09-08 13:03:00 p13180 播种成功 ✓
09-08 13:03:00 p13180 重放 member#1 登录点击 4 步…
09-08 13:03:01 p13416 播种成功 ✓
09-08 13:03:01 p13416 重放 member#2 登录点击 4 步…
09-08 13:03:02 p9412 播种成功 ✓
09-08 13:03:02 p9412 重放 member#4 登录点击 4 步…
09-08 13:03:02 p3044 播种成功 ✓
09-08 13:03:02 p3044 重放 member#3 登录点击 4 步…
09-08 13:03:03 p12104 播种成功 ✓
09-08 13:03:03 p12104 重放 leader#1 登录点击 4 步…
09-08 13:03:08 p13180 登录点击重放完毕，等待进入场景…
09-08 13:03:09 p13416 登录点击重放完毕，等待进入场景…
09-08 13:03:09 p12104 登录点击重放完毕，等待进入场景…
09-08 13:03:09 p13180 检测到已登录 ✓
09-08 13:03:10 p3044 登录点击重放完毕，等待进入场景…
09-08 13:03:10 p9412 登录点击重放完毕，等待进入场景…
09-08 13:03:11 p13416 检测到已登录 ✓
09-08 13:03:11 p3044 检测到已登录 ✓
09-08 13:03:11 p9412 检测到已登录 ✓
09-08 13:03:11 p12104 检测到已登录 ✓
09-08 13:03:16 [内存] 已修剪 5 个游戏进程：1.7GB → 54.0MB（释放 1.7GB）
09-08 13:03:16 [autoTeam] Lua 队伍读数 0/5 未满员 → 走组队流程
09-08 13:03:16 [autoTeam] 阶段1: 4 名队员并行传送 大唐官府（队长由阶段2 负责）
09-08 13:03:24 p13180 传送完成 ✓
09-08 13:03:24 p13416 传送完成 ✓
09-08 13:03:25 p3044 传送完成 ✓
09-08 13:03:25 p9412 传送完成 ✓
09-08 13:03:25 [autoTeam] 阶段2: 队长走位[139,80]
09-08 13:03:25 [sat] 队长准备: 传送 大唐官府 + 走位 [139,80]
09-08 13:03:34 [sat] 队长当前位置: (2640.0, 1660.0)（第1次传送后）
09-08 13:03:34 [sat] 走位点击 (540,240)（偏差 140,-60）——途中不点组队图标
09-08 13:03:39 [sat] 队长已就位: (2777.9728653177, 1600.8687720067)（目标 (2780.0, 1600.0)，±3 格容差）
09-08 13:03:39 [autoTeam] 阶段3: 建队
09-08 13:03:40 [sat] 建队第1次 脚底屏幕位 (417,292) → 身体点上移 40
09-08 13:03:44 [sat] 建队第1次 顶栏stats（应为 1）: ((1, 0, '二号美人'),)
09-08 13:03:44 [autoTeam] 阶段4: 4 名队员并行申请入队
09-08 13:03:45 [sat] p13180: 已与队长同图(大唐官府)，直接申请
09-08 13:03:45 [sat] p13416: 已与队长同图(大唐官府)，直接申请
09-08 13:03:45 [sat] p3044: 已与队长同图(大唐官府)，直接申请
09-08 13:03:46 [sat] p9412: 已与队长同图(大唐官府)，直接申请
09-08 13:03:49 [sat] p13180: 已点队长身体 (537,240)（第1次申请）
09-08 13:03:49 [sat] p9412: 已点队长身体 (537,240)（第1次申请）
09-08 13:03:50 [sat] p13416: 已点队长身体 (537,240)（第1次申请）
09-08 13:03:50 [sat] p3044: 已点队长身体 (537,240)（第1次申请）
09-08 13:04:00 [sat] p9412: 已点队长身体 (537,240)（第2次申请）
09-08 13:04:01 [sat] p13416: 已点队长身体 (537,240)（第2次申请）
09-08 13:04:01 [sat] p13180: 已点队长身体 (537,240)（第2次申请）
09-08 13:04:01 [sat] p3044: 已点队长身体 (537,240)（第2次申请）
09-08 13:04:07 [sat] p9412: 申请轮次结束（是否入队由队长批准裁决）
09-08 13:04:08 [sat] p13180: 申请轮次结束（是否入队由队长批准裁决）
09-08 13:04:09 [sat] p3044: 申请轮次结束（是否入队由队长批准裁决）
09-08 13:04:09 [sat] p13416: 申请轮次结束（是否入队由队长批准裁决）
09-08 13:04:09 [autoTeam] 阶段5: 队长批准申请
09-08 13:04:12 [sat] 当前成员数: 1（目标 5）
09-08 13:04:23 [sat] 当前成员数: 2（目标 5）
09-08 13:04:34 [sat] 当前成员数: 3（目标 5）
09-08 13:04:45 [sat] 当前成员数: 4（目标 5）
09-08 13:04:56 [sat] 当前成员数: 5（目标 5）
09-08 13:04:56 [autoTeam] 批准结束: 成员=5/目标=5
09-08 13:05:03 [sat] 阵法验证: 天覆阵/4
09-08 13:05:03 [autoTeam] 天覆阵完成 ✓
09-08 13:05:03 p13180 已拉起任务脚本（队员·三号美人 gw=file://pzxy_p13180）
09-08 13:05:04 p13416 已拉起任务脚本（队员·这是帅哥 gw=file://pzxy_p13416）
09-08 13:05:04 p3044 已拉起任务脚本（队员·这是猛男 gw=file://pzxy_p3044）
09-08 13:05:04 p9412 已拉起任务脚本（队员·一号美人 gw=file://pzxy_p9412）
09-08 13:05:04 p12104 已拉起任务脚本（队长·二号美人 gw=file://pzxy_p12104）
09-08 13:05:04 [autoTeam] 组队+任务脚本启动完成
09-08 13:05:04 [看门狗] 启动（目标 5 人，每 15s 判定）
09-08 13:05:05 已清理残留任务脚本（绑定死 PID 9604，系统 PID 18640）
09-08 13:05:05 已清理残留任务脚本（绑定死 PID 20452，系统 PID 7488）
09-08 13:05:05 已清理残留任务脚本（绑定死 PID 19308，系统 PID 7560）
09-08 13:05:05 已清理残留任务脚本（绑定死 PID 11800，系统 PID 19364）
09-08 13:05:05 已清理残留任务脚本（绑定死 PID 18636，系统 PID 17784）
09-08 13:07:08 [看门狗] 心跳: 5/5
09-08 13:09:14 [看门狗] 心跳: 5/5
09-08 13:11:18 [看门狗] 心跳: 5/5
09-08 13:13:21 [看门狗] 心跳: 5/5
09-08 13:15:23 [看门狗] 心跳: 5/5
09-08 13:17:26 [看门狗] 心跳: 5/5
09-08 13:19:29 [看门狗] 心跳: 5/5
09-08 13:21:35 [看门狗] 心跳: 5/5
09-08 13:23:37 [看门狗] 心跳: 5/5
09-08 13:25:42 [看门狗] 心跳: 5/5
09-08 13:27:45 [看门狗] 心跳: 5/5
09-08 13:29:47 [看门狗] 心跳: 5/5
09-08 13:31:51 [看门狗] 心跳: 5/5
09-08 13:33:16 [内存] 已修剪 5 个游戏进程：1.7GB → 104.8MB（释放 1.6GB）
09-08 13:33:54 [看门狗] 心跳: 5/5
09-08 13:34:48 [暂停] 自动化冻结：停任务脚本，看门狗/掉线闭环挂起（可人工接管）
09-08 13:34:48 已打断 p13180 任务脚本（系统 PID 14048）
09-08 13:34:48 已打断 p13416 任务脚本（系统 PID 9604）
09-08 13:34:49 已打断 p3044 任务脚本（系统 PID 19376）
09-08 13:34:49 已打断 p9412 任务脚本（系统 PID 5596）
09-08 13:34:49 已打断 p12104 任务脚本（系统 PID 12716）
09-08 13:34:49 [暂停] 完成：任务脚本已全部停止
09-08 13:52:55 squad_auto_team 日志已桥接到 GUI（组队内部步骤可见）
09-08 13:53:05 已启动队员进程 PID=14860，等待登录界面窗口…
09-08 13:53:06 已启动队员进程 PID=4496，等待登录界面窗口…
09-08 13:53:07 已启动队员进程 PID=11128，等待登录界面窗口…
09-08 13:53:07 p4496 检测到登录界面，开始播种…
09-08 13:53:07 p14860 检测到登录界面，开始播种…
09-08 13:53:08 已启动队员进程 PID=9320，等待登录界面窗口…
09-08 13:53:08 p11128 检测到登录界面，开始播种…
09-08 13:53:08 已启动队长进程 PID=19416，等待登录界面窗口…
09-08 13:53:09 p19416 检测到登录界面，开始播种…
09-08 13:53:10 p9320 检测到登录界面，开始播种…
09-08 13:53:17 p4496 播种成功 ✓
09-08 13:53:17 p4496 重放 member#2 登录点击 4 步…
09-08 13:53:17 p14860 播种成功 ✓
09-08 13:53:17 p14860 重放 member#1 登录点击 4 步…
09-08 13:53:17 p9320 播种成功 ✓
09-08 13:53:17 p9320 重放 member#4 登录点击 4 步…
09-08 13:53:18 p11128 播种成功 ✓
09-08 13:53:18 p11128 重放 member#3 登录点击 4 步…
09-08 13:53:19 p19416 播种成功 ✓
09-08 13:53:19 p19416 重放 leader#1 登录点击 4 步…
09-08 13:53:25 p4496 登录点击重放完毕，等待进入场景…
09-08 13:53:25 p19416 登录点击重放完毕，等待进入场景…
09-08 13:53:25 [内存] 已修剪 5 个游戏进程：1.5GB → 24.8MB（释放 1.5GB）
09-08 13:53:26 p9320 登录点击重放完毕，等待进入场景…
09-08 13:53:26 p11128 登录点击重放完毕，等待进入场景…
09-08 13:53:26 p14860 登录点击重放完毕，等待进入场景…
09-08 13:53:27 p14860 检测到已登录 ✓
09-08 13:53:27 p4496 检测到已登录 ✓
09-08 13:53:27 p11128 检测到已登录 ✓
09-08 13:53:27 p9320 检测到已登录 ✓
09-08 13:53:27 p19416 检测到已登录 ✓
09-08 13:53:36 [autoTeam] Lua 队伍读数 0/5 未满员 → 走组队流程
09-08 13:53:36 [autoTeam] 阶段1: 4 名队员并行传送 大唐官府（队长由阶段2 负责）
09-08 13:53:44 p9320 传送完成 ✓
09-08 13:53:44 p11128 传送完成 ✓
09-08 13:53:44 p14860 传送完成 ✓
09-08 13:53:45 p4496 传送完成 ✓
09-08 13:53:45 [autoTeam] 阶段2: 队长走位[139,80]
09-08 13:53:45 [sat] 队长准备: 传送 大唐官府 + 走位 [139,80]
09-08 13:53:55 [sat] 队长当前位置: (2640.0, 1660.0)（第1次传送后）
09-08 13:53:55 [sat] 走位点击 (540,240)（偏差 140,-60）——途中不点组队图标
09-08 13:54:00 [sat] 队长已就位: (2777.6603562473, 1601.0027044655)（目标 (2780.0, 1600.0)，±3 格容差）
09-08 13:54:00 [autoTeam] 阶段3: 建队
09-08 13:54:01 [sat] 建队第1次 脚底屏幕位 (418,292) → 身体点上移 40
09-08 13:54:05 [sat] 建队第1次 顶栏stats（应为 1）: ((1, 0, '二号美人'),)
09-08 13:54:05 [autoTeam] 阶段4: 4 名队员并行申请入队
09-08 13:54:06 [sat] p14860: 已与队长同图(大唐官府)，直接申请
09-08 13:54:06 [sat] p11128: 已与队长同图(大唐官府)，直接申请
09-08 13:54:06 [sat] p9320: 已与队长同图(大唐官府)，直接申请
09-08 13:54:06 [sat] p4496: 已与队长同图(大唐官府)，直接申请
09-08 13:54:11 [sat] p14860: 已点队长身体 (537,241)（第1次申请）
09-08 13:54:11 [sat] p11128: 已点队长身体 (537,241)（第1次申请）
09-08 13:54:11 [sat] p9320: 已点队长身体 (537,241)（第1次申请）
09-08 13:54:11 [sat] p4496: 已点队长身体 (537,241)（第1次申请）
09-08 13:54:24 [sat] p14860: 已点队长身体 (537,241)（第2次申请）
09-08 13:54:24 [sat] p4496: 已点队长身体 (537,241)（第2次申请）
09-08 13:54:24 [sat] p11128: 已点队长身体 (537,241)（第2次申请）
09-08 13:54:24 [sat] p9320: 已点队长身体 (537,241)（第2次申请）
09-08 13:54:31 [sat] p14860: 申请轮次结束（是否入队由队长批准裁决）
09-08 13:54:31 [sat] p11128: 申请轮次结束（是否入队由队长批准裁决）
09-08 13:54:33 [sat] p4496: 申请轮次结束（是否入队由队长批准裁决）
09-08 13:54:33 [sat] p9320: 申请轮次结束（是否入队由队长批准裁决）
09-08 13:54:33 [autoTeam] 阶段5: 队长批准申请
09-08 13:54:36 [sat] 当前成员数: 1（目标 5）
09-08 13:54:47 [sat] 当前成员数: 2（目标 5）
09-08 13:54:58 [sat] 当前成员数: 3（目标 5）
09-08 13:55:09 [sat] 当前成员数: 4（目标 5）
09-08 13:55:20 [sat] 当前成员数: 5（目标 5）
09-08 13:55:20 [autoTeam] 批准结束: 成员=5/目标=5
09-08 13:55:27 [sat] 阵法验证: 天覆阵/4
09-08 13:55:27 [autoTeam] 天覆阵完成 ✓
09-08 13:55:28 p14860 已拉起任务脚本（队员·三号美人 gw=file://pzxy_p14860）
09-08 13:55:28 p4496 已拉起任务脚本（队员·这是帅哥 gw=file://pzxy_p4496）
09-08 13:55:28 p11128 已拉起任务脚本（队员·这是猛男 gw=file://pzxy_p11128）
09-08 13:55:29 p9320 已拉起任务脚本（队员·一号美人 gw=file://pzxy_p9320）
09-08 13:55:29 p19416 已拉起任务脚本（队长·二号美人 gw=file://pzxy_p19416）
09-08 13:55:29 [autoTeam] 组队+任务脚本启动完成
09-08 13:55:29 [看门狗] 启动（目标 5 人，每 15s 判定）
09-08 13:57:32 [看门狗] 心跳: 5/5
09-08 13:59:39 [看门狗] 心跳: 5/5
09-08 14:01:44 [看门狗] 心跳: 5/5
09-08 14:03:47 [看门狗] 心跳: 5/5
09-08 14:05:50 [看门狗] 心跳: 5/5
09-08 14:07:52 [看门狗] 心跳: 5/5
09-08 14:09:57 [看门狗] 心跳: 5/5
09-08 14:12:00 [看门狗] 心跳: 5/5
09-08 14:14:03 [看门狗] 心跳: 5/5
09-08 14:16:07 [看门狗] 心跳: 5/5
09-08 14:18:10 [看门狗] 心跳: 5/5
09-08 14:20:14 [看门狗] 心跳: 5/5
09-08 14:22:18 [看门狗] 心跳: 5/5
09-08 14:23:26 [内存] 已修剪 5 个游戏进程：3.3GB → 139.6MB（释放 3.1GB）
09-08 14:24:23 [看门狗] 心跳: 5/5
09-08 14:26:27 [看门狗] 心跳: 5/5
09-08 14:28:30 [看门狗] 心跳: 5/5
09-08 14:30:34 [看门狗] 心跳: 5/5
09-08 14:32:38 [看门狗] 心跳: 5/5
09-08 14:34:40 [看门狗] 心跳: 5/5
09-08 14:36:44 [看门狗] 心跳: 5/5
09-08 14:38:50 [看门狗] 心跳: 5/5
09-08 14:40:53 [看门狗] 心跳: 5/5
09-08 14:42:57 [看门狗] 心跳: 5/5
09-08 14:45:01 [看门狗] 心跳: 5/5
09-08 14:47:03 [看门狗] 心跳: 5/5
09-08 14:49:08 [看门狗] 心跳: 5/5
09-08 14:51:11 [看门狗] 心跳: 5/5
09-08 14:53:14 [看门狗] 心跳: 5/5
09-08 14:53:26 [内存] 已修剪 5 个游戏进程：2.8GB → 199.8MB（释放 2.7GB）
09-08 14:55:17 [看门狗] 心跳: 5/5
09-08 14:57:26 [看门狗] 心跳: 5/5
09-08 14:59:31 [看门狗] 心跳: 5/5
09-08 15:01:35 [看门狗] 心跳: 5/5
09-08 15:03:41 [看门狗] 心跳: 5/5
09-08 15:05:44 [看门狗] 心跳: 5/5
09-08 15:07:49 [看门狗] 心跳: 5/5
09-08 15:09:51 [看门狗] 心跳: 5/5
09-08 15:11:55 [看门狗] 心跳: 5/5
09-08 15:13:58 [看门狗] 心跳: 5/5
09-08 15:16:04 [看门狗] 心跳: 5/5
09-08 15:18:10 [看门狗] 心跳: 5/5
09-08 15:20:12 [看门狗] 心跳: 5/5
09-08 15:22:17 [看门狗] 心跳: 5/5
09-08 15:23:27 [内存] 已修剪 5 个游戏进程：3.1GB → 182.8MB（释放 3.0GB）
09-08 15:24:20 [看门狗] 心跳: 5/5
09-08 15:26:24 [看门狗] 心跳: 5/5
09-08 15:28:27 [看门狗] 心跳: 5/5
09-08 15:30:32 [看门狗] 心跳: 5/5
09-08 15:32:35 [看门狗] 心跳: 5/5
09-08 15:34:41 [看门狗] 心跳: 5/5
09-08 15:36:47 [看门狗] 心跳: 5/5
09-08 15:38:50 [看门狗] 心跳: 5/5
09-08 15:40:53 [看门狗] 心跳: 5/5
09-08 15:42:55 [看门狗] 心跳: 5/5
09-08 15:44:59 [看门狗] 心跳: 5/5
09-08 15:47:02 [看门狗] 心跳: 5/5
09-08 15:49:04 [看门狗] 心跳: 5/5
09-08 15:51:07 [看门狗] 心跳: 5/5
09-08 15:53:09 [看门狗] 心跳: 5/5
09-08 15:53:27 [内存] 已修剪 5 个游戏进程：2.4GB → 232.4MB（释放 2.2GB）
09-08 15:55:13 [看门狗] 心跳: 5/5
09-08 15:57:17 [看门狗] 心跳: 5/5
09-08 15:59:19 [看门狗] 心跳: 5/5
09-08 16:01:21 [看门狗] 心跳: 5/5
09-08 16:03:23 [看门狗] 心跳: 5/5
09-08 16:05:27 [看门狗] 心跳: 5/5
09-08 16:07:30 [看门狗] 心跳: 5/5
09-08 16:09:34 [看门狗] 心跳: 5/5
09-08 16:11:37 [看门狗] 心跳: 5/5
09-08 16:13:40 [看门狗] 心跳: 5/5
09-08 16:15:43 [看门狗] 心跳: 5/5
09-08 16:17:46 [看门狗] 心跳: 5/5
09-08 16:19:50 [看门狗] 心跳: 5/5
09-08 16:21:51 [看门狗] 心跳: 5/5
09-08 16:23:27 [内存] 已修剪 5 个游戏进程：823.8MB → 140.5MB（释放 683.3MB）
09-08 16:23:55 [看门狗] 心跳: 5/5
09-08 16:25:56 [看门狗] 心跳: 5/5
09-08 16:28:00 [看门狗] 心跳: 5/5
09-08 16:30:03 [看门狗] 心跳: 5/5
09-08 16:32:06 [看门狗] 心跳: 5/5
09-08 16:34:09 [看门狗] 心跳: 5/5
09-08 16:36:11 [看门狗] 心跳: 5/5
09-08 16:38:16 [看门狗] 心跳: 5/5
09-08 16:40:18 [看门狗] 心跳: 5/5
09-08 16:42:21 [看门狗] 心跳: 5/5
09-08 16:44:23 [看门狗] 心跳: 5/5
09-08 16:46:25 [看门狗] 心跳: 5/5
09-08 16:48:28 [看门狗] 心跳: 5/5
09-08 16:50:30 [看门狗] 心跳: 5/5
09-08 16:52:34 [看门狗] 心跳: 5/5
09-08 16:53:27 [内存] 已修剪 5 个游戏进程：702.8MB → 158.9MB（释放 543.9MB）
09-08 16:54:38 [看门狗] 心跳: 5/5
09-08 16:56:41 [看门狗] 心跳: 5/5
09-08 16:58:43 [看门狗] 心跳: 5/5
09-08 17:00:46 [看门狗] 心跳: 5/5
09-08 17:02:49 [看门狗] 心跳: 5/5
09-08 17:04:52 [看门狗] 心跳: 5/5
09-08 17:06:54 [看门狗] 心跳: 5/5
09-08 17:08:57 [看门狗] 心跳: 5/5
09-08 17:10:59 [看门狗] 心跳: 5/5
09-08 17:13:02 [看门狗] 心跳: 5/5
09-08 17:15:04 [看门狗] 心跳: 5/5
09-08 17:17:07 [看门狗] 心跳: 5/5
09-08 17:19:10 [看门狗] 心跳: 5/5
09-08 17:21:14 [看门狗] 心跳: 5/5
09-08 17:23:16 [看门狗] 心跳: 5/5
09-08 17:23:28 [内存] 已修剪 5 个游戏进程：989.0MB → 172.6MB（释放 816.4MB）
09-08 17:25:18 [看门狗] 心跳: 5/5
09-08 17:27:21 [看门狗] 心跳: 5/5
09-08 17:29:24 [看门狗] 心跳: 5/5
09-08 17:31:26 [看门狗] 心跳: 5/5
09-08 17:33:31 [看门狗] 心跳: 5/5
09-08 17:35:34 [看门狗] 心跳: 5/5
09-08 17:36:33 p19416 掉线判定: 窗口/标题异常 → 重启闭环
09-08 17:36:34 p19416 旧游戏进程卡死，已强制结束
09-08 17:36:35 p19416 已重启为新进程 PID=11168，等待登录界面…
09-08 17:36:37 p11168 检测到登录界面，开始播种…
09-08 17:36:44 p11168 播种成功 ✓
09-08 17:36:44 p11168 重放 leader#1 登录点击 4 步…
09-08 17:36:44 p19416 → 新 PID=11168 播种/登录流程接管完成
09-08 17:36:50 [看门狗] 队长 PID 变更 19416 → 11168，跟随新通道
09-08 17:36:50 p11168 登录点击重放完毕，等待进入场景…
09-08 17:36:51 p11168 检测到已登录 ✓
09-08 17:36:51 [sat] 队长准备: 传送 大唐官府 + 走位 [139,80]
09-08 17:36:59 [sat] 队长当前位置: (720.0, 1640.0)（第1次传送后）
09-08 17:37:00 [sat] [warn] 目标不在视野，改点视野边缘 (770,260) 逼近
09-08 17:37:00 [sat] 走位点击 (770,260)（偏差 2060,-40）——途中不点组队图标
09-08 17:37:04 [sat] [warn] 第1次点击后位置未变 (720,1640)
09-08 17:37:05 [sat] [warn] 目标不在视野，改点视野边缘 (770,260) 逼近
09-08 17:37:05 [sat] 走位点击 (770,260)（偏差 2060,-40）——途中不点组队图标
09-08 17:37:09 [sat] [warn] 第2次点击后位置未变 (720,1640)
09-08 17:37:09 [sat] [warn] 连续 2 次点击无移动 → 重传送重置走位
09-08 17:37:09 [sat] [warn] 第1轮走位未到锚点（pos=(720.0, 1640.0)）→ 重传送再来
09-08 17:37:17 [sat] 队长当前位置: (720.0, 1640.0)（第2次传送后）
09-08 17:37:17 [sat] [warn] 目标不在视野，改点视野边缘 (770,260) 逼近
09-08 17:37:17 [sat] 走位点击 (770,260)（偏差 2060,-40）——途中不点组队图标
09-08 17:37:22 [sat] [warn] 第1次点击后位置未变 (720,1640)
09-08 17:37:22 [sat] [warn] 目标不在视野，改点视野边缘 (770,260) 逼近
09-08 17:37:22 [sat] 走位点击 (770,260)（偏差 2060,-40）——途中不点组队图标
09-08 17:37:27 [sat] [warn] 第2次点击后位置未变 (720,1640)
09-08 17:37:27 [sat] [warn] 连续 2 次点击无移动 → 重传送重置走位
09-08 17:37:27 [sat] [warn] 第2轮走位未到锚点（pos=(720.0, 1640.0)）→ 重传送再来
09-08 17:37:27 [sat] [fail] 队长两轮走位均未到达 [139,80]——本轮禁止队员归队（防打乱坐标）
09-08 17:37:29 p11168 已拉起任务脚本（队长·二号美人 gw=file://pzxy_p11168）
09-08 17:37:35 [看门狗] 心跳: 5/5
09-08 17:38:25 p14860 掉线判定: 窗口/标题异常 → 重启闭环
09-08 17:38:26 p14860 旧游戏进程卡死，已强制结束
09-08 17:38:27 p14860 已重启为新进程 PID=19252，等待登录界面…
09-08 17:38:29 p19252 检测到登录界面，开始播种…
09-08 17:38:35 p19252 播种成功 ✓
09-08 17:38:35 p19252 重放 member#1 登录点击 4 步…
09-08 17:38:35 p14860 → 新 PID=19252 播种/登录流程接管完成
09-08 17:38:37 [看门狗] 检测到缺员 4/5 → 打断抓鬼，启动补组队
09-08 17:38:37 已打断 p11168 任务脚本（系统 PID 1244）
09-08 17:38:37 [sat] 队长准备: 传送 大唐官府 + 走位 [139,80]
09-08 17:38:44 p19252 登录点击重放完毕，等待进入场景…
09-08 17:38:45 p19252 检测到已登录 ✓
09-08 17:38:46 [sat] 队长当前位置: (1860.0, 800.0)（第1次传送后）
09-08 17:38:46 [sat] [warn] 目标不在视野，改点视野边缘 (770,570) 逼近
09-08 17:38:46 [sat] 走位点击 (770,570)（偏差 920,800）——途中不点组队图标
09-08 17:38:51 [sat] [warn] 第1次点击后位置未变 (1860,800)
09-08 17:38:51 [sat] [warn] 目标不在视野，改点视野边缘 (770,570) 逼近
09-08 17:38:51 [sat] 走位点击 (770,570)（偏差 920,800）——途中不点组队图标
09-08 17:38:56 [sat] [warn] 目标不在视野，改点视野边缘 (770,570) 逼近
09-08 17:38:56 [sat] 走位点击 (770,570)（偏差 882,760）——途中不点组队图标
09-08 17:38:58 [sat] p19252: 已点队长身体 (537,241)（第1次申请）
09-08 17:39:01 [sat] [warn] 目标不在视野，改点视野边缘 (770,570) 逼近
09-08 17:39:01 [sat] 走位点击 (770,570)（偏差 867,731）——途中不点组队图标
09-08 17:39:06 [sat] [warn] 第4次点击后位置未变 (1913,869)
09-08 17:39:06 [sat] [warn] 第1轮走位未到锚点（pos=(1912.6032765265, 869.19276169752)）→ 重传送再来
09-08 17:39:06 [sat] p19252: 异图(大唐官府≠队长五庄观) 就地传送
09-08 17:39:15 [sat] 队长当前位置: (2640.0, 1660.0)（第2次传送后）
09-08 17:39:15 [sat] 走位点击 (540,240)（偏差 140,-60）——途中不点组队图标
09-08 17:39:17 [sat] p19252: 已点队长身体 (537,241)（第2次申请）
09-08 17:39:20 [sat] 队长已就位: (2778.4416296508, 1600.6678730068)（目标 (2780.0, 1600.0)，±3 格容差）
09-08 17:39:20 [看门狗] 3 名在线队员并行申请归队
09-08 17:39:21 [sat] p4496: 已与队长同图(大唐官府)，直接申请
09-08 17:39:21 [sat] p11128: 已与队长同图(大唐官府)，直接申请
09-08 17:39:21 [sat] p9320: 已与队长同图(大唐官府)，直接申请
09-08 17:39:25 [sat] p4496: 已点队长身体 (538,240)（第1次申请）
09-08 17:39:25 [sat] p9320: 已点队长身体 (418,292)（第1次申请）
09-08 17:39:25 [sat] p11128: 已点队长身体 (538,240)（第1次申请）
09-08 17:39:30 [sat] p19252: 已点队长身体 (416,328)（第3次申请）
09-08 17:39:36 [sat] p4496: 已点队长身体 (538,240)（第2次申请）
09-08 17:39:36 [sat] p11128: 已点队长身体 (538,240)（第2次申请）
09-08 17:39:37 [sat] p9320: 已点队长身体 (418,292)（第2次申请）
09-08 17:39:37 [sat] p19252: 申请轮次结束（是否入队由队长批准裁决）
09-08 17:39:38 [看门狗] 心跳: 4/5
09-08 17:39:40 p19252 已拉起任务脚本（队员·三号美人 gw=file://pzxy_p19252）
09-08 17:39:48 [sat] p4496: 已点队长身体 (538,240)（第3次申请）
09-08 17:39:49 [sat] p11128: 已点队长身体 (538,240)（第3次申请）
09-08 17:39:49 [sat] p9320: 已点队长身体 (418,292)（第3次申请）
09-08 17:39:55 [sat] p9320: 申请轮次结束（是否入队由队长批准裁决）
09-08 17:39:57 [sat] p4496: 申请轮次结束（是否入队由队长批准裁决）
09-08 17:39:58 [sat] p11128: 申请轮次结束（是否入队由队长批准裁决）
09-08 17:40:00 [sat] 当前成员数: 4（目标 5）
09-08 17:40:39 [看门狗] 队伍满员 5/5，恢复抓鬼
09-08 17:40:39 p19252 任务脚本已在跑，跳过
09-08 17:40:40 p4496 任务脚本已在跑，跳过
09-08 17:40:40 p11128 任务脚本已在跑，跳过
09-08 17:40:40 p9320 任务脚本已在跑，跳过
09-08 17:40:40 p11168 已拉起任务脚本（队长·二号美人 gw=file://pzxy_p11168）
09-08 17:40:44 [sat] 当前成员数: 5（目标 5）
09-08 17:40:44 [看门狗] 补组批准结束: 5/5
09-08 17:40:52 [sat] 阵法验证: 天覆阵/1
09-08 17:40:52 p19252 任务脚本已在跑，跳过
09-08 17:40:52 p4496 任务脚本已在跑，跳过
09-08 17:40:52 p11128 任务脚本已在跑，跳过
09-08 17:40:53 p9320 任务脚本已在跑，跳过
09-08 17:40:53 p11168 任务脚本已在跑，跳过
09-08 17:40:53 [看门狗] 满员，抓鬼已恢复 ✓
09-08 17:41:41 [看门狗] 心跳: 5/5
09-08 17:43:40 p4496 掉线判定: 窗口/标题异常 → 重启闭环
09-08 17:43:40 p9320 掉线判定: 窗口/标题异常 → 重启闭环
09-08 17:43:40 p9320 旧游戏进程卡死，已强制结束
09-08 17:43:40 p4496 旧游戏进程卡死，已强制结束
09-08 17:43:41 p9320 已重启为新进程 PID=16708，等待登录界面…
09-08 17:43:41 p4496 已重启为新进程 PID=15392，等待登录界面…
09-08 17:43:43 p16708 检测到登录界面，开始播种…
09-08 17:43:43 p15392 检测到登录界面，开始播种…
09-08 17:43:46 [看门狗] 心跳: 3/5
09-08 17:43:46 [看门狗] 检测到缺员 3/5 → 打断抓鬼，启动补组队
09-08 17:43:47 已打断 p11168 任务脚本（系统 PID 20064）
09-08 17:43:47 [sat] 队长准备: 传送 大唐官府 + 走位 [139,80]
09-08 17:43:50 p16708 播种成功 ✓
09-08 17:43:50 p16708 重放 member#4 登录点击 4 步…
09-08 17:43:50 p9320 → 新 PID=16708 播种/登录流程接管完成
09-08 17:43:50 p15392 播种成功 ✓
09-08 17:43:50 p15392 重放 member#2 登录点击 4 步…
09-08 17:43:50 p4496 → 新 PID=15392 播种/登录流程接管完成
09-08 17:43:55 [sat] 队长当前位置: (2640.0, 1660.0)（第1次传送后）
09-08 17:43:55 [sat] 走位点击 (540,240)（偏差 140,-60）——途中不点组队图标
09-08 17:43:58 p16708 登录点击重放完毕，等待进入场景…
09-08 17:43:58 p15392 登录点击重放完毕，等待进入场景…
09-08 17:44:00 p15392 检测到已登录 ✓
09-08 17:44:00 p16708 检测到已登录 ✓
09-08 17:44:00 [sat] 队长已就位: (2779.6916670966, 1600.1321426729)（目标 (2780.0, 1600.0)，±3 格容差）
09-08 17:44:00 [看门狗] 2 名在线队员并行申请归队
09-08 17:44:01 [sat] p15392: 异图(长安城≠队长大唐官府) 就地传送
09-08 17:44:01 [sat] p16708: 异图(长安城≠队长大唐官府) 就地传送
09-08 17:44:02 [sat] p19252: 已与队长同图(大唐官府)，直接申请
09-08 17:44:02 [sat] p11128: 已与队长同图(大唐官府)，直接申请
09-08 17:44:06 [sat] p11128: 已点队长身体 (419,291)（第1次申请）
09-08 17:44:06 [sat] p19252: 已点队长身体 (539,240)（第1次申请）
09-08 17:44:13 [sat] p15392: 已点队长身体 (538,240)（第1次申请）
09-08 17:44:13 [sat] p16708: 已点队长身体 (538,240)（第1次申请）
09-08 17:44:17 [sat] p19252: 已点队长身体 (539,240)（第2次申请）
09-08 17:44:18 [sat] p11128: 已点队长身体 (419,291)（第2次申请）
09-08 17:44:23 [sat] p16708: 已点队长身体 (538,240)（第2次申请）
09-08 17:44:24 [sat] p15392: 已点队长身体 (538,240)（第2次申请）
09-08 17:44:28 [sat] p19252: 已点队长身体 (539,240)（第3次申请）
09-08 17:44:30 [sat] p11128: 已点队长身体 (419,291)（第3次申请）
09-08 17:44:35 [sat] p16708: 已点队长身体 (538,240)（第3次申请）
09-08 17:44:36 [sat] p15392: 已点队长身体 (538,240)（第3次申请）
09-08 17:44:36 [sat] p19252: 申请轮次结束（是否入队由队长批准裁决）
09-08 17:44:38 [sat] p11128: 申请轮次结束（是否入队由队长批准裁决）
09-08 17:44:41 [sat] 当前成员数: 3（目标 5）
09-08 17:44:42 [sat] p15392: 申请轮次结束（是否入队由队长批准裁决）
09-08 17:44:43 [sat] p16708: 申请轮次结束（是否入队由队长批准裁决）
09-08 17:44:44 p15392 已拉起任务脚本（队员·这是帅哥 gw=file://pzxy_p15392）
09-08 17:44:46 p16708 已拉起任务脚本（队员·一号美人 gw=file://pzxy_p16708）
09-08 17:44:52 [sat] 当前成员数: 4（目标 5）
09-08 17:45:03 [sat] 当前成员数: 5（目标 5）
09-08 17:45:03 [看门狗] 补组批准结束: 5/5
09-08 17:45:03 [看门狗] 队伍满员 5/5，恢复抓鬼
09-08 17:45:04 p19252 任务脚本已在跑，跳过
09-08 17:45:04 p15392 任务脚本已在跑，跳过
09-08 17:45:04 p11128 任务脚本已在跑，跳过
09-08 17:45:04 p16708 任务脚本已在跑，跳过
09-08 17:45:05 p11168 已拉起任务脚本（队长·二号美人 gw=file://pzxy_p11168）
09-08 17:45:11 [sat] 阵法验证: 天覆阵/4
09-08 17:45:11 p19252 任务脚本已在跑，跳过
09-08 17:45:11 p15392 任务脚本已在跑，跳过
09-08 17:45:12 p11128 任务脚本已在跑，跳过
09-08 17:45:12 p16708 任务脚本已在跑，跳过
09-08 17:45:12 p11168 任务脚本已在跑，跳过
09-08 17:45:12 [看门狗] 满员，抓鬼已恢复 ✓
09-08 17:45:51 [看门狗] 心跳: 5/5
09-08 17:47:54 [看门狗] 心跳: 5/5
09-08 17:49:57 [看门狗] 心跳: 5/5
09-08 17:50:54 p11128 掉线判定: 窗口/标题异常 → 重启闭环
09-08 17:50:55 p11128 旧游戏进程卡死，已强制结束
09-08 17:50:56 p11128 已重启为新进程 PID=5124，等待登录界面…
09-08 17:50:58 p5124 检测到登录界面，开始播种…
09-08 17:50:58 [看门狗] 检测到缺员 4/5 → 打断抓鬼，启动补组队
09-08 17:50:58 已打断 p11168 任务脚本（系统 PID 19356）
09-08 17:50:58 [sat] 队长准备: 传送 大唐官府 + 走位 [139,80]
09-08 17:51:04 p5124 播种成功 ✓
09-08 17:51:04 p5124 重放 member#3 登录点击 4 步…
09-08 17:51:04 p11128 → 新 PID=5124 播种/登录流程接管完成
09-08 17:51:07 [sat] 队长当前位置: (2640.0, 1660.0)（第1次传送后）
09-08 17:51:07 [sat] 走位点击 (540,240)（偏差 140,-60）——途中不点组队图标
09-08 17:51:12 [sat] 队长已就位: (2777.816610928, 1600.9357381737)（目标 (2780.0, 1600.0)，±3 格容差）
09-08 17:51:12 p5124 登录点击重放完毕，等待进入场景…
09-08 17:51:12 [看门狗] 3 名在线队员并行申请归队
09-08 17:51:12 p5124 检测到已登录 ✓
09-08 17:51:13 [sat] p19252: 已与队长同图(大唐官府)，直接申请
09-08 17:51:13 [sat] p16708: 已与队长同图(大唐官府)，直接申请
09-08 17:51:13 [sat] p15392: 已与队长同图(大唐官府)，直接申请
09-08 17:51:14 [sat] p5124: 异图(女儿村≠队长大唐官府) 就地传送
09-08 17:51:17 [sat] p19252: 已点队长身体 (417,292)（第1次申请）
09-08 17:51:18 [sat] p16708: 已点队长身体 (537,240)（第1次申请）
09-08 17:51:18 [sat] p15392: 已点队长身体 (537,240)（第1次申请）
09-08 17:51:27 [sat] p5124: 已点队长身体 (537,240)（第1次申请）
09-08 17:51:30 [sat] p16708: 已点队长身体 (537,240)（第2次申请）
09-08 17:51:30 [sat] p19252: 已点队长身体 (417,292)（第2次申请）
09-08 17:51:31 [sat] p15392: 已点队长身体 (537,240)（第2次申请）
09-08 17:51:37 [sat] p5124: 已点队长身体 (537,240)（第2次申请）
09-08 17:51:40 [sat] p16708: 已点队长身体 (537,240)（第3次申请）
09-08 17:51:41 [sat] p19252: 已点队长身体 (417,292)（第3次申请）
09-08 17:51:42 [sat] p15392: 已点队长身体 (537,240)（第3次申请）
09-08 17:51:47 [sat] p16708: 申请轮次结束（是否入队由队长批准裁决）
09-08 17:51:49 [sat] p5124: 已点队长身体 (537,240)（第3次申请）
09-08 17:51:49 [sat] p19252: 申请轮次结束（是否入队由队长批准裁决）
09-08 17:51:50 [sat] p15392: 申请轮次结束（是否入队由队长批准裁决）
09-08 17:51:53 [sat] 当前成员数: 4（目标 5）
09-08 17:51:56 [sat] p5124: 申请轮次结束（是否入队由队长批准裁决）
09-08 17:51:58 p5124 已拉起任务脚本（队员·这是猛男 gw=file://pzxy_p5124）
09-08 17:52:00 [看门狗] 心跳: 5/5
09-08 17:52:00 [看门狗] 队伍满员 5/5，恢复抓鬼
09-08 17:52:00 p19252 任务脚本已在跑，跳过
09-08 17:52:00 p15392 任务脚本已在跑，跳过
09-08 17:52:01 p5124 任务脚本已在跑，跳过
09-08 17:52:01 p16708 任务脚本已在跑，跳过
09-08 17:52:01 p11168 已拉起任务脚本（队长·二号美人 gw=file://pzxy_p11168）
09-08 17:52:04 [sat] 当前成员数: 5（目标 5）
09-08 17:52:04 [看门狗] 补组批准结束: 5/5
09-08 17:52:12 [sat] 阵法验证: 天覆阵/4
09-08 17:52:12 p19252 任务脚本已在跑，跳过
09-08 17:52:12 p15392 任务脚本已在跑，跳过
09-08 17:52:12 p5124 任务脚本已在跑，跳过
09-08 17:52:13 p16708 任务脚本已在跑，跳过
09-08 17:52:13 p11168 任务脚本已在跑，跳过
09-08 17:52:13 [看门狗] 满员，抓鬼已恢复 ✓
09-08 17:53:28 [内存] 已修剪 5 个游戏进程：2.9GB → 87.6MB（释放 2.8GB）
09-08 17:54:04 [看门狗] 心跳: 5/5
09-08 17:56:08 [看门狗] 心跳: 5/5
09-08 17:58:11 [看门狗] 心跳: 5/5
09-08 18:00:13 [看门狗] 心跳: 5/5
09-08 18:02:18 [看门狗] 心跳: 5/5
09-08 18:04:21 [看门狗] 心跳: 5/5
09-08 18:06:27 [看门狗] 心跳: 5/5
09-08 18:08:30 [看门狗] 心跳: 5/5
09-08 18:10:32 [看门狗] 心跳: 5/5
09-08 18:12:38 [看门狗] 心跳: 5/5
09-08 18:14:43 [看门狗] 心跳: 5/5
09-08 18:16:45 [看门狗] 心跳: 5/5
09-08 18:18:49 [看门狗] 心跳: 5/5
09-08 18:20:53 [看门狗] 心跳: 5/5
09-08 18:22:57 [看门狗] 心跳: 5/5
09-08 18:23:21 [暂停] 自动化冻结：停任务脚本，看门狗/掉线闭环挂起（可人工接管）
09-08 18:23:21 已打断 p19252 任务脚本（系统 PID 12364）
09-08 18:23:22 已打断 p15392 任务脚本（系统 PID 10188）
09-08 18:23:22 已打断 p5124 任务脚本（系统 PID 7220）
09-08 18:23:22 已打断 p16708 任务脚本（系统 PID 19500）
09-08 18:23:23 已打断 p11168 任务脚本（系统 PID 10328）
09-08 18:23:23 [暂停] 完成：任务脚本已全部停止
09-08 18:23:29 [内存] 已修剪 5 个游戏进程：2.7GB → 142.3MB（释放 2.6GB）
09-08 18:32:46 squad_auto_team 日志已桥接到 GUI（组队内部步骤可见）
09-08 18:32:50 已启动队员进程 PID=5940，等待登录界面窗口…
09-08 18:32:51 已启动队员进程 PID=10920，等待登录界面窗口…
09-08 18:32:51 已启动队员进程 PID=12500，等待登录界面窗口…
09-08 18:32:52 p10920 检测到登录界面，开始播种…
09-08 18:32:52 已启动队员进程 PID=21464，等待登录界面窗口…
09-08 18:32:52 p5940 检测到登录界面，开始播种…
09-08 18:32:52 p12500 检测到登录界面，开始播种…
09-08 18:32:53 已启动队长进程 PID=20968，等待登录界面窗口…
09-08 18:32:54 p20968 检测到登录界面，开始播种…
09-08 18:32:54 p21464 检测到登录界面，开始播种…
09-08 18:33:02 p12500 播种成功 ✓
09-08 18:33:02 p12500 重放 member#3 登录点击 4 步…
09-08 18:33:02 p21464 播种成功 ✓
09-08 18:33:02 p21464 重放 member#4 登录点击 4 步…
09-08 18:33:02 p20968 播种成功 ✓
09-08 18:33:02 p10920 播种成功 ✓
09-08 18:33:02 p20968 重放 leader#1 登录点击 4 步…
09-08 18:33:02 p10920 重放 member#2 登录点击 4 步…
09-08 18:33:03 p5940 播种成功 ✓
09-08 18:33:03 p5940 重放 member#1 登录点击 4 步…
09-08 18:33:09 p20968 登录点击重放完毕，等待进入场景…
09-08 18:33:10 p12500 登录点击重放完毕，等待进入场景…
09-08 18:33:10 p21464 登录点击重放完毕，等待进入场景…
09-08 18:33:10 p10920 登录点击重放完毕，等待进入场景…
09-08 18:33:10 p12500 检测到已登录 ✓
09-08 18:33:10 p20968 检测到已登录 ✓
09-08 18:33:11 p5940 登录点击重放完毕，等待进入场景…
09-08 18:33:11 p10920 检测到系统弹窗(下线通知) → 已点确定/关闭
09-08 18:33:12 p5940 检测到已登录 ✓
09-08 18:33:12 p10920 检测到已登录 ✓
09-08 18:33:12 p21464 检测到已登录 ✓
09-08 18:33:17 [内存] 已修剪 5 个游戏进程：1.9GB → 52.4MB（释放 1.9GB）
09-08 18:33:26 [autoTeam] Lua 队伍读数 0/5 未满员 → 走组队流程
09-08 18:33:26 [autoTeam] 阶段1: 4 名队员并行传送 大唐官府（队长由阶段2 负责）
09-08 18:33:35 p21464 传送完成 ✓
09-08 18:33:35 p12500 传送完成 ✓
09-08 18:33:35 p10920 传送完成 ✓
09-08 18:33:35 p5940 传送完成 ✓
09-08 18:33:35 [autoTeam] 阶段2: 队长走位[139,80]
09-08 18:33:35 [sat] 队长准备: 传送 大唐官府 + 走位 [139,80]
09-08 18:33:45 [sat] 队长当前位置: (2640.0, 1660.0)（第1次传送后）
09-08 18:33:45 [sat] 走位点击 (540,240)（偏差 140,-60）——途中不点组队图标
09-08 18:33:50 [sat] 队长已就位: (2777.816610928, 1600.9357381737)（目标 (2780.0, 1600.0)，±3 格容差）
09-08 18:33:50 [autoTeam] 阶段3: 建队
09-08 18:33:51 [sat] 建队第1次 脚底屏幕位 (418,292) → 身体点上移 40
09-08 18:33:54 [sat] 建队第1次 顶栏stats（应为 1）: ((1, 0, '二号美人'),)
09-08 18:33:55 [autoTeam] 阶段4: 4 名队员并行申请入队
09-08 18:33:55 [sat] p5940: 已与队长同图(大唐官府)，直接申请
09-08 18:33:55 [sat] p21464: 已与队长同图(大唐官府)，直接申请
09-08 18:33:56 [sat] p12500: 已与队长同图(大唐官府)，直接申请
09-08 18:33:56 [sat] p10920: 已与队长同图(?)，直接申请
09-08 18:33:56 [sat] p10920: tp/窗口不可用
09-08 18:34:00 [sat] p21464: 已点队长身体 (537,240)（第1次申请）
09-08 18:34:00 [sat] p5940: 已点队长身体 (537,240)（第1次申请）
09-08 18:34:00 [sat] p12500: 已点队长身体 (537,240)（第1次申请）
09-08 18:34:03 [sat] p10920: tp/窗口不可用
09-08 18:34:09 [sat] p10920: 申请轮次结束（是否入队由队长批准裁决）
09-08 18:34:11 [sat] p5940: 已点队长身体 (537,240)（第2次申请）
09-08 18:34:11 [sat] p12500: 已点队长身体 (537,240)（第2次申请）
09-08 18:34:11 [sat] p21464: 已点队长身体 (537,240)（第2次申请）
09-08 18:34:18 [sat] p21464: 申请轮次结束（是否入队由队长批准裁决）
09-08 18:34:18 [sat] p12500: 申请轮次结束（是否入队由队长批准裁决）
09-08 18:34:18 [sat] p5940: 申请轮次结束（是否入队由队长批准裁决）
09-08 18:34:18 [autoTeam] 阶段5: 队长批准申请
09-08 18:34:21 [sat] 当前成员数: 1（目标 5）
09-08 18:34:32 [sat] 当前成员数: 2（目标 5）
09-08 18:34:43 [sat] 当前成员数: 3（目标 5）
09-08 18:34:54 [sat] 当前成员数: 4（目标 5）
09-08 18:36:49 组队/补组流程进行中，等本轮结束再暂停
09-08 18:39:19 squad_auto_team 日志已桥接到 GUI（组队内部步骤可见）
09-08 18:39:21 已启动队员进程 PID=9776，等待登录界面窗口…
09-08 18:39:21 已启动队员进程 PID=8608，等待登录界面窗口…
09-08 18:39:21 已启动队员进程 PID=23204，等待登录界面窗口…
09-08 18:39:22 p9776 检测到登录界面，开始播种…
09-08 18:39:22 已启动队员进程 PID=12476，等待登录界面窗口…
09-08 18:39:22 p23204 检测到登录界面，开始播种…
09-08 18:39:22 已启动队长进程 PID=5696，等待登录界面窗口…
09-08 18:39:23 p12476 检测到登录界面，开始播种…
09-08 18:39:23 p8608 检测到登录界面，开始播种…
09-08 18:39:24 p5696 检测到登录界面，开始播种…
09-08 18:39:28 p9776 播种成功 ✓
09-08 18:39:28 p9776 重放 member#1 登录点击 4 步…
09-08 18:39:32 p23204 播种成功 ✓
09-08 18:39:32 p23204 重放 member#3 登录点击 4 步…
09-08 18:39:35 p12476 播种成功 ✓
09-08 18:39:35 p12476 重放 member#4 登录点击 4 步…
09-08 18:39:37 p5696 播种成功 ✓
09-08 18:39:37 p5696 重放 leader#1 登录点击 4 步…
09-08 18:39:37 p8608 播种成功 ✓
09-08 18:39:37 p8608 重放 member#2 登录点击 4 步…
09-08 18:39:37 p9776 登录点击重放完毕，等待进入场景…
09-08 18:39:39 p9776 检测到已登录 ✓
09-08 18:39:40 p23204 登录点击重放完毕，等待进入场景…
09-08 18:39:41 p23204 检测到已登录 ✓
09-08 18:39:43 p5696 登录点击重放完毕，等待进入场景…
09-08 18:39:43 p12476 登录点击重放完毕，等待进入场景…
09-08 18:39:45 p8608 登录点击重放完毕，等待进入场景…
09-08 18:39:45 p12476 检测到已登录 ✓
09-08 18:39:45 p5696 检测到已登录 ✓
09-08 18:39:47 p8608 检测到已登录 ✓
09-08 18:39:49 [内存] 已修剪 5 个游戏进程：1.6GB → 42.5MB（释放 1.5GB）
09-08 18:39:52 [autoTeam] Lua 队伍读数 0/5 未满员 → 走组队流程
09-08 18:39:52 [autoTeam] 阶段1: 4 名队员并行传送 大唐官府（队长由阶段2 负责）
09-08 18:40:00 p12476 传送完成 ✓
09-08 18:40:01 p8608 传送完成 ✓
09-08 18:40:01 p23204 传送完成 ✓
09-08 18:40:01 p9776 传送完成 ✓
09-08 18:40:01 [autoTeam] 阶段2: 队长走位[139,80]
09-08 18:40:01 [sat] 队长准备: 传送 大唐官府 + 走位 [139,80]
09-08 18:40:01 [sat] 队长已在锚点附近 (2774.0, 1558.0)，跳过传送直接就位
09-08 18:40:01 [autoTeam] 阶段3: 建队
09-08 18:40:02 [sat] 建队第1次 脚底屏幕位 (400,300) → 身体点上移 40
09-08 18:40:06 [sat] 建队第1次 顶栏stats（应为 1）: ((1, 0, '二号美人'),)
09-08 18:40:06 [autoTeam] 阶段4: 4 名队员并行申请入队
09-08 18:40:07 [sat] p9776: 已与队长同图(大唐官府)，直接申请
09-08 18:40:07 [sat] p23204: 已与队长同图(大唐官府)，直接申请
09-08 18:40:07 [sat] p12476: 已与队长同图(大唐官府)，直接申请
09-08 18:40:08 [sat] p8608: 已与队长同图(大唐官府)，直接申请
09-08 18:40:12 [sat] p9776: 已点队长身体 (534,198)（第1次申请）
09-08 18:40:12 [sat] p23204: 已点队长身体 (534,198)（第1次申请）
09-08 18:40:12 [sat] p12476: 已点队长身体 (534,198)（第1次申请）
09-08 18:40:12 [sat] p8608: 已点队长身体 (534,198)（第1次申请）
09-08 18:40:23 [sat] p12476: 已点队长身体 (534,198)（第2次申请）
09-08 18:40:23 [sat] p9776: 已点队长身体 (534,198)（第2次申请）
09-08 18:40:24 [sat] p23204: 已点队长身体 (534,198)（第2次申请）
09-08 18:40:24 [sat] p8608: 已点队长身体 (534,198)（第2次申请）
09-08 18:40:30 [sat] p12476: 申请轮次结束（是否入队由队长批准裁决）
09-08 18:40:31 [sat] p9776: 申请轮次结束（是否入队由队长批准裁决）
09-08 18:40:32 [sat] p23204: 申请轮次结束（是否入队由队长批准裁决）
09-08 18:40:33 [sat] p8608: 申请轮次结束（是否入队由队长批准裁决）
09-08 18:40:33 [autoTeam] 阶段5: 队长批准申请
09-08 18:40:35 [sat] 当前成员数: 1（目标 5）
09-08 18:40:46 [sat] 当前成员数: 2（目标 5）
09-08 18:40:57 [sat] 当前成员数: 3（目标 5）
09-08 18:41:08 [sat] 当前成员数: 4（目标 5）
09-08 18:41:20 [sat] 当前成员数: 5（目标 5）
09-08 18:41:20 [autoTeam] 批准结束: 成员=5/目标=5
09-08 18:41:27 [sat] 阵法验证: 天覆阵/4
09-08 18:41:27 [autoTeam] 天覆阵完成 ✓
09-08 18:41:28 p9776 已拉起任务脚本（队员·三号美人 gw=file://pzxy_p9776）
09-08 18:41:28 p8608 已拉起任务脚本（队员·这是帅哥 gw=file://pzxy_p8608）
09-08 18:41:28 p23204 已拉起任务脚本（队员·这是猛男 gw=file://pzxy_p23204）
09-08 18:41:29 p12476 已拉起任务脚本（队员·一号美人 gw=file://pzxy_p12476）
09-08 18:41:29 p5696 已拉起任务脚本（队长·二号美人 gw=file://pzxy_p5696）
09-08 18:41:29 [autoTeam] 组队+任务脚本启动完成
09-08 18:41:29 [看门狗] 启动（目标 5 人，每 15s 判定）
09-08 18:43:32 [看门狗] 心跳: 5/5
09-08 18:45:35 [看门狗] 心跳: 5/5
09-08 18:47:39 [看门狗] 心跳: 5/5
09-08 18:49:43 [看门狗] 心跳: 5/5
09-08 18:51:47 [看门狗] 心跳: 5/5
09-08 18:53:50 [看门狗] 心跳: 5/5
09-08 18:55:52 [看门狗] 心跳: 5/5
09-08 18:57:54 [看门狗] 心跳: 5/5
09-08 18:59:06 [暂停] 自动化冻结：停任务脚本，看门狗/掉线闭环挂起（可人工接管）
09-08 18:59:07 已打断 p9776 任务脚本（系统 PID 1888）
09-08 18:59:07 已打断 p8608 任务脚本（系统 PID 22744）
09-08 18:59:07 已打断 p23204 任务脚本（系统 PID 21796）
09-08 18:59:08 已打断 p12476 任务脚本（系统 PID 23496）
09-08 18:59:08 已打断 p5696 任务脚本（系统 PID 22424）
09-08 18:59:08 [暂停] 完成：任务脚本已全部停止
09-08 19:09:50 [内存] 已修剪 5 个游戏进程：2.6GB → 114.0MB（释放 2.5GB）
09-08 19:32:17 squad_auto_team 日志已桥接到 GUI（组队内部步骤可见）
09-08 19:32:21 已启动队员进程 PID=22272，等待登录界面窗口…
09-08 19:32:21 已启动队员进程 PID=5544，等待登录界面窗口…
09-08 19:32:21 已启动队员进程 PID=8256，等待登录界面窗口…
09-08 19:32:22 p22272 检测到登录界面，开始播种…
09-08 19:32:22 已启动队员进程 PID=18088，等待登录界面窗口…
09-08 19:32:22 已启动队长进程 PID=19688，等待登录界面窗口…
09-08 19:32:23 p18088 检测到登录界面，开始播种…
09-08 19:32:23 p5544 检测到登录界面，开始播种…
09-08 19:32:23 p8256 检测到登录界面，开始播种…
09-08 19:32:24 p19688 检测到登录界面，开始播种…
09-08 19:32:28 p22272 播种成功 ✓
09-08 19:32:28 p22272 重放 member#1 登录点击 4 步…
09-08 19:32:29 p18088 播种成功 ✓
09-08 19:32:29 p18088 重放 member#4 登录点击 4 步…
09-08 19:32:29 p5544 播种成功 ✓
09-08 19:32:29 p5544 重放 member#2 登录点击 4 步…
09-08 19:32:30 p8256 播种成功 ✓
09-08 19:32:30 p8256 重放 member#3 登录点击 4 步…
09-08 19:32:30 p19688 播种成功 ✓
09-08 19:32:30 p19688 重放 leader#1 登录点击 4 步…
09-08 19:32:37 p22272 登录点击重放完毕，等待进入场景…
09-08 19:32:37 p19688 登录点击重放完毕，等待进入场景…
09-08 19:32:37 p18088 登录点击重放完毕，等待进入场景…
09-08 19:32:37 p5544 登录点击重放完毕，等待进入场景…
09-08 19:32:38 p8256 登录点击重放完毕，等待进入场景…
09-08 19:32:39 p22272 检测到已登录 ✓
09-08 19:32:39 p5544 检测到已登录 ✓
09-08 19:32:39 p8256 检测到已登录 ✓
09-08 19:32:39 p18088 检测到已登录 ✓
09-08 19:32:39 p19688 检测到已登录 ✓
09-08 19:32:47 [autoTeam] Lua 队伍读数 0/5 未满员 → 走组队流程
09-08 19:32:47 [autoTeam] 阶段1: 4 名队员并行传送 大唐官府（队长由阶段2 负责）
09-08 19:32:47 [内存] 已修剪 5 个游戏进程：2.0GB → 55.1MB（释放 1.9GB）
09-08 19:32:56 p18088 传送完成 ✓
09-08 19:32:56 p5544 传送完成 ✓
09-08 19:32:56 p22272 传送完成 ✓
09-08 19:32:56 p8256 传送完成 ✓
09-08 19:32:56 [autoTeam] 阶段2: 队长走位[139,80]
09-08 19:32:56 [sat] 队长准备: 传送 大唐官府 + 走位 [139,80]
09-08 19:33:05 [sat] 队长当前位置: (2640.0, 1660.0)（第1次传送后）
09-08 19:33:05 [sat] 走位点击 (540,240)（偏差 140,-60）——途中不点组队图标
09-08 19:33:10 [sat] 队长已就位: (2777.6603562473, 1601.0027044655)（目标 (2780.0, 1600.0)，±3 格容差）
09-08 19:33:10 [autoTeam] 阶段3: 建队
09-08 19:33:12 [sat] 建队第1次 脚底屏幕位 (418,292) → 身体点上移 40
09-08 19:33:15 [sat] 建队第1次 顶栏stats（应为 1）: ((1, 0, '二号美人'),)
09-08 19:33:15 [autoTeam] 阶段4: 4 名队员并行申请入队
09-08 19:33:16 [sat] p22272: 已与队长同图(大唐官府)，直接申请
09-08 19:33:16 [sat] p8256: 已与队长同图(大唐官府)，直接申请
09-08 19:33:17 [sat] p18088: 已与队长同图(大唐官府)，直接申请
09-08 19:33:17 [sat] p5544: 已与队长同图(大唐官府)，直接申请
09-08 19:33:21 [sat] p8256: 已点队长身体 (537,241)（第1次申请）
09-08 19:33:21 [sat] p18088: 已点队长身体 (537,241)（第1次申请）
09-08 19:33:21 [sat] p22272: 已点队长身体 (537,241)（第1次申请）
09-08 19:33:21 [sat] p5544: 已点队长身体 (537,241)（第1次申请）
09-08 19:33:32 [sat] p5544: 已点队长身体 (537,241)（第2次申请）
09-08 19:33:33 [sat] p18088: 已点队长身体 (537,241)（第2次申请）
09-08 19:33:33 [sat] p22272: 已点队长身体 (537,241)（第2次申请）
09-08 19:33:33 [sat] p8256: 已点队长身体 (537,241)（第2次申请）
09-08 19:33:38 [sat] p5544: 申请轮次结束（是否入队由队长批准裁决）
09-08 19:33:40 [sat] p8256: 申请轮次结束（是否入队由队长批准裁决）
09-08 19:33:40 [sat] p18088: 申请轮次结束（是否入队由队长批准裁决）
09-08 19:33:41 [sat] p22272: 申请轮次结束（是否入队由队长批准裁决）
09-08 19:33:41 [autoTeam] 阶段5: 队长批准申请
09-08 19:33:43 [sat] 当前成员数: 1（目标 5）
09-08 19:33:48 [sat] 当前成员数: 2（目标 5）
09-08 19:33:53 [sat] 当前成员数: 3（目标 5）
09-08 19:33:58 [sat] 当前成员数: 4（目标 5）
09-08 19:34:02 [sat] 当前成员数: 5（目标 5）
09-08 19:34:02 [autoTeam] 批准结束: 成员=5/目标=5
09-08 19:34:07 组队/补组流程进行中，等本轮结束再暂停
09-08 19:34:10 [sat] 阵法验证: 天覆阵/4
09-08 19:34:10 [autoTeam] 天覆阵完成 ✓
09-08 19:34:10 p22272 已拉起任务脚本（队员·三号美人 gw=file://pzxy_p22272）
09-08 19:34:11 p5544 已拉起任务脚本（队员·这是帅哥 gw=file://pzxy_p5544）
09-08 19:34:11 p8256 已拉起任务脚本（队员·这是猛男 gw=file://pzxy_p8256）
09-08 19:34:11 p18088 已拉起任务脚本（队员·一号美人 gw=file://pzxy_p18088）
09-08 19:34:11 p19688 已拉起任务脚本（队长·二号美人 gw=file://pzxy_p19688）
09-08 19:34:11 [autoTeam] 组队+任务脚本启动完成
09-08 19:34:11 [看门狗] 启动（目标 5 人，每 15s 判定）
09-08 19:34:15 [暂停] 自动化冻结：停任务脚本，看门狗/掉线闭环挂起（可人工接管）
09-08 19:34:15 已打断 p22272 任务脚本（系统 PID 8136）
09-08 19:34:16 已打断 p5544 任务脚本（系统 PID 21668）
09-08 19:34:16 已打断 p8256 任务脚本（系统 PID 20104）
09-08 19:34:16 已打断 p18088 任务脚本（系统 PID 23120）
09-08 19:34:17 已打断 p19688 任务脚本（系统 PID 5628）
09-08 19:34:17 [暂停] 完成：任务脚本已全部停止
09-08 20:02:48 [内存] 已修剪 5 个游戏进程：2.0GB → 92.5MB（释放 1.9GB）
09-08 20:32:48 [内存] 已修剪 5 个游戏进程：2.7GB → 135.6MB（释放 2.6GB）
09-08 20:55:12 squad_auto_team 日志已桥接到 GUI（组队内部步骤可见）
09-08 20:55:16 已启动队长进程 PID=22616，等待登录界面窗口…
09-08 20:55:17 已启动队员进程 PID=7192，等待登录界面窗口…
09-08 20:55:18 已启动队员进程 PID=17312，等待登录界面窗口…
09-08 20:55:18 已启动队员进程 PID=16452，等待登录界面窗口…
09-08 20:55:18 p22616 检测到登录界面，开始播种…
09-08 20:55:18 已启动队员进程 PID=21060，等待登录界面窗口…
09-08 20:55:19 p16452 检测到登录界面，开始播种…
09-08 20:55:19 p7192 检测到登录界面，开始播种…
09-08 20:55:20 p17312 检测到登录界面，开始播种…
09-08 20:55:20 p21060 检测到登录界面，开始播种…
09-08 20:55:29 p22616 播种成功 ✓
09-08 20:55:29 p22616 重放 leader#1 登录点击 4 步…
09-08 20:55:29 p16452 播种成功 ✓
09-08 20:55:29 p16452 重放 member#3 登录点击 4 步…
09-08 20:55:30 p7192 播种成功 ✓
09-08 20:55:30 p7192 重放 member#1 登录点击 4 步…
09-08 20:55:31 p17312 播种成功 ✓
09-08 20:55:31 p17312 重放 member#2 登录点击 4 步…
09-08 20:55:32 p21060 播种成功 ✓
09-08 20:55:32 p21060 重放 member#4 登录点击 4 步…
09-08 20:55:36 p22616 登录点击重放完毕，等待进入场景…
09-08 20:55:37 p16452 登录点击重放完毕，等待进入场景…
09-08 20:55:38 p22616 检测到已登录 ✓
09-08 20:55:38 p16452 检测到已登录 ✓
09-08 20:55:39 p7192 登录点击重放完毕，等待进入场景…
09-08 20:55:39 p17312 登录点击重放完毕，等待进入场景…
09-08 20:55:40 p21060 登录点击重放完毕，等待进入场景…
09-08 20:55:40 p7192 检测到已登录 ✓
09-08 20:55:40 p17312 检测到已登录 ✓
09-08 20:55:42 p21060 检测到系统弹窗(下线通知) → 已点确定/关闭
09-08 20:55:42 [内存] 已修剪 5 个游戏进程：1.8GB → 45.2MB（释放 1.7GB）
09-08 20:55:44 p21060 检测到已登录 ✓
09-08 20:55:52 [autoTeam] Lua 队伍读数 0/5 未满员 → 走组队流程
09-08 20:55:52 [autoTeam] 阶段1: 4 名队员并行传送 大唐官府（队长由阶段2 负责）
09-08 20:56:01 p17312 传送完成 ✓
09-08 20:56:01 p7192 传送完成 ✓
09-08 20:56:01 p16452 传送完成 ✓
09-08 20:56:02 p21060 传送完成 ✓
09-08 20:56:02 [autoTeam] 阶段2: 队长走位[139,80]
09-08 20:56:02 [sat] 队长准备: 传送 大唐官府 + 走位 [139,80]
09-08 20:56:06 p21060 进程已死（状态=组队中）→ 重启闭环
09-08 20:56:06 p21060 已重启为新进程 PID=24532，等待登录界面…
09-08 20:56:08 p24532 检测到登录界面，开始播种…
09-08 20:56:12 [sat] 队长当前位置: (2640.0, 1660.0)（第1次传送后）
09-08 20:56:12 [sat] 走位点击 (540,240)（偏差 140,-60）——途中不点组队图标
09-08 20:56:15 p24532 播种成功 ✓
09-08 20:56:15 p24532 重放 member#4 登录点击 4 步…
09-08 20:56:15 p21060 → 新 PID=24532 播种/登录流程接管完成
09-08 20:56:17 [sat] 队长已就位: (2778.4416290688, 1600.6678732562)（目标 (2780.0, 1600.0)，±3 格容差）
09-08 20:56:17 [autoTeam] 阶段3: 建队
09-08 20:56:18 [sat] 建队第1次 脚底屏幕位 (418,292) → 身体点上移 40
09-08 20:56:21 [sat] 建队第1次 顶栏stats（应为 1）: ((1, 0, '二号美人'),)
09-08 20:56:22 [autoTeam] 阶段4: 4 名队员并行申请入队
09-08 20:56:22 [sat] p7192: 已与队长同图(大唐官府)，直接申请
09-08 20:56:23 [sat] p16452: 已与队长同图(大唐官府)，直接申请
09-08 20:56:23 p24532 登录点击重放完毕，等待进入场景…
09-08 20:56:23 [sat] p17312: 已与队长同图(大唐官府)，直接申请
09-08 20:56:27 [sat] p7192: 已点队长身体 (538,240)（第1次申请）
09-08 20:56:27 [sat] p16452: 已点队长身体 (538,240)（第1次申请）
09-08 20:56:28 [sat] p17312: 已点队长身体 (538,240)（第1次申请）
09-08 20:56:36 [sat] p24532: 已点队长身体 (538,240)（第1次申请）
09-08 20:56:37 [sat] p7192: 已点队长身体 (538,240)（第2次申请）
09-08 20:56:38 [sat] p16452: 已点队长身体 (538,240)（第2次申请）
09-08 20:56:40 [sat] p17312: 已点队长身体 (538,240)（第2次申请）
09-08 20:56:44 [sat] p7192: 申请轮次结束（是否入队由队长批准裁决）
09-08 20:56:46 [sat] p16452: 申请轮次结束（是否入队由队长批准裁决）
09-08 20:56:48 [sat] p24532: 已点队长身体 (538,240)（第2次申请）
09-08 20:56:49 [sat] p17312: 申请轮次结束（是否入队由队长批准裁决）
09-08 20:56:54 [sat] p24532: 申请轮次结束（是否入队由队长批准裁决）
09-08 20:56:54 [autoTeam] 阶段5: 队长批准申请
09-08 20:56:56 [sat] 当前成员数: 1（目标 5）
09-08 20:57:01 [sat] 当前成员数: 2（目标 5）
09-08 20:57:06 [sat] 当前成员数: 3（目标 5）
09-08 20:57:10 [sat] 当前成员数: 4（目标 5）
09-08 20:57:15 [sat] 当前成员数: 5（目标 5）
09-08 20:57:15 [autoTeam] 批准结束: 成员=5/目标=5
09-08 20:57:22 [sat] 阵法验证: 天覆阵/4
09-08 20:57:22 [autoTeam] 天覆阵完成 ✓
09-08 20:57:23 p22616 已拉起任务脚本（队长·二号美人 gw=file://pzxy_p22616）
09-08 20:57:23 p7192 已拉起任务脚本（队员·三号美人 gw=file://pzxy_p7192）
09-08 20:57:23 p17312 已拉起任务脚本（队员·这是帅哥 gw=file://pzxy_p17312）
09-08 20:57:24 p16452 已拉起任务脚本（队员·这是猛男 gw=file://pzxy_p16452）
09-08 20:57:24 p24532 已拉起任务脚本（队员·p24532 gw=file://pzxy_p24532）
09-08 20:57:24 [autoTeam] 组队+任务脚本启动完成
09-08 20:57:24 [看门狗] 启动（目标 5 人，每 15s 判定）
09-08 20:57:48 [暂停] 自动化冻结：停任务脚本，看门狗/掉线闭环挂起（可人工接管）
09-08 20:57:49 已打断 p22616 任务脚本（系统 PID 19492）
09-08 20:57:49 已打断 p7192 任务脚本（系统 PID 7516）
09-08 20:57:50 已打断 p17312 任务脚本（系统 PID 18420）
09-08 20:57:50 已打断 p16452 任务脚本（系统 PID 10092）
09-08 20:57:50 已打断 p24532 任务脚本（系统 PID 5780）
09-08 20:57:50 [暂停] 完成：任务脚本已全部停止
09-08 21:25:43 [内存] 已修剪 5 个游戏进程：2.4GB → 85.2MB（释放 2.3GB）
09-08 21:42:20 [恢复] 解冻：跳过组队，按角色直接拉起任务脚本
09-08 21:42:20 p22616 已拉起任务脚本（队长·二号美人 gw=file://pzxy_p22616）
09-08 21:42:20 p7192 已拉起任务脚本（队员·三号美人 gw=file://pzxy_p7192）
09-08 21:42:21 p17312 已拉起任务脚本（队员·这是帅哥 gw=file://pzxy_p17312）
09-08 21:42:21 p16452 已拉起任务脚本（队员·这是猛男 gw=file://pzxy_p16452）
09-08 21:42:21 p24532 已拉起任务脚本（队员·p24532 gw=file://pzxy_p24532）
09-08 21:42:21 [恢复] 完成：任务脚本已拉起，看门狗/掉线闭环恢复（缺员时看门狗自动补组）
09-08 21:42:23 p22616 进程已死（状态=已登录）→ 重启闭环
09-08 21:42:23 p22616 已重启为新进程 PID=22124，等待登录界面…
09-08 21:42:25 p22124 检测到登录界面，开始播种…
09-08 21:42:41 squad_auto_team 日志已桥接到 GUI（组队内部步骤可见）
09-08 21:42:45 已启动队员进程 PID=23988，等待登录界面窗口…
09-08 21:42:46 已启动队员进程 PID=3336，等待登录界面窗口…
09-08 21:42:46 已启动队员进程 PID=5696，等待登录界面窗口…
09-08 21:42:46 已启动队员进程 PID=20816，等待登录界面窗口…
09-08 21:42:46 已启动队员进程 PID=24048，等待登录界面窗口…
09-08 21:42:47 p5696 检测到登录界面，开始播种…
09-08 21:42:47 p23988 检测到登录界面，开始播种…
09-08 21:42:48 p3336 检测到登录界面，开始播种…
09-08 21:42:48 p20816 检测到登录界面，开始播种…
09-08 21:42:48 p24048 检测到登录界面，开始播种…
09-08 21:42:53 p24048 进程已死（状态=播种中）→ 重启闭环
09-08 21:42:53 p24048 已重启为新进程 PID=14852，等待登录界面…
09-08 21:42:53 p5696 播种成功 ✓
09-08 21:42:53 p5696 重放 member#3 登录点击 4 步…
09-08 21:42:57 squad_auto_team 日志已桥接到 GUI（组队内部步骤可见）
09-08 21:43:01 [内存] 没有游戏进程可清理
09-08 21:43:03 已启动队员进程 PID=20304，等待登录界面窗口…
09-08 21:43:04 已启动队员进程 PID=5712，等待登录界面窗口…
09-08 21:43:04 已启动队员进程 PID=5384，等待登录界面窗口…
09-08 21:43:04 p20304 检测到登录界面，开始播种…
09-08 21:43:04 已启动队员进程 PID=19320，等待登录界面窗口…
09-08 21:43:05 p5384 检测到登录界面，开始播种…
09-08 21:43:05 已启动队长进程 PID=8776，等待登录界面窗口…
09-08 21:43:06 p5712 检测到登录界面，开始播种…
09-08 21:43:06 p19320 检测到登录界面，开始播种…
09-08 21:43:07 p8776 检测到登录界面，开始播种…
09-08 21:43:11 p20304 播种成功 ✓
09-08 21:43:11 p20304 重放 member#1 登录点击 4 步…
09-08 21:43:11 p5384 播种成功 ✓
09-08 21:43:11 p5384 重放 member#3 登录点击 4 步…
09-08 21:43:12 p5712 播种成功 ✓
09-08 21:43:12 p5712 重放 member#2 登录点击 4 步…
09-08 21:43:13 p19320 播种成功 ✓
09-08 21:43:13 p19320 重放 member#4 登录点击 4 步…
09-08 21:43:13 p8776 播种成功 ✓
09-08 21:43:13 p8776 重放 leader#1 登录点击 4 步…
09-08 21:43:19 p5384 登录点击重放完毕，等待进入场景…
09-08 21:43:19 p20304 登录点击重放完毕，等待进入场景…
09-08 21:43:19 p8776 登录点击重放完毕，等待进入场景…
09-08 21:43:20 p5712 登录点击重放完毕，等待进入场景…
09-08 21:43:21 p19320 登录点击重放完毕，等待进入场景…
09-08 21:43:21 p20304 检测到已登录 ✓
09-08 21:43:21 p5712 检测到已登录 ✓
09-08 21:43:21 p5384 检测到已登录 ✓
09-08 21:43:21 p8776 检测到已登录 ✓
09-08 21:43:23 p19320 检测到已登录 ✓
09-08 21:43:27 [内存] 已修剪 5 个游戏进程：2.1GB → 59.9MB（释放 2.0GB）
09-08 21:43:41 [autoTeam] Lua 队伍读数 5/5 已满员 → 跳过组队，直接执行任务
09-08 21:43:42 p20304 已拉起任务脚本（队员·三号美人 gw=file://pzxy_p20304）
09-08 21:43:42 p5712 已拉起任务脚本（队员·这是帅哥 gw=file://pzxy_p5712）
09-08 21:43:42 p5384 已拉起任务脚本（队员·这是猛男 gw=file://pzxy_p5384）
09-08 21:43:43 p19320 已拉起任务脚本（队员·一号美人 gw=file://pzxy_p19320）
09-08 21:43:43 p8776 已拉起任务脚本（队长·二号美人 gw=file://pzxy_p8776）
09-08 21:43:43 [autoTeam] 组队+任务脚本启动完成
09-08 21:43:43 [看门狗] 启动（目标 5 人，每 15s 判定）
09-08 21:43:43 已清理残留任务脚本（绑定死 PID 7192，系统 PID 21060）
09-08 21:43:43 已清理残留任务脚本（绑定死 PID 17312，系统 PID 6776）
09-08 21:43:43 已清理残留任务脚本（绑定死 PID 16452，系统 PID 5208）
09-08 21:43:43 已清理残留任务脚本（绑定死 PID 24532，系统 PID 22748）
09-08 21:44:20 [暂停] 自动化冻结：停任务脚本，看门狗/掉线闭环挂起（可人工接管）
09-08 21:44:20 已打断 p20304 任务脚本（系统 PID 16984）
09-08 21:44:21 已打断 p5712 任务脚本（系统 PID 21116）
09-08 21:44:21 已打断 p5384 任务脚本（系统 PID 7588）
09-08 21:44:21 已打断 p19320 任务脚本（系统 PID 20348）
09-08 21:44:22 已打断 p8776 任务脚本（系统 PID 19664）
09-08 21:44:22 [暂停] 完成：任务脚本已全部停止
09-08 21:48:10 squad_auto_team 日志已桥接到 GUI（组队内部步骤可见）
09-08 21:48:13 已启动队员进程 PID=5228，等待登录界面窗口…
09-08 21:48:14 已启动队员进程 PID=16320，等待登录界面窗口…
09-08 21:48:14 p5228 检测到登录界面，开始播种…
09-08 21:48:15 p16320 检测到登录界面，开始播种…
09-08 21:48:15 已启动队员进程 PID=24436，等待登录界面窗口…
09-08 21:48:16 已启动队员进程 PID=23396，等待登录界面窗口…
09-08 21:48:16 p24436 检测到登录界面，开始播种…
09-08 21:48:17 p23396 检测到登录界面，开始播种…
09-08 21:48:20 p5228 播种成功 ✓
09-08 21:48:20 p5228 重放 member#1 登录点击 4 步…
09-08 21:48:21 p16320 播种成功 ✓
09-08 21:48:21 p16320 重放 member#2 登录点击 4 步…
09-08 21:48:22 p24436 播种成功 ✓
09-08 21:48:22 p24436 重放 member#3 登录点击 4 步…
09-08 21:48:23 p23396 播种成功 ✓
09-08 21:48:23 p23396 重放 member#4 登录点击 4 步…
09-08 21:48:24 已启动队长进程 PID=20284，等待登录界面窗口…
09-08 21:48:26 p20284 检测到登录界面，开始播种…
09-08 21:48:29 p5228 登录点击重放完毕，等待进入场景…
09-08 21:48:29 p16320 登录点击重放完毕，等待进入场景…
09-08 21:48:30 p24436 登录点击重放完毕，等待进入场景…
09-08 21:48:30 p5228 检测到已登录 ✓
09-08 21:48:30 p16320 检测到已登录 ✓
09-08 21:48:32 p23396 登录点击重放完毕，等待进入场景…
09-08 21:48:32 p24436 检测到已登录 ✓
09-08 21:48:33 p20284 播种成功 ✓
09-08 21:48:33 p20284 重放 leader#1 登录点击 4 步…
09-08 21:48:35 p23396 检测到系统弹窗(下线通知) → 已点确定/关闭
09-08 21:48:36 p23396 检测到已登录 ✓
09-08 21:48:40 p20284 登录点击重放完毕，等待进入场景…
09-08 21:48:40 p20284 检测到已登录 ✓
09-08 21:48:40 [内存] 已修剪 5 个游戏进程：1.9GB → 54.3MB（释放 1.8GB）
09-08 21:49:05 [autoTeam] Lua 队伍读数 0/5 未满员 → 走组队流程
09-08 21:49:05 [autoTeam] 阶段1: 4 名队员并行传送 大唐官府（队长由阶段2 负责）
09-08 21:49:08 p23396 进程已死（状态=组队中）→ 重启闭环
09-08 21:49:09 p23396 已重启为新进程 PID=24432，等待登录界面…
09-08 21:49:10 p24432 检测到登录界面，开始播种…
09-08 21:49:15 p24436 传送完成 ✓
09-08 21:49:15 p16320 传送完成 ✓
09-08 21:49:15 p5228 传送完成 ✓
09-08 21:49:17 p24432 播种成功 ✓
09-08 21:49:17 p24432 重放 member#4 登录点击 4 步…
09-08 21:49:17 p23396 → 新 PID=24432 播种/登录流程接管完成
09-08 21:49:18 p24432 传送失败
09-08 21:49:18 [autoTeam] 阶段2: 队长走位[139,80]
09-08 21:49:18 [sat] 队长准备: 传送 大唐官府 + 走位 [139,80]
09-08 21:49:25 p24432 登录点击重放完毕，等待进入场景…
09-08 21:49:27 p24432 检测到已登录 ✓
09-08 21:49:28 [sat] 队长当前位置: (2640.0, 1660.0)（第1次传送后）
09-08 21:49:28 [sat] 走位点击 (540,240)（偏差 140,-60）——途中不点组队图标
09-08 21:49:33 [sat] 队长已就位: (2777.6603559562, 1601.0027045902)（目标 (2780.0, 1600.0)，±3 格容差）
09-08 21:49:33 [autoTeam] 阶段3: 建队
09-08 21:49:35 [sat] 建队第1次 脚底屏幕位 (418,292) → 身体点上移 40
09-08 21:49:38 [sat] 建队第1次 顶栏stats（应为 1）: ((1, 0, '二号美人'),)
09-08 21:49:38 [autoTeam] 阶段4: 4 名队员并行申请入队
09-08 21:49:39 [sat] p5228: 已与队长同图(大唐官府)，直接申请
09-08 21:49:39 [sat] p24432: 异图(女儿村≠队长大唐官府) 就地传送
09-08 21:49:40 [sat] p16320: 已与队长同图(大唐官府)，直接申请
09-08 21:49:40 [sat] p24436: 已与队长同图(大唐官府)，直接申请
09-08 21:49:43 [sat] p5228: 已点队长身体 (537,241)（第1次申请）
09-08 21:49:44 [sat] p16320: 已点队长身体 (537,241)（第1次申请）
09-08 21:49:44 [sat] p24436: 已点队长身体 (537,241)（第1次申请）
09-08 21:49:52 [sat] p24432: 已点队长身体 (537,241)（第1次申请）
09-08 21:49:53 [sat] p16320: 已点队长身体 (537,241)（第2次申请）
09-08 21:49:55 [sat] p24436: 已点队长身体 (537,241)（第2次申请）
09-08 21:49:55 [sat] p5228: 已点队长身体 (537,241)（第2次申请）
09-08 21:50:00 [sat] p16320: 申请轮次结束（是否入队由队长批准裁决）
09-08 21:50:02 [sat] p24436: 申请轮次结束（是否入队由队长批准裁决）
09-08 21:50:04 [sat] p24432: 已点队长身体 (537,241)（第2次申请）
09-08 21:50:04 [sat] p5228: 申请轮次结束（是否入队由队长批准裁决）
09-08 21:50:13 [sat] p24432: 申请轮次结束（是否入队由队长批准裁决）
09-08 21:50:13 [autoTeam] 阶段5: 队长批准申请
09-08 21:50:15 [sat] 当前成员数: 1（目标 5）
09-08 21:50:20 [sat] 当前成员数: 2（目标 5）
09-08 21:50:25 [sat] 当前成员数: 3（目标 5）
09-08 21:50:29 [sat] 当前成员数: 4（目标 5）
09-08 21:50:34 [sat] 当前成员数: 5（目标 5）
09-08 21:50:34 [autoTeam] 批准结束: 成员=5/目标=5
09-08 21:50:41 [sat] 阵法验证: 天覆阵/4
09-08 21:50:41 [autoTeam] 天覆阵完成 ✓
09-08 21:50:42 p5228 已拉起任务脚本（队员·三号美人 gw=file://pzxy_p5228）
09-08 21:50:42 p16320 已拉起任务脚本（队员·这是帅哥 gw=file://pzxy_p16320）
09-08 21:50:42 p24436 已拉起任务脚本（队员·这是猛男 gw=file://pzxy_p24436）
09-08 21:50:43 p24432 已拉起任务脚本（队员·一号美人 gw=file://pzxy_p24432）
09-08 21:50:43 p20284 已拉起任务脚本（队长·二号美人 gw=file://pzxy_p20284）
09-08 21:50:43 [autoTeam] 组队+任务脚本启动完成
09-08 21:50:43 [看门狗] 启动（目标 5 人，每 15s 判定）
09-08 21:52:47 [看门狗] 心跳: 5/5
09-08 21:54:50 [看门狗] 心跳: 5/5
09-08 21:56:54 [看门狗] 心跳: 5/5
09-08 21:58:47 [暂停] 自动化冻结：停任务脚本，看门狗/掉线闭环挂起（可人工接管）
09-08 21:58:48 已打断 p5228 任务脚本（系统 PID 7344）
09-08 21:58:48 已打断 p16320 任务脚本（系统 PID 10152）
09-08 21:58:48 已打断 p24436 任务脚本（系统 PID 23652）
09-08 21:58:49 已打断 p24432 任务脚本（系统 PID 10600）
09-08 21:58:49 已打断 p20284 任务脚本（系统 PID 20920）
09-08 21:58:49 [暂停] 完成：任务脚本已全部停止
09-08 22:03:20 squad_auto_team 日志已桥接到 GUI（组队内部步骤可见）
09-08 22:03:22 已启动队员进程 PID=21428，等待登录界面窗口…
09-08 22:03:24 p21428 检测到登录界面，开始播种…
09-08 22:03:31 p21428 播种成功 ✓
09-08 22:03:31 p21428 重放 member#1 登录点击 4 步…
09-08 22:03:31 已启动队员进程 PID=19088，等待登录界面窗口…
09-08 22:03:33 p19088 检测到登录界面，开始播种…
09-08 22:03:40 p21428 登录点击重放完毕，等待进入场景…
09-08 22:03:40 p19088 播种成功 ✓
09-08 22:03:40 p19088 重放 member#2 登录点击 4 步…
09-08 22:03:40 p21428 检测到已登录 ✓
09-08 22:03:42 已启动队员进程 PID=19908，等待登录界面窗口…
09-08 22:03:44 p19908 检测到登录界面，开始播种…
09-08 22:03:48 p19088 登录点击重放完毕，等待进入场景…
09-08 22:03:50 p19088 检测到已登录 ✓
09-08 22:03:50 [内存] 已修剪 3 个游戏进程：1.0GB → 30.3MB（释放 1023.1MB）
09-08 22:03:51 p19908 播种成功 ✓
09-08 22:03:51 p19908 重放 member#3 登录点击 4 步…
09-08 22:03:52 已启动队员进程 PID=23888，等待登录界面窗口…
09-08 22:03:54 p23888 检测到登录界面，开始播种…
09-08 22:03:59 p19908 登录点击重放完毕，等待进入场景…
09-08 22:04:00 p19908 检测到已登录 ✓
09-08 22:04:01 p23888 播种成功 ✓
09-08 22:04:01 p23888 重放 member#4 登录点击 4 步…
09-08 22:04:01 已启动队长进程 PID=1100，等待登录界面窗口…
09-08 22:04:02 p1100 检测到登录界面，开始播种…
09-08 22:04:09 p23888 登录点击重放完毕，等待进入场景…
09-08 22:04:09 p1100 播种成功 ✓
09-08 22:04:09 p1100 重放 leader#1 登录点击 4 步…
09-08 22:04:10 p23888 检测到已登录 ✓
09-08 22:04:16 p1100 登录点击重放完毕，等待进入场景…
09-08 22:04:16 p1100 检测到已登录 ✓
09-08 22:04:23 [autoTeam] Lua 队伍读数 0/5 未满员 → 走组队流程
09-08 22:04:23 [autoTeam] 阶段1: 4 名队员并行传送 大唐官府（队长由阶段2 负责）
09-08 22:04:32 p19908 传送完成 ✓
09-08 22:04:32 p19088 传送完成 ✓
09-08 22:04:32 p21428 传送完成 ✓
09-08 22:04:32 p23888 传送完成 ✓
09-08 22:04:32 [autoTeam] 阶段2: 队长走位[139,80]
09-08 22:04:32 [sat] 队长准备: 传送 大唐官府 + 走位 [139,80]
09-08 22:04:42 [sat] 队长当前位置: (2640.0, 1660.0)（第1次传送后）
09-08 22:04:42 [sat] 走位点击 (540,240)（偏差 140,-60）——途中不点组队图标
09-08 22:04:47 [sat] 队长已就位: (2778.2853738059, 1600.7348397975)（目标 (2780.0, 1600.0)，±3 格容差）
09-08 22:04:47 [autoTeam] 阶段3: 建队
09-08 22:04:49 [sat] 建队第1次 脚底屏幕位 (417,292) → 身体点上移 40
09-08 22:04:52 [sat] 建队第1次 顶栏stats（应为 1）: ((1, 0, '二号美人'),)
09-08 22:04:52 [autoTeam] 阶段4: 4 名队员并行申请入队
09-08 22:04:53 [sat] p21428: 已与队长同图(大唐官府)，直接申请
09-08 22:04:53 [sat] p19908: 已与队长同图(大唐官府)，直接申请
09-08 22:04:53 [sat] p23888: 已与队长同图(大唐官府)，直接申请
09-08 22:04:54 [sat] p19088: 已与队长同图(大唐官府)，直接申请
09-08 22:04:57 [sat] p19088: 已点队长身体 (538,240)（第1次申请）
09-08 22:04:57 [sat] p21428: 已点队长身体 (538,240)（第1次申请）
09-08 22:04:58 [sat] p19908: 已点队长身体 (538,240)（第1次申请）
09-08 22:04:58 [sat] p23888: 已点队长身体 (538,240)（第1次申请）
09-08 22:05:08 [sat] p19088: 已点队长身体 (538,240)（第2次申请）
09-08 22:05:08 [sat] p21428: 已点队长身体 (538,240)（第2次申请）
09-08 22:05:09 [sat] p23888: 已点队长身体 (538,240)（第2次申请）
09-08 22:05:09 [sat] p19908: 已点队长身体 (538,240)（第2次申请）
09-08 22:05:14 [sat] p21428: 申请轮次结束（是否入队由队长批准裁决）
09-08 22:05:15 [sat] p19088: 申请轮次结束（是否入队由队长批准裁决）
09-08 22:05:17 [sat] p23888: 申请轮次结束（是否入队由队长批准裁决）
09-08 22:05:18 [sat] p19908: 申请轮次结束（是否入队由队长批准裁决）
09-08 22:05:18 [autoTeam] 阶段5: 队长批准申请
09-08 22:05:20 [sat] 当前成员数: 1（目标 5）
09-08 22:05:25 [sat] 当前成员数: 2（目标 5）
09-08 22:05:30 [sat] 当前成员数: 3（目标 5）
09-08 22:05:34 [sat] 当前成员数: 4（目标 5）
09-08 22:05:39 [sat] 当前成员数: 5（目标 5）
09-08 22:05:39 [autoTeam] 批准结束: 成员=5/目标=5
09-08 22:05:46 [sat] 阵法验证: 天覆阵/4
09-08 22:05:46 [autoTeam] 天覆阵完成 ✓
09-08 22:05:46 p21428 已拉起任务脚本（队员·三号美人 gw=file://pzxy_p21428）
09-08 22:05:47 p19088 已拉起任务脚本（队员·这是帅哥 gw=file://pzxy_p19088）
09-08 22:05:47 p19908 已拉起任务脚本（队员·这是猛男 gw=file://pzxy_p19908）
09-08 22:05:47 p23888 已拉起任务脚本（队员·一号美人 gw=file://pzxy_p23888）
09-08 22:05:47 p1100 已拉起任务脚本（队长·二号美人 gw=file://pzxy_p1100）
09-08 22:05:47 [autoTeam] 组队+任务脚本启动完成
09-08 22:05:47 [看门狗] 启动（目标 5 人，每 15s 判定）
09-08 22:07:50 [看门狗] 心跳: 5/5
09-08 22:09:52 [看门狗] 心跳: 5/5
09-08 22:10:24 squad_auto_team 日志已桥接到 GUI（组队内部步骤可见）
09-08 22:10:26 已启动队员进程 PID=5544，等待登录界面窗口…
09-08 22:10:26 已启动队员进程 PID=6448，等待登录界面窗口…
09-08 22:10:26 已启动队员进程 PID=10900，等待登录界面窗口…
09-08 22:10:27 已启动队员进程 PID=24236，等待登录界面窗口…
09-08 22:10:27 p5544 检测到登录界面，开始播种…
09-08 22:10:27 p6448 检测到登录界面，开始播种…
09-08 22:10:27 已启动队长进程 PID=20924，等待登录界面窗口…
09-08 22:10:28 p10900 检测到登录界面，开始播种…
09-08 22:10:29 p24236 检测到登录界面，开始播种…
09-08 22:10:30 p20924 检测到登录界面，开始播种…
09-08 22:10:33 p5544 播种成功 ✓
09-08 22:10:33 p5544 重放 member#1 登录点击 4 步…
09-08 22:10:34 p6448 播种成功 ✓
09-08 22:10:34 p6448 重放 member#2 登录点击 4 步…
09-08 22:10:35 p10900 播种失败：[3/4] worker 已种入: '' | [4/4] 网关进程 13668 已终止（frida 退出） | [fail] 心跳未出现，worker 未生效（3s 后重试）
09-08 22:10:35 p24236 播种成功 ✓
09-08 22:10:35 p24236 重放 member#4 登录点击 4 步…
09-08 22:10:36 p20924 播种成功 ✓
09-08 22:10:36 p20924 重放 leader#1 登录点击 4 步…
09-08 22:10:38 p10900 进程已死（状态=播种中）→ 重启闭环
09-08 22:10:39 p10900 已重启为新进程 PID=7572，等待登录界面…
09-08 22:10:41 p7572 检测到登录界面，开始播种…
09-08 22:10:42 p6448 登录点击重放完毕，等待进入场景…
09-08 22:10:42 p5544 登录点击重放完毕，等待进入场景…
09-08 22:10:43 p20924 登录点击重放完毕，等待进入场景…
09-08 22:10:43 p24236 登录点击重放完毕，等待进入场景…
09-08 22:10:44 p5544 检测到已登录 ✓
09-08 22:10:44 p6448 检测到已登录 ✓
09-08 22:10:44 p24236 检测到已登录 ✓
09-08 22:10:44 p20924 检测到已登录 ✓
09-08 22:10:49 p7572 播种成功 ✓
09-08 22:10:49 p7572 重放 member#3 登录点击 4 步…
09-08 22:10:49 p10900 → 新 PID=7572 播种/登录流程接管完成
09-08 22:10:54 [内存] 已修剪 5 个游戏进程：1.5GB → 40.4MB（释放 1.5GB）
09-08 22:10:57 p7572 登录点击重放完毕，等待进入场景…
09-08 22:10:58 p7572 检测到已登录 ✓
09-08 22:11:00 [autoTeam] Lua 队伍读数 0/5 未满员 → 走组队流程
09-08 22:11:00 [autoTeam] 阶段1: 4 名队员并行传送 大唐官府（队长由阶段2 负责）
09-08 22:11:08 p24236 传送完成 ✓
09-08 22:11:09 p7572 传送完成 ✓
09-08 22:11:09 p6448 传送完成 ✓
09-08 22:11:09 p5544 传送完成 ✓
09-08 22:11:09 [autoTeam] 阶段2: 队长走位[139,80]
09-08 22:11:09 [sat] 队长准备: 传送 大唐官府 + 走位 [139,80]
09-08 22:11:19 [sat] 队长当前位置: (2640.0, 1660.0)（第1次传送后）
09-08 22:11:19 [sat] 走位点击 (540,240)（偏差 140,-60）——途中不点组队图标
09-08 22:11:24 [sat] 队长已就位: (2777.6603568294, 1601.002704216)（目标 (2780.0, 1600.0)，±3 格容差）
09-08 22:11:24 [autoTeam] 阶段3: 建队
09-08 22:11:25 [sat] 建队第1次 脚底屏幕位 (418,292) → 身体点上移 40
09-08 22:11:28 [sat] 建队第1次 顶栏stats（应为 1）: ((1, 0, '二号美人'),)
09-08 22:11:29 [autoTeam] 阶段4: 4 名队员并行申请入队
09-08 22:11:29 [sat] p6448: 已与队长同图(大唐官府)，直接申请
09-08 22:11:29 [sat] p7572: 已与队长同图(大唐官府)，直接申请
09-08 22:11:30 [sat] p24236: 已与队长同图(大唐官府)，直接申请
09-08 22:11:30 [sat] p5544: 已与队长同图(大唐官府)，直接申请
09-08 22:11:33 [sat] p7572: 已点队长身体 (537,241)（第1次申请）
09-08 22:11:34 [sat] p5544: 已点队长身体 (537,241)（第1次申请）
09-08 22:11:34 [sat] p6448: 已点队长身体 (537,241)（第1次申请）
09-08 22:11:34 [sat] p24236: 已点队长身体 (537,241)（第1次申请）
09-08 22:11:45 [sat] p24236: 已点队长身体 (537,241)（第2次申请）
09-08 22:11:46 [sat] p5544: 已点队长身体 (537,241)（第2次申请）
09-08 22:11:47 [sat] p7572: 已点队长身体 (537,241)（第2次申请）
09-08 22:11:47 [sat] p6448: 已点队长身体 (537,241)（第2次申请）
09-08 22:11:53 [sat] p24236: 申请轮次结束（是否入队由队长批准裁决）
09-08 22:11:54 [sat] p7572: 申请轮次结束（是否入队由队长批准裁决）
09-08 22:11:54 [sat] p6448: 申请轮次结束（是否入队由队长批准裁决）
09-08 22:11:54 [sat] p5544: 申请轮次结束（是否入队由队长批准裁决）
09-08 22:11:54 [autoTeam] 阶段5: 队长批准申请
09-08 22:11:57 [sat] 当前成员数: 1（目标 5）
09-08 22:12:01 [sat] 当前成员数: 2（目标 5）
09-08 22:12:06 [sat] 当前成员数: 3（目标 5）
09-08 22:12:11 [sat] 当前成员数: 4（目标 5）
09-08 22:12:16 [sat] 当前成员数: 5（目标 5）
09-08 22:12:16 [autoTeam] 批准结束: 成员=5/目标=5
09-08 22:12:23 [sat] 阵法验证: 天覆阵/4
09-08 22:12:23 [autoTeam] 天覆阵完成 ✓
09-08 22:12:24 p5544 已拉起任务脚本（队员·三号美人 gw=file://pzxy_p5544）
09-08 22:12:24 p6448 已拉起任务脚本（队员·这是帅哥 gw=file://pzxy_p6448）
09-08 22:12:24 p7572 已拉起任务脚本（队员·这是猛男 gw=file://pzxy_p7572）
09-08 22:12:24 p24236 已拉起任务脚本（队员·一号美人 gw=file://pzxy_p24236）
09-08 22:12:25 p20924 已拉起任务脚本（队长·二号美人 gw=file://pzxy_p20924）
09-08 22:12:25 [autoTeam] 组队+任务脚本启动完成
09-08 22:12:25 [看门狗] 启动（目标 5 人，每 15s 判定）
09-08 22:12:25 已清理残留任务脚本（绑定死 PID 21428，系统 PID 5320）
09-08 22:12:25 已清理残留任务脚本（绑定死 PID 19088，系统 PID 21508）
09-08 22:12:25 已清理残留任务脚本（绑定死 PID 19908，系统 PID 10936）
09-08 22:12:25 已清理残留任务脚本（绑定死 PID 23888，系统 PID 23936）
09-08 22:12:25 已清理残留任务脚本（绑定死 PID 1100，系统 PID 15932）
09-08 22:12:39 p7572 播种失败(第2次)：[1/4] 目标 PID=10900（登录界面） | [fail] 网关 40s 内未就绪，看日志: E:\DS\mhxy-mcp-gateway\gateway_run_18082.log（60s 后再试，窗口登录/消失则停）
09-08 22:12:41 p7572 等待期间检测到已登录 → 交回监控
09-08 22:12:43 p7572 检测到已登录 ✓
09-08 22:12:54 [sat] p7572: 已点队长身体 (537,241)（第1次申请）
09-08 22:13:05 [sat] p7572: 已点队长身体 (537,241)（第2次申请）
09-08 22:13:12 [sat] p7572: 队长不在视野 (2535,831) → 向其方向走 (740,540)
09-08 22:13:16 [sat] p7572: 申请轮次结束（是否入队由队长批准裁决）
09-08 22:13:18 p7572 任务脚本已在跑，跳过
09-08 22:14:28 [看门狗] 心跳: 5/5
09-08 22:16:31 [看门狗] 心跳: 5/5
09-08 22:18:34 [看门狗] 心跳: 5/5
09-08 22:20:39 [看门狗] 心跳: 5/5
09-08 22:22:41 [看门狗] 心跳: 5/5
09-08 22:24:46 [看门狗] 心跳: 5/5
09-08 22:26:49 [看门狗] 心跳: 5/5
09-08 22:27:35 [暂停] 自动化冻结：停任务脚本，看门狗/掉线闭环挂起（可人工接管）
09-08 22:27:35 已打断 p5544 任务脚本（系统 PID 23988）
09-08 22:27:35 已打断 p6448 任务脚本（系统 PID 21480）
09-08 22:27:36 已打断 p7572 任务脚本（系统 PID 24460）
09-08 22:27:36 已打断 p24236 任务脚本（系统 PID 19872）
09-08 22:27:37 已打断 p20924 任务脚本（系统 PID 21812）
09-08 22:27:37 [暂停] 完成：任务脚本已全部停止
09-08 22:35:46 squad_auto_team 日志已桥接到 GUI（组队内部步骤可见）
09-08 22:36:00 已启动队员进程 PID=3780，等待登录界面窗口…
09-08 22:36:01 p3780 检测到登录界面，开始播种…
09-08 22:36:05 已启动队员进程 PID=19392，等待登录界面窗口…
09-08 22:36:06 p19392 检测到登录界面，开始播种…
09-08 22:36:08 p3780 播种成功 ✓
09-08 22:36:08 p3780 重放 member#1 登录点击 4 步…
09-08 22:36:12 已启动队员进程 PID=20788，等待登录界面窗口…
09-08 22:36:12 p19392 播种成功 ✓
09-08 22:36:12 p19392 重放 member#2 登录点击 4 步…
09-08 22:36:13 p20788 检测到登录界面，开始播种…
09-08 22:36:16 p3780 登录点击重放完毕，等待进入场景…
09-08 22:36:17 [内存] 已修剪 3 个游戏进程：877.2MB → 28.9MB（释放 848.3MB）
09-08 22:36:18 已启动队员进程 PID=23500，等待登录界面窗口…
09-08 22:36:19 p3780 检测到已登录 ✓
09-08 22:36:19 p20788 播种成功 ✓
09-08 22:36:19 p20788 重放 member#3 登录点击 4 步…
09-08 22:36:20 p23500 检测到登录界面，开始播种…
09-08 22:36:21 p19392 登录点击重放完毕，等待进入场景…
09-08 22:36:23 p19392 检测到已登录 ✓
09-08 22:36:26 已启动队长进程 PID=20828，等待登录界面窗口…
09-08 22:36:27 p23500 播种成功 ✓
09-08 22:36:27 p23500 重放 member#4 登录点击 4 步…
09-08 22:36:27 p20788 登录点击重放完毕，等待进入场景…
09-08 22:36:28 p20828 检测到登录界面，开始播种…
09-08 22:36:29 p20788 检测到已登录 ✓
09-08 22:36:35 p20828 播种成功 ✓
09-08 22:36:35 p20828 重放 leader#1 登录点击 4 步…
09-08 22:36:35 p23500 登录点击重放完毕，等待进入场景…
09-08 22:36:37 p23500 检测到已登录 ✓
09-08 22:36:41 p20828 登录点击重放完毕，等待进入场景…
09-08 22:36:43 p20828 检测到已登录 ✓
09-08 22:36:58 [autoTeam] Lua 队伍读数 0/5 未满员 → 走组队流程
09-08 22:36:58 [autoTeam] 阶段1: 4 名队员并行传送 大唐官府（队长由阶段2 负责）
09-08 22:37:07 p3780 传送完成 ✓
09-08 22:37:07 p20788 传送完成 ✓
09-08 22:37:07 p19392 传送完成 ✓
09-08 22:37:07 p23500 传送完成 ✓
09-08 22:37:07 [autoTeam] 阶段2: 队长走位[139,80]
09-08 22:37:07 [sat] 队长准备: 传送 大唐官府 + 走位 [139,80]
09-08 22:37:17 [sat] 队长当前位置: (2640.0, 1660.0)（第1次传送后）
09-08 22:37:17 [sat] 走位点击 (540,240)（偏差 140,-60）——途中不点组队图标
09-08 22:37:22 [sat] 队长已就位: (2777.5041009845, 1601.0696710067)（目标 (2780.0, 1600.0)，±3 格容差）
09-08 22:37:22 [autoTeam] 阶段3: 建队
09-08 22:37:23 [sat] 建队第1次 脚底屏幕位 (418,292) → 身体点上移 50
09-08 22:37:27 [sat] 建队第1次 顶栏stats（应为 1）: ((1, 0, '二号美人'),)
09-08 22:37:27 [autoTeam] 阶段4: 4 名队员并行申请入队
09-08 22:37:27 [sat] p3780: 已与队长同图(大唐官府)，直接申请
09-08 22:37:28 [sat] p19392: 已与队长同图(大唐官府)，直接申请
09-08 22:37:28 [sat] p20788: 已与队长同图(大唐官府)，直接申请
09-08 22:37:28 [sat] p23500: 已与队长同图(大唐官府)，直接申请
09-08 22:37:32 [sat] p19392: 已点队长身体 (537,241)（第1次申请）
09-08 22:37:32 [sat] p23500: 已点队长身体 (537,241)（第1次申请）
09-08 22:37:32 [sat] p3780: 已点队长身体 (537,241)（第1次申请）
09-08 22:37:32 [sat] p20788: 已点队长身体 (537,241)（第1次申请）
09-08 22:37:42 [sat] p20788: 已点队长身体 (537,241)（第2次申请）
09-08 22:37:43 [sat] p19392: 已点队长身体 (537,241)（第2次申请）
09-08 22:37:43 [sat] p23500: 已点队长身体 (537,241)（第2次申请）
09-08 22:37:43 [sat] p3780: 已点队长身体 (537,241)（第2次申请）
09-08 22:37:49 [sat] p20788: 申请轮次结束（是否入队由队长批准裁决）
09-08 22:37:51 [sat] p23500: 申请轮次结束（是否入队由队长批准裁决）
09-08 22:37:51 [sat] p19392: 申请轮次结束（是否入队由队长批准裁决）
09-08 22:37:52 [sat] p3780: 申请轮次结束（是否入队由队长批准裁决）
09-08 22:37:52 [autoTeam] 阶段5: 队长批准申请
09-08 22:37:54 [sat] 当前成员数: 1（目标 5）
09-08 22:37:59 [sat] 当前成员数: 2（目标 5）
09-08 22:38:04 [sat] 当前成员数: 3（目标 5）
09-08 22:38:09 [sat] 当前成员数: 4（目标 5）
09-08 22:38:13 [sat] 当前成员数: 5（目标 5）
09-08 22:38:14 [autoTeam] 批准结束: 成员=5/目标=5
09-08 22:38:21 [sat] 阵法验证: 天覆阵/4
09-08 22:38:21 [autoTeam] 天覆阵完成 ✓
09-08 22:38:21 p3780 已拉起任务脚本（队员·三号美人 gw=file://pzxy_p3780）
09-08 22:38:21 p19392 已拉起任务脚本（队员·这是帅哥 gw=file://pzxy_p19392）
09-08 22:38:22 p20788 已拉起任务脚本（队员·这是猛男 gw=file://pzxy_p20788）
09-08 22:38:22 p23500 已拉起任务脚本（队员·一号美人 gw=file://pzxy_p23500）
09-08 22:38:22 p20828 已拉起任务脚本（队长·二号美人 gw=file://pzxy_p20828）
09-08 22:38:22 [autoTeam] 组队+任务脚本启动完成
09-08 22:38:22 [看门狗] 启动（目标 5 人，每 15s 判定）
09-08 22:40:30 [看门狗] 心跳: 5/5
09-08 22:42:36 [看门狗] 心跳: 5/5
09-08 22:44:42 [看门狗] 心跳: 5/5
09-08 22:46:44 [看门狗] 心跳: 5/5
09-08 22:48:47 [看门狗] 心跳: 5/5
09-08 22:50:50 [看门狗] 心跳: 5/5
09-08 22:52:52 [看门狗] 心跳: 5/5
09-08 22:54:54 [看门狗] 心跳: 5/5
09-08 22:56:56 [看门狗] 心跳: 5/5
09-08 22:58:58 [看门狗] 心跳: 5/5
09-08 23:01:00 [看门狗] 心跳: 5/5
09-08 23:03:02 [看门狗] 心跳: 5/5
09-08 23:05:04 [看门狗] 心跳: 5/5
09-08 23:06:11 squad_auto_team 日志已桥接到 GUI（组队内部步骤可见）
09-08 23:06:15 已启动队长进程 PID=16088，等待登录界面窗口…
09-08 23:06:16 已启动队员进程 PID=20192，等待登录界面窗口…
09-08 23:06:16 已启动队员进程 PID=6220，等待登录界面窗口…
09-08 23:06:16 已启动队员进程 PID=21464，等待登录界面窗口…
09-08 23:06:17 p16088 检测到登录界面，开始播种…
09-08 23:06:17 已启动队员进程 PID=3928，等待登录界面窗口…
09-08 23:06:17 p6220 检测到登录界面，开始播种…
09-08 23:06:18 p20192 检测到登录界面，开始播种…
09-08 23:06:18 p21464 检测到登录界面，开始播种…
09-08 23:06:19 p3928 检测到登录界面，开始播种…
09-08 23:06:23 p6220 播种成功 ✓
09-08 23:06:23 p6220 重放 member#2 登录点击 4 步…
09-08 23:06:24 p20192 播种成功 ✓
09-08 23:06:24 p20192 重放 member#1 登录点击 4 步…
09-08 23:06:24 p21464 播种成功 ✓
09-08 23:06:24 p21464 重放 member#3 登录点击 4 步…
09-08 23:06:25 p16088 播种成功 ✓
09-08 23:06:25 p16088 重放 leader#1 登录点击 4 步…
09-08 23:06:25 p3928 播种成功 ✓
09-08 23:06:25 p3928 重放 member#4 登录点击 4 步…
09-08 23:06:31 p16088 登录点击重放完毕，等待进入场景…
09-08 23:06:31 p6220 登录点击重放完毕，等待进入场景…
09-08 23:06:32 p21464 登录点击重放完毕，等待进入场景…
09-08 23:06:33 p20192 登录点击重放完毕，等待进入场景…
09-08 23:06:33 p16088 检测到已登录 ✓
09-08 23:06:33 p20192 检测到已登录 ✓
09-08 23:06:33 p6220 检测到已登录 ✓
09-08 23:06:33 p21464 检测到已登录 ✓
09-08 23:06:33 p3928 登录点击重放完毕，等待进入场景…
09-08 23:06:35 p3928 检测到已登录 ✓
09-08 23:06:39 [autoTeam] Lua 队伍读数 0/5 未满员 → 走组队流程
09-08 23:06:39 [autoTeam] 阶段1: 4 名队员并行传送 大唐官府（队长由阶段2 负责）
09-08 23:06:42 [内存] 已修剪 5 个游戏进程：1.6GB → 46.4MB（释放 1.6GB）
09-08 23:06:48 p6220 传送完成 ✓
09-08 23:06:48 p20192 传送完成 ✓
09-08 23:06:48 p21464 传送完成 ✓
09-08 23:06:49 p3928 传送完成 ✓
09-08 23:06:49 [autoTeam] 阶段2: 队长走位[139,80]
09-08 23:06:49 [sat] 队长准备: 传送 大唐官府 + 走位 [139,80]
09-08 23:06:59 [sat] 队长当前位置: (2640.0, 1660.0)（第1次传送后）
09-08 23:06:59 [sat] 走位点击 (540,240)（偏差 140,-60）——途中不点组队图标
09-08 23:07:04 [sat] 队长已就位: (2777.9728653177, 1600.8687720067)（目标 (2780.0, 1600.0)，±3 格容差）
09-08 23:07:04 [autoTeam] 阶段3: 建队
09-08 23:07:05 [sat] 建队第1次 脚底屏幕位 (417,292) → 身体点上移 50
09-08 23:07:08 [sat] 建队第1次 顶栏stats（应为 1）: ((1, 0, '二号美人'),)
09-08 23:07:09 [autoTeam] 阶段4: 4 名队员并行申请入队
09-08 23:07:10 [sat] p20192: 已与队长同图(大唐官府)，直接申请
09-08 23:07:10 [sat] p6220: 已与队长同图(大唐官府)，直接申请
09-08 23:07:10 [sat] p3928: 已与队长同图(大唐官府)，直接申请
09-08 23:07:10 [sat] p21464: 已与队长同图(大唐官府)，直接申请
09-08 23:07:14 [sat] p20192: 已点队长身体 (537,240)（第1次申请）
09-08 23:07:15 [sat] p6220: 已点队长身体 (537,240)（第1次申请）
09-08 23:07:15 [sat] p3928: 已点队长身体 (537,240)（第1次申请）
09-08 23:07:15 [sat] p21464: 已点队长身体 (537,240)（第1次申请）
09-08 23:07:25 [sat] p6220: 已点队长身体 (537,240)（第2次申请）
09-08 23:07:26 [sat] p3928: 已点队长身体 (537,240)（第2次申请）
09-08 23:07:26 [sat] p21464: 已点队长身体 (537,240)（第2次申请）
09-08 23:07:26 [sat] p20192: 已点队长身体 (537,240)（第2次申请）
09-08 23:07:32 [sat] p6220: 申请轮次结束（是否入队由队长批准裁决）
09-08 23:07:32 [sat] p3928: 申请轮次结束（是否入队由队长批准裁决）
09-08 23:07:33 [sat] p20192: 申请轮次结束（是否入队由队长批准裁决）
09-08 23:07:34 [sat] p21464: 申请轮次结束（是否入队由队长批准裁决）
09-08 23:07:34 [autoTeam] 阶段5: 队长批准申请
09-08 23:07:37 [sat] 当前成员数: 1（目标 5）
09-08 23:07:42 [sat] 当前成员数: 2（目标 5）
09-08 23:07:47 [sat] 当前成员数: 3（目标 5）
09-08 23:07:51 [sat] 当前成员数: 4（目标 5）
09-08 23:07:57 [sat] 当前成员数: 5（目标 5）
09-08 23:07:57 [autoTeam] 批准结束: 成员=5/目标=5
09-08 23:08:04 [sat] 阵法验证: 天覆阵/4
09-08 23:08:04 [autoTeam] 天覆阵完成 ✓
09-08 23:08:04 p16088 已拉起任务脚本（队长·二号美人 gw=file://pzxy_p16088）
09-08 23:08:04 p20192 已拉起任务脚本（队员·三号美人 gw=file://pzxy_p20192）
09-08 23:08:04 p6220 已拉起任务脚本（队员·这是帅哥 gw=file://pzxy_p6220）
09-08 23:08:05 p21464 已拉起任务脚本（队员·这是猛男 gw=file://pzxy_p21464）
09-08 23:08:05 p3928 已拉起任务脚本（队员·一号美人 gw=file://pzxy_p3928）
09-08 23:08:05 [autoTeam] 组队+任务脚本启动完成
09-08 23:08:05 [看门狗] 启动（目标 5 人，每 15s 判定）
09-08 23:08:05 已清理残留任务脚本（绑定死 PID 3780，系统 PID 24388）
09-08 23:08:05 已清理残留任务脚本（绑定死 PID 19392，系统 PID 24004）
09-08 23:08:06 已清理残留任务脚本（绑定死 PID 20788，系统 PID 21696）
09-08 23:08:06 已清理残留任务脚本（绑定死 PID 23500，系统 PID 24336）
09-08 23:10:08 [看门狗] 心跳: 5/5
09-08 23:12:11 [看门狗] 心跳: 5/5
09-08 23:14:14 [看门狗] 心跳: 5/5
09-08 23:16:16 [看门狗] 心跳: 5/5
09-08 23:18:19 [看门狗] 心跳: 5/5
09-08 23:20:21 [看门狗] 心跳: 5/5
09-08 23:22:23 [看门狗] 心跳: 5/5
09-08 23:24:26 [看门狗] 心跳: 5/5
09-08 23:26:30 [看门狗] 心跳: 5/5
09-08 23:28:33 [看门狗] 心跳: 5/5
09-08 23:30:39 [看门狗] 心跳: 5/5
09-08 23:31:04 [暂停] 自动化冻结：停任务脚本，看门狗/掉线闭环挂起（可人工接管）
09-08 23:31:04 已打断 p16088 任务脚本（系统 PID 16444）
09-08 23:31:05 已打断 p20192 任务脚本（系统 PID 7680）
09-08 23:31:05 已打断 p6220 任务脚本（系统 PID 19404）
09-08 23:31:05 已打断 p21464 任务脚本（系统 PID 23884）
09-08 23:31:06 已打断 p3928 任务脚本（系统 PID 24252）
09-08 23:31:06 [暂停] 完成：任务脚本已全部停止
09-08 23:33:55 [恢复] 解冻：跳过组队，按角色直接拉起任务脚本
09-08 23:33:55 p16088 已拉起任务脚本（队长·二号美人 gw=file://pzxy_p16088）
09-08 23:33:55 p20192 已拉起任务脚本（队员·三号美人 gw=file://pzxy_p20192）
09-08 23:33:56 p6220 已拉起任务脚本（队员·这是帅哥 gw=file://pzxy_p6220）
09-08 23:33:56 p21464 已拉起任务脚本（队员·这是猛男 gw=file://pzxy_p21464）
09-08 23:33:56 p3928 已拉起任务脚本（队员·一号美人 gw=file://pzxy_p3928）
09-08 23:33:56 [恢复] 完成：任务脚本已拉起，看门狗/掉线闭环恢复（缺员时看门狗自动补组）
09-08 23:34:01 [暂停] 自动化冻结：停任务脚本，看门狗/掉线闭环挂起（可人工接管）
09-08 23:34:02 已打断 p16088 任务脚本（系统 PID 22492）
09-08 23:34:02 已打断 p20192 任务脚本（系统 PID 12412）
09-08 23:34:03 已打断 p6220 任务脚本（系统 PID 22776）
09-08 23:34:03 已打断 p21464 任务脚本（系统 PID 24368）
09-08 23:34:03 已打断 p3928 任务脚本（系统 PID 3808）
09-08 23:34:03 [暂停] 完成：任务脚本已全部停止
09-08 23:35:05 [恢复] 解冻：跳过组队，按角色直接拉起任务脚本
09-08 23:35:06 p16088 已拉起任务脚本（队长·二号美人 gw=file://pzxy_p16088）
09-08 23:35:06 p20192 已拉起任务脚本（队员·三号美人 gw=file://pzxy_p20192）
09-08 23:35:06 p6220 已拉起任务脚本（队员·这是帅哥 gw=file://pzxy_p6220）
09-08 23:35:07 p21464 已拉起任务脚本（队员·这是猛男 gw=file://pzxy_p21464）
09-08 23:35:07 p3928 已拉起任务脚本（队员·一号美人 gw=file://pzxy_p3928）
09-08 23:35:07 [恢复] 完成：任务脚本已拉起，看门狗/掉线闭环恢复（缺员时看门狗自动补组）
09-08 23:35:21 [暂停] 自动化冻结：停任务脚本，看门狗/掉线闭环挂起（可人工接管）
09-08 23:35:21 已打断 p16088 任务脚本（系统 PID 24424）
09-08 23:35:21 已打断 p20192 任务脚本（系统 PID 24000）
09-08 23:35:22 已打断 p6220 任务脚本（系统 PID 4644）
09-08 23:35:26 squad_auto_team 日志已桥接到 GUI（组队内部步骤可见）
09-08 23:35:29 已启动队员进程 PID=4320，等待登录界面窗口…
09-08 23:35:31 p4320 检测到登录界面，开始播种…
09-08 23:35:37 已启动队员进程 PID=3208，等待登录界面窗口…
09-08 23:35:38 p4320 播种成功 ✓
09-08 23:35:38 p4320 重放 member#1 登录点击 4 步…
09-08 23:35:38 p3208 检测到登录界面，开始播种…
09-08 23:35:46 p3208 播种成功 ✓
09-08 23:35:46 p3208 重放 member#2 登录点击 4 步…
09-08 23:35:46 已启动队员进程 PID=20268，等待登录界面窗口…
09-08 23:35:47 p4320 登录点击重放完毕，等待进入场景…
09-08 23:35:47 p20268 检测到登录界面，开始播种…
09-08 23:35:48 p4320 检测到已登录 ✓
09-08 23:35:54 p20268 播种成功 ✓
09-08 23:35:54 p20268 重放 member#3 登录点击 4 步…
09-08 23:35:54 p3208 登录点击重放完毕，等待进入场景…
09-08 23:35:54 已启动队员进程 PID=22632，等待登录界面窗口…
09-08 23:35:56 p3208 检测到已登录 ✓
09-08 23:35:56 [内存] 已修剪 4 个游戏进程：1.4GB → 31.3MB（释放 1.4GB）
09-08 23:35:56 p22632 检测到登录界面，开始播种…
09-08 23:35:58 已启动队长进程 PID=8932，等待登录界面窗口…
09-08 23:36:00 p8932 检测到登录界面，开始播种…
09-08 23:36:02 p20268 登录点击重放完毕，等待进入场景…
09-08 23:36:02 p20268 检测到已登录 ✓
09-08 23:36:03 p22632 播种成功 ✓
09-08 23:36:03 p22632 重放 member#4 登录点击 4 步…
09-08 23:36:06 p8932 播种成功 ✓
09-08 23:36:06 p8932 重放 leader#1 登录点击 4 步…
09-08 23:36:11 p22632 登录点击重放完毕，等待进入场景…
09-08 23:36:12 p22632 检测到已登录 ✓
09-08 23:36:13 p8932 登录点击重放完毕，等待进入场景…
09-08 23:36:14 p8932 检测到已登录 ✓
09-08 23:36:16 [autoTeam] Lua 队伍读数 0/5 未满员 → 走组队流程
09-08 23:36:16 [autoTeam] 阶段1: 4 名队员并行传送 大唐官府（队长由阶段2 负责）
09-08 23:36:24 p20268 传送完成 ✓
09-08 23:36:24 p3208 传送完成 ✓
09-08 23:36:24 p22632 传送完成 ✓
09-08 23:36:25 p4320 传送完成 ✓
09-08 23:36:25 [autoTeam] 阶段2: 队长走位[139,80]
09-08 23:36:25 [sat] 队长准备: 传送 大唐官府 + 走位 [139,80]
09-08 23:36:34 [sat] 队长当前位置: (2640.0, 1660.0)（第1次传送后）
09-08 23:36:35 [sat] 走位点击 (540,240)（偏差 140,-60）——途中不点组队图标
09-08 23:36:40 [sat] 队长已就位: (2777.9728647356, 1600.8687722562)（目标 (2780.0, 1600.0)，±3 格容差）
09-08 23:36:40 [autoTeam] 阶段3: 建队
09-08 23:36:41 [sat] 建队第1次 脚底屏幕位 (417,292) → 身体点上移 50
09-08 23:36:45 [sat] 建队第1次 顶栏stats（应为 1）: ((1, 0, '二号美人'),)
09-08 23:36:45 [autoTeam] 阶段4: 4 名队员并行申请入队
09-08 23:36:45 [sat] p3208: 已与队长同图(大唐官府)，直接申请
09-08 23:36:46 [sat] p22632: 已与队长同图(大唐官府)，直接申请
09-08 23:36:46 [sat] p20268: 已与队长同图(大唐官府)，直接申请
09-08 23:36:47 [sat] p4320: 已与队长同图(大唐官府)，直接申请
09-08 23:36:50 [sat] p3208: 已点队长身体 (537,240)（第1次申请）
09-08 23:36:50 [sat] p20268: 已点队长身体 (537,240)（第1次申请）
09-08 23:36:50 [sat] p22632: 已点队长身体 (537,240)（第1次申请）
09-08 23:36:51 [sat] p4320: 已点队长身体 (537,240)（第1次申请）
09-08 23:37:00 [sat] p22632: 已点队长身体 (537,240)（第2次申请）
09-08 23:37:01 [sat] p20268: 已点队长身体 (537,240)（第2次申请）
09-08 23:37:02 [sat] p3208: 已点队长身体 (537,240)（第2次申请）
09-08 23:37:02 [sat] p4320: 已点队长身体 (537,240)（第2次申请）
09-08 23:37:08 [sat] p20268: 申请轮次结束（是否入队由队长批准裁决）
09-08 23:37:09 [sat] p3208: 申请轮次结束（是否入队由队长批准裁决）
09-08 23:37:09 [sat] p22632: 申请轮次结束（是否入队由队长批准裁决）
09-08 23:37:10 [sat] p4320: 申请轮次结束（是否入队由队长批准裁决）
09-08 23:37:10 [autoTeam] 阶段5: 队长批准申请
09-08 23:37:12 [sat] 当前成员数: 1（目标 5）
09-08 23:37:16 [sat] 当前成员数: 2（目标 5）
09-08 23:37:21 [sat] 当前成员数: 3（目标 5）
09-08 23:37:26 [sat] 当前成员数: 4（目标 5）
09-08 23:37:31 [sat] 当前成员数: 5（目标 5）
09-08 23:37:31 [autoTeam] 批准结束: 成员=5/目标=5
09-08 23:37:39 [sat] 阵法验证: 天覆阵/4
09-08 23:37:39 [autoTeam] 天覆阵完成 ✓
09-08 23:37:39 p4320 已拉起任务脚本（队员·三号美人 gw=file://pzxy_p4320）
09-08 23:37:40 p3208 已拉起任务脚本（队员·这是帅哥 gw=file://pzxy_p3208）
09-08 23:37:40 p20268 已拉起任务脚本（队员·这是猛男 gw=file://pzxy_p20268）
09-08 23:37:40 p22632 已拉起任务脚本（队员·一号美人 gw=file://pzxy_p22632）
09-08 23:37:40 p8932 已拉起任务脚本（队长·二号美人 gw=file://pzxy_p8932）
09-08 23:37:40 [autoTeam] 组队+任务脚本启动完成
09-08 23:37:40 [看门狗] 启动（目标 5 人，每 15s 判定）
09-08 23:37:41 已清理残留任务脚本（绑定死 PID 21464，系统 PID 22980）
09-08 23:37:41 已清理残留任务脚本（绑定死 PID 3928，系统 PID 23816）
09-08 23:39:45 [看门狗] 心跳: 5/5
09-08 23:41:50 [看门狗] 队伍数据连续读不到（16 轮），检查通道/面板
09-08 23:42:43 [暂停] 自动化冻结：停任务脚本，看门狗/掉线闭环挂起（可人工接管）
09-08 23:42:44 已打断 p4320 任务脚本（系统 PID 21092）
09-08 23:42:44 已打断 p3208 任务脚本（系统 PID 1908）
09-08 23:42:44 已打断 p20268 任务脚本（系统 PID 24012）
09-08 23:42:45 已打断 p22632 任务脚本（系统 PID 21168）
09-08 23:42:45 已打断 p8932 任务脚本（系统 PID 20996）
09-08 23:42:45 [暂停] 完成：任务脚本已全部停止
09-08 23:47:24 squad_auto_team 日志已桥接到 GUI（组队内部步骤可见）
09-08 23:47:25 已启动队员进程 PID=16864，等待登录界面窗口…
09-08 23:47:25 已启动队员进程 PID=23980，等待登录界面窗口…
09-08 23:47:26 已启动队员进程 PID=16648，等待登录界面窗口…
09-08 23:47:26 已启动队员进程 PID=20636，等待登录界面窗口…
09-08 23:47:26 p16864 检测到登录界面，开始播种…
09-08 23:47:26 p23980 检测到登录界面，开始播种…
09-08 23:47:26 已启动队长进程 PID=19280，等待登录界面窗口…
09-08 23:47:28 p16648 检测到登录界面，开始播种…
09-08 23:47:28 p20636 检测到登录界面，开始播种…
09-08 23:47:28 p19280 检测到登录界面，开始播种…
09-08 23:47:33 p16864 播种成功 ✓
09-08 23:47:33 p16864 重放 member#1 登录点击 4 步…
09-08 23:47:33 p23980 播种成功 ✓
09-08 23:47:33 p23980 重放 member#2 登录点击 4 步…
09-08 23:47:34 p20636 播种成功 ✓
09-08 23:47:34 p20636 重放 member#4 登录点击 4 步…
09-08 23:47:34 p16648 播种成功 ✓
09-08 23:47:34 p16648 重放 member#3 登录点击 4 步…
09-08 23:47:35 p19280 播种成功 ✓
09-08 23:47:35 p19280 重放 leader#1 登录点击 4 步…
09-08 23:47:41 p23980 登录点击重放完毕，等待进入场景…
09-08 23:47:41 p16864 登录点击重放完毕，等待进入场景…
09-08 23:47:41 p19280 登录点击重放完毕，等待进入场景…
09-08 23:47:42 p20636 登录点击重放完毕，等待进入场景…
09-08 23:47:42 p23980 检测到已登录 ✓
09-08 23:47:42 p16648 登录点击重放完毕，等待进入场景…
09-08 23:47:44 p16864 检测到已登录 ✓
09-08 23:47:44 p16648 检测到已登录 ✓
09-08 23:47:44 p20636 检测到已登录 ✓
09-08 23:47:44 p19280 检测到已登录 ✓
09-08 23:47:54 [内存] 已修剪 5 个游戏进程：2.2GB → 61.9MB（释放 2.2GB）
09-08 23:48:02 [autoTeam] Lua 队伍读数 0/5 未满员 → 走组队流程
09-08 23:48:02 [autoTeam] 阶段1: 4 名队员并行传送 大唐官府（队长由阶段2 负责）
09-08 23:48:10 p23980 传送完成 ✓
09-08 23:48:11 p20636 传送完成 ✓
09-08 23:48:11 p16648 传送完成 ✓
09-08 23:48:11 p16864 传送完成 ✓
09-08 23:48:11 [autoTeam] 阶段2: 队长走位[139,80]
09-08 23:48:11 [sat] 队长准备: 传送 大唐官府 + 走位 [139,80]
09-08 23:48:21 [sat] 队长当前位置: (2640.0, 1660.0)（第1次传送后）
09-08 23:48:22 [sat] 走位点击 (540,240)（偏差 140,-60）——途中不点组队图标
09-08 23:48:26 [sat] 队长已就位: (2777.8166100548, 1600.9357385479)（目标 (2780.0, 1600.0)，±3 格容差）
09-08 23:48:26 [autoTeam] 阶段3: 建队
09-08 23:48:28 [sat] 建队第1次 脚底屏幕位 (418,292) → 身体点上移 50
09-08 23:48:31 [sat] 建队第1次 顶栏stats（应为 1）: ((1, 0, '二号美人'),)
09-08 23:48:32 [autoTeam] 阶段4: 4 名队员并行申请入队
09-08 23:48:33 [sat] p16864: 已与队长同图(大唐官府)，直接申请
09-08 23:48:33 [sat] p16648: 已与队长同图(大唐官府)，直接申请
09-08 23:48:33 [sat] p20636: 已与队长同图(大唐官府)，直接申请
09-08 23:48:33 [sat] p23980: 已与队长同图(大唐官府)，直接申请
09-08 23:48:38 [sat] p16864: 已点队长身体 (537,240)（第1次申请）
09-08 23:48:38 [sat] p16648: 已点队长身体 (537,240)（第1次申请）
09-08 23:48:38 [sat] p23980: 已点队长身体 (537,240)（第1次申请）
09-08 23:48:38 [sat] p20636: 已点队长身体 (537,240)（第1次申请）
09-08 23:48:48 [sat] p16648: 已点队长身体 (537,240)（第2次申请）
09-08 23:48:48 [sat] p23980: 已点队长身体 (537,240)（第2次申请）
09-08 23:48:50 [sat] p16864: 已点队长身体 (537,240)（第2次申请）
09-08 23:48:51 [sat] p20636: 已点队长身体 (537,240)（第2次申请）
09-08 23:48:56 [sat] p16648: 申请轮次结束（是否入队由队长批准裁决）
09-08 23:48:56 [sat] p23980: 申请轮次结束（是否入队由队长批准裁决）
09-08 23:48:58 [sat] p20636: 申请轮次结束（是否入队由队长批准裁决）
09-08 23:48:59 [sat] p16864: 申请轮次结束（是否入队由队长批准裁决）
09-08 23:48:59 [autoTeam] 阶段5: 队长批准申请
09-08 23:49:01 [sat] 当前成员数: 1（目标 5）
09-08 23:49:07 [sat] 当前成员数: 2（目标 5）
09-08 23:49:11 [sat] 当前成员数: 3（目标 5）
09-08 23:49:16 [sat] 当前成员数: 4（目标 5）
09-08 23:49:21 [sat] 当前成员数: 5（目标 5）
09-08 23:49:21 [autoTeam] 批准结束: 成员=5/目标=5
09-08 23:49:29 [sat] 阵法验证: 天覆阵/4
09-08 23:49:29 [autoTeam] 天覆阵完成 ✓
09-08 23:49:29 p16864 已拉起任务脚本（队员·三号美人 gw=file://pzxy_p16864）
09-08 23:49:29 p23980 已拉起任务脚本（队员·这是帅哥 gw=file://pzxy_p23980）
09-08 23:49:30 p16648 已拉起任务脚本（队员·这是猛男 gw=file://pzxy_p16648）
09-08 23:49:30 p20636 已拉起任务脚本（队员·一号美人 gw=file://pzxy_p20636）
09-08 23:49:30 p19280 已拉起任务脚本（队长·二号美人 gw=file://pzxy_p19280）
09-08 23:49:30 [autoTeam] 组队+任务脚本启动完成
09-08 23:49:30 [看门狗] 启动（目标 5 人，每 15s 判定）
09-08 23:51:38 [看门狗] 心跳: 5/5
09-08 23:57:53 [看门狗] 心跳: 5/5
09-09 00:02:03 [看门狗] 心跳: 5/5
09-09 00:08:16 [看门狗] 心跳: 5/5
09-09 00:12:25 [看门狗] 心跳: 5/5
09-09 00:14:28 [看门狗] 心跳: 5/5
09-09 00:16:31 [看门狗] 心跳: 5/5
09-09 00:17:54 [内存] 已修剪 5 个游戏进程：2.9GB → 132.7MB（释放 2.7GB）
09-09 00:20:38 [看门狗] 心跳: 5/5
09-09 00:22:42 [看门狗] 心跳: 5/5
09-09 00:24:47 [看门狗] 心跳: 5/5
09-09 00:28:59 [看门狗] 心跳: 5/5
09-09 00:33:07 [看门狗] 心跳: 5/5
09-09 00:36:14 [看门狗] 队伍数据连续读不到（180 轮），检查通道/面板
09-09 00:37:16 [看门狗] 队伍数据连续读不到（184 轮），检查通道/面板
09-09 00:38:19 [看门狗] 队伍数据连续读不到（188 轮），检查通道/面板
09-09 00:39:21 [看门狗] 队伍数据连续读不到（192 轮），检查通道/面板
09-09 00:40:24 [看门狗] 队伍数据连续读不到（196 轮），检查通道/面板
09-09 00:41:27 [看门狗] 队伍数据连续读不到（200 轮），检查通道/面板
09-09 00:42:30 [看门狗] 队伍数据连续读不到（204 轮），检查通道/面板
09-09 00:43:33 [看门狗] 队伍数据连续读不到（208 轮），检查通道/面板
09-09 00:44:35 [看门狗] 队伍数据连续读不到（212 轮），检查通道/面板
09-09 00:45:37 [看门狗] 队伍数据连续读不到（216 轮），检查通道/面板
09-09 00:46:39 [看门狗] 队伍数据连续读不到（220 轮），检查通道/面板
09-09 00:47:41 [看门狗] 队伍数据连续读不到（224 轮），检查通道/面板
09-09 00:47:55 [内存] 已修剪 5 个游戏进程：2.4GB → 146.9MB（释放 2.3GB）
09-09 00:48:43 [看门狗] 队伍数据连续读不到（228 轮），检查通道/面板
09-09 00:49:45 [看门狗] 队伍数据连续读不到（232 轮），检查通道/面板
09-09 00:50:48 [看门狗] 队伍数据连续读不到（236 轮），检查通道/面板
09-09 00:51:50 [看门狗] 队伍数据连续读不到（240 轮），检查通道/面板
09-09 00:52:52 [看门狗] 队伍数据连续读不到（244 轮），检查通道/面板
09-09 00:53:54 [看门狗] 队伍数据连续读不到（248 轮），检查通道/面板
09-09 00:54:56 [看门狗] 队伍数据连续读不到（252 轮），检查通道/面板
09-09 00:55:58 [看门狗] 队伍数据连续读不到（256 轮），检查通道/面板
09-09 00:57:01 [看门狗] 队伍数据连续读不到（260 轮），检查通道/面板
09-09 00:58:03 [看门狗] 队伍数据连续读不到（264 轮），检查通道/面板
09-09 00:59:06 [看门狗] 队伍数据连续读不到（268 轮），检查通道/面板
09-09 01:00:09 [看门狗] 队伍数据连续读不到（272 轮），检查通道/面板
09-09 01:01:11 [看门狗] 队伍数据连续读不到（276 轮），检查通道/面板
09-09 01:02:12 [看门狗] 队伍数据连续读不到（280 轮），检查通道/面板
09-09 01:03:14 [看门狗] 队伍数据连续读不到（284 轮），检查通道/面板
09-09 01:04:17 [看门狗] 队伍数据连续读不到（288 轮），检查通道/面板
09-09 01:05:19 [看门狗] 队伍数据连续读不到（292 轮），检查通道/面板
09-09 01:06:22 [看门狗] 队伍数据连续读不到（296 轮），检查通道/面板
09-09 01:07:24 [看门狗] 队伍数据连续读不到（300 轮），检查通道/面板
09-09 01:08:29 [看门狗] 队伍数据连续读不到（304 轮），检查通道/面板
09-09 01:09:31 [看门狗] 队伍数据连续读不到（308 轮），检查通道/面板
09-09 01:10:34 [看门狗] 队伍数据连续读不到（312 轮），检查通道/面板
09-09 01:11:36 [看门狗] 队伍数据连续读不到（316 轮），检查通道/面板
09-09 01:12:39 [看门狗] 队伍数据连续读不到（320 轮），检查通道/面板
09-09 01:13:41 [看门狗] 队伍数据连续读不到（324 轮），检查通道/面板
09-09 01:14:44 [看门狗] 队伍数据连续读不到（328 轮），检查通道/面板
09-09 01:15:46 [看门狗] 队伍数据连续读不到（332 轮），检查通道/面板
09-09 01:16:48 [看门狗] 队伍数据连续读不到（336 轮），检查通道/面板
09-09 01:17:52 [看门狗] 队伍数据连续读不到（340 轮），检查通道/面板
09-09 01:17:55 [内存] 已修剪 5 个游戏进程：926.7MB → 93.3MB（释放 833.4MB）
09-09 01:18:54 [看门狗] 队伍数据连续读不到（344 轮），检查通道/面板
09-09 01:19:57 [看门狗] 队伍数据连续读不到（348 轮），检查通道/面板
09-09 01:21:00 [看门狗] 队伍数据连续读不到（352 轮），检查通道/面板
09-09 01:22:03 [看门狗] 队伍数据连续读不到（356 轮），检查通道/面板
09-09 01:23:05 [看门狗] 队伍数据连续读不到（360 轮），检查通道/面板
09-09 01:24:08 [看门狗] 队伍数据连续读不到（364 轮），检查通道/面板
09-09 01:25:12 [看门狗] 队伍数据连续读不到（368 轮），检查通道/面板
09-09 01:26:14 [看门狗] 队伍数据连续读不到（372 轮），检查通道/面板
09-09 01:27:16 [看门狗] 队伍数据连续读不到（376 轮），检查通道/面板
09-09 01:28:19 [看门狗] 队伍数据连续读不到（380 轮），检查通道/面板
09-09 01:29:24 [看门狗] 队伍数据连续读不到（384 轮），检查通道/面板
09-09 01:30:26 [看门狗] 队伍数据连续读不到（388 轮），检查通道/面板
09-09 01:31:28 [看门狗] 队伍数据连续读不到（392 轮），检查通道/面板
09-09 01:32:31 [看门狗] 队伍数据连续读不到（396 轮），检查通道/面板
09-09 01:33:34 [看门狗] 队伍数据连续读不到（400 轮），检查通道/面板
09-09 01:34:37 [看门狗] 队伍数据连续读不到（404 轮），检查通道/面板
09-09 01:35:39 [看门狗] 队伍数据连续读不到（408 轮），检查通道/面板
09-09 01:36:42 [看门狗] 队伍数据连续读不到（412 轮），检查通道/面板
09-09 01:37:44 [看门狗] 队伍数据连续读不到（416 轮），检查通道/面板
09-09 01:38:46 [看门狗] 队伍数据连续读不到（420 轮），检查通道/面板
09-09 01:39:48 [看门狗] 队伍数据连续读不到（424 轮），检查通道/面板
09-09 01:40:50 [看门狗] 队伍数据连续读不到（428 轮），检查通道/面板
09-09 01:41:52 [看门狗] 队伍数据连续读不到（432 轮），检查通道/面板
09-09 01:42:54 [看门狗] 队伍数据连续读不到（436 轮），检查通道/面板
09-09 01:43:56 [看门狗] 队伍数据连续读不到（440 轮），检查通道/面板
09-09 01:44:59 [看门狗] 队伍数据连续读不到（444 轮），检查通道/面板
09-09 01:46:02 [看门狗] 队伍数据连续读不到（448 轮），检查通道/面板
09-09 01:47:04 [看门狗] 队伍数据连续读不到（452 轮），检查通道/面板
09-09 01:47:55 [内存] 已修剪 5 个游戏进程：569.6MB → 78.4MB（释放 491.2MB）
09-09 01:48:06 [看门狗] 队伍数据连续读不到（456 轮），检查通道/面板
09-09 01:49:09 [看门狗] 队伍数据连续读不到（460 轮），检查通道/面板
09-09 01:50:12 [看门狗] 队伍数据连续读不到（464 轮），检查通道/面板
09-09 01:51:16 [看门狗] 队伍数据连续读不到（468 轮），检查通道/面板
09-09 01:52:18 [看门狗] 队伍数据连续读不到（472 轮），检查通道/面板
09-09 01:53:20 [看门狗] 队伍数据连续读不到（476 轮），检查通道/面板
09-09 01:54:23 [看门狗] 队伍数据连续读不到（480 轮），检查通道/面板
09-09 01:55:26 [看门狗] 队伍数据连续读不到（484 轮），检查通道/面板
09-09 01:56:28 [看门狗] 队伍数据连续读不到（488 轮），检查通道/面板
09-09 01:57:30 [看门狗] 队伍数据连续读不到（492 轮），检查通道/面板
09-09 01:58:32 [看门狗] 队伍数据连续读不到（496 轮），检查通道/面板
09-09 01:59:34 [看门狗] 队伍数据连续读不到（500 轮），检查通道/面板
09-09 02:00:36 [看门狗] 队伍数据连续读不到（504 轮），检查通道/面板
09-09 02:01:38 [看门狗] 队伍数据连续读不到（508 轮），检查通道/面板
09-09 02:02:41 [看门狗] 队伍数据连续读不到（512 轮），检查通道/面板
09-09 02:03:43 [看门狗] 队伍数据连续读不到（516 轮），检查通道/面板
09-09 02:04:45 [看门狗] 队伍数据连续读不到（520 轮），检查通道/面板
09-09 02:05:48 [看门狗] 队伍数据连续读不到（524 轮），检查通道/面板
09-09 02:06:52 [看门狗] 队伍数据连续读不到（528 轮），检查通道/面板
09-09 02:07:53 [看门狗] 队伍数据连续读不到（532 轮），检查通道/面板
09-09 02:08:56 [看门狗] 队伍数据连续读不到（536 轮），检查通道/面板
09-09 02:09:58 [看门狗] 队伍数据连续读不到（540 轮），检查通道/面板
09-09 02:11:00 [看门狗] 队伍数据连续读不到（544 轮），检查通道/面板
09-09 02:12:02 [看门狗] 队伍数据连续读不到（548 轮），检查通道/面板
09-09 02:13:04 [看门狗] 队伍数据连续读不到（552 轮），检查通道/面板
09-09 02:14:07 [看门狗] 队伍数据连续读不到（556 轮），检查通道/面板
09-09 02:15:09 [看门狗] 队伍数据连续读不到（560 轮），检查通道/面板
09-09 02:16:11 [看门狗] 队伍数据连续读不到（564 轮），检查通道/面板
09-09 02:17:14 [看门狗] 队伍数据连续读不到（568 轮），检查通道/面板
09-09 02:17:55 [内存] 已修剪 5 个游戏进程：751.4MB → 127.6MB（释放 623.8MB）
09-09 02:18:18 [看门狗] 队伍数据连续读不到（572 轮），检查通道/面板
09-09 02:19:21 [看门狗] 队伍数据连续读不到（576 轮），检查通道/面板
09-09 02:20:23 [看门狗] 队伍数据连续读不到（580 轮），检查通道/面板
09-09 02:21:27 [看门狗] 队伍数据连续读不到（584 轮），检查通道/面板
09-09 02:22:29 [看门狗] 队伍数据连续读不到（588 轮），检查通道/面板
09-09 02:23:33 [看门狗] 队伍数据连续读不到（592 轮），检查通道/面板
09-09 02:24:37 [看门狗] 队伍数据连续读不到（596 轮），检查通道/面板
09-09 02:25:40 [看门狗] 队伍数据连续读不到（600 轮），检查通道/面板
09-09 02:26:42 [看门狗] 队伍数据连续读不到（604 轮），检查通道/面板
09-09 02:27:45 [看门狗] 队伍数据连续读不到（608 轮），检查通道/面板
09-09 02:28:47 [看门狗] 队伍数据连续读不到（612 轮），检查通道/面板
09-09 02:29:49 [看门狗] 队伍数据连续读不到（616 轮），检查通道/面板
09-09 02:30:50 [看门狗] 队伍数据连续读不到（620 轮），检查通道/面板
09-09 02:31:54 [看门狗] 队伍数据连续读不到（624 轮），检查通道/面板
09-09 02:32:56 [看门狗] 队伍数据连续读不到（628 轮），检查通道/面板
09-09 02:34:01 [看门狗] 队伍数据连续读不到（632 轮），检查通道/面板
09-09 02:35:03 [看门狗] 队伍数据连续读不到（636 轮），检查通道/面板
09-09 02:36:06 [看门狗] 队伍数据连续读不到（640 轮），检查通道/面板
09-09 02:37:08 [看门狗] 队伍数据连续读不到（644 轮），检查通道/面板
09-09 02:38:11 [看门狗] 队伍数据连续读不到（648 轮），检查通道/面板
09-09 02:39:13 [看门狗] 队伍数据连续读不到（652 轮），检查通道/面板
09-09 02:40:15 [看门狗] 队伍数据连续读不到（656 轮），检查通道/面板
09-09 02:41:17 [看门狗] 队伍数据连续读不到（660 轮），检查通道/面板
09-09 02:42:21 [看门狗] 队伍数据连续读不到（664 轮），检查通道/面板
09-09 02:43:23 [看门狗] 队伍数据连续读不到（668 轮），检查通道/面板
09-09 02:44:26 [看门狗] 队伍数据连续读不到（672 轮），检查通道/面板
09-09 02:45:28 [看门狗] 队伍数据连续读不到（676 轮），检查通道/面板
09-09 02:46:32 [看门狗] 队伍数据连续读不到（680 轮），检查通道/面板
09-09 02:47:35 [看门狗] 队伍数据连续读不到（684 轮），检查通道/面板
09-09 02:47:55 [内存] 已修剪 5 个游戏进程：592.9MB → 82.4MB（释放 510.5MB）
09-09 02:48:37 [看门狗] 队伍数据连续读不到（688 轮），检查通道/面板
09-09 02:49:39 [看门狗] 队伍数据连续读不到（692 轮），检查通道/面板
09-09 02:50:41 [看门狗] 队伍数据连续读不到（696 轮），检查通道/面板
09-09 02:51:44 [看门狗] 队伍数据连续读不到（700 轮），检查通道/面板
09-09 02:52:46 [看门狗] 队伍数据连续读不到（704 轮），检查通道/面板
09-09 02:53:47 [看门狗] 队伍数据连续读不到（708 轮），检查通道/面板
09-09 02:54:49 [看门狗] 队伍数据连续读不到（712 轮），检查通道/面板
09-09 02:55:51 [看门狗] 队伍数据连续读不到（716 轮），检查通道/面板
09-09 02:56:54 [看门狗] 队伍数据连续读不到（720 轮），检查通道/面板
09-09 02:57:56 [看门狗] 队伍数据连续读不到（724 轮），检查通道/面板
09-09 02:58:58 [看门狗] 队伍数据连续读不到（728 轮），检查通道/面板
09-09 03:00:01 [看门狗] 队伍数据连续读不到（732 轮），检查通道/面板
09-09 03:01:03 [看门狗] 队伍数据连续读不到（736 轮），检查通道/面板
09-09 03:02:06 [看门狗] 队伍数据连续读不到（740 轮），检查通道/面板
09-09 03:03:08 [看门狗] 队伍数据连续读不到（744 轮），检查通道/面板
09-09 03:04:10 [看门狗] 队伍数据连续读不到（748 轮），检查通道/面板
09-09 03:05:12 [看门狗] 队伍数据连续读不到（752 轮），检查通道/面板
09-09 03:06:14 [看门狗] 队伍数据连续读不到（756 轮），检查通道/面板
09-09 03:07:17 [看门狗] 队伍数据连续读不到（760 轮），检查通道/面板
09-09 03:08:20 [看门狗] 队伍数据连续读不到（764 轮），检查通道/面板
09-09 03:09:22 [看门狗] 队伍数据连续读不到（768 轮），检查通道/面板
09-09 03:10:25 [看门狗] 队伍数据连续读不到（772 轮），检查通道/面板
09-09 03:11:27 [看门狗] 队伍数据连续读不到（776 轮），检查通道/面板
09-09 03:12:29 [看门狗] 队伍数据连续读不到（780 轮），检查通道/面板
09-09 03:13:34 [看门狗] 队伍数据连续读不到（784 轮），检查通道/面板
09-09 03:14:36 [看门狗] 队伍数据连续读不到（788 轮），检查通道/面板
09-09 03:15:39 [看门狗] 队伍数据连续读不到（792 轮），检查通道/面板
09-09 03:16:41 [看门狗] 队伍数据连续读不到（796 轮），检查通道/面板
09-09 03:17:44 [看门狗] 队伍数据连续读不到（800 轮），检查通道/面板
09-09 03:17:56 [内存] 已修剪 5 个游戏进程：811.6MB → 124.4MB（释放 687.2MB）
09-09 03:18:45 [看门狗] 队伍数据连续读不到（804 轮），检查通道/面板
09-09 03:19:48 [看门狗] 队伍数据连续读不到（808 轮），检查通道/面板
09-09 03:20:52 [看门狗] 队伍数据连续读不到（812 轮），检查通道/面板
09-09 03:21:54 [看门狗] 队伍数据连续读不到（816 轮），检查通道/面板
09-09 03:22:56 [看门狗] 队伍数据连续读不到（820 轮），检查通道/面板
09-09 03:23:59 [看门狗] 队伍数据连续读不到（824 轮），检查通道/面板
09-09 03:25:02 [看门狗] 队伍数据连续读不到（828 轮），检查通道/面板
09-09 03:26:06 [看门狗] 队伍数据连续读不到（832 轮），检查通道/面板
09-09 03:27:09 [看门狗] 队伍数据连续读不到（836 轮），检查通道/面板
09-09 03:28:11 [看门狗] 队伍数据连续读不到（840 轮），检查通道/面板
09-09 03:29:13 [看门狗] 队伍数据连续读不到（844 轮），检查通道/面板
09-09 03:30:18 [看门狗] 队伍数据连续读不到（848 轮），检查通道/面板
09-09 03:31:21 [看门狗] 队伍数据连续读不到（852 轮），检查通道/面板
09-09 03:32:24 [看门狗] 队伍数据连续读不到（856 轮），检查通道/面板
09-09 03:33:26 [看门狗] 队伍数据连续读不到（860 轮），检查通道/面板
09-09 03:34:28 [看门狗] 队伍数据连续读不到（864 轮），检查通道/面板
09-09 03:35:30 [看门狗] 队伍数据连续读不到（868 轮），检查通道/面板
09-09 03:36:32 [看门狗] 队伍数据连续读不到（872 轮），检查通道/面板
09-09 03:37:34 [看门狗] 队伍数据连续读不到（876 轮），检查通道/面板
09-09 03:38:38 [看门狗] 队伍数据连续读不到（880 轮），检查通道/面板
09-09 03:39:40 [看门狗] 队伍数据连续读不到（884 轮），检查通道/面板
09-09 03:40:41 [看门狗] 队伍数据连续读不到（888 轮），检查通道/面板
09-09 03:41:43 [看门狗] 队伍数据连续读不到（892 轮），检查通道/面板
09-09 03:42:47 [看门狗] 队伍数据连续读不到（896 轮），检查通道/面板
09-09 03:43:49 [看门狗] 队伍数据连续读不到（900 轮），检查通道/面板
09-09 03:44:51 [看门狗] 队伍数据连续读不到（904 轮），检查通道/面板
09-09 03:45:54 [看门狗] 队伍数据连续读不到（908 轮），检查通道/面板
09-09 03:46:56 [看门狗] 队伍数据连续读不到（912 轮），检查通道/面板
09-09 03:47:56 [内存] 已修剪 5 个游戏进程：704.2MB → 117.4MB（释放 586.8MB）
09-09 03:47:59 [看门狗] 队伍数据连续读不到（916 轮），检查通道/面板
09-09 03:49:01 [看门狗] 队伍数据连续读不到（920 轮），检查通道/面板
09-09 03:50:03 [看门狗] 队伍数据连续读不到（924 轮），检查通道/面板
09-09 03:51:06 [看门狗] 队伍数据连续读不到（928 轮），检查通道/面板
09-09 03:52:08 [看门狗] 队伍数据连续读不到（932 轮），检查通道/面板
09-09 03:53:12 [看门狗] 队伍数据连续读不到（936 轮），检查通道/面板
09-09 03:54:14 [看门狗] 队伍数据连续读不到（940 轮），检查通道/面板
09-09 03:55:16 [看门狗] 队伍数据连续读不到（944 轮），检查通道/面板
09-09 03:56:20 [看门狗] 队伍数据连续读不到（948 轮），检查通道/面板
09-09 03:57:23 [看门狗] 队伍数据连续读不到（952 轮），检查通道/面板
09-09 03:58:26 [看门狗] 队伍数据连续读不到（956 轮），检查通道/面板
09-09 03:59:28 [看门狗] 队伍数据连续读不到（960 轮），检查通道/面板
09-09 04:00:32 [看门狗] 队伍数据连续读不到（964 轮），检查通道/面板
09-09 04:01:34 [看门狗] 队伍数据连续读不到（968 轮），检查通道/面板
09-09 04:02:36 [看门狗] 队伍数据连续读不到（972 轮），检查通道/面板
09-09 04:03:38 [看门狗] 队伍数据连续读不到（976 轮），检查通道/面板
09-09 04:04:40 [看门狗] 队伍数据连续读不到（980 轮），检查通道/面板
09-09 04:05:42 [看门狗] 队伍数据连续读不到（984 轮），检查通道/面板
09-09 04:06:44 [看门狗] 队伍数据连续读不到（988 轮），检查通道/面板
09-09 04:07:47 [看门狗] 队伍数据连续读不到（992 轮），检查通道/面板
09-09 04:08:50 [看门狗] 队伍数据连续读不到（996 轮），检查通道/面板
09-09 04:09:52 [看门狗] 队伍数据连续读不到（1000 轮），检查通道/面板
09-09 04:10:54 [看门狗] 队伍数据连续读不到（1004 轮），检查通道/面板
09-09 04:11:57 [看门狗] 队伍数据连续读不到（1008 轮），检查通道/面板
09-09 04:13:01 [看门狗] 队伍数据连续读不到（1012 轮），检查通道/面板
09-09 04:14:03 [看门狗] 队伍数据连续读不到（1016 轮），检查通道/面板
09-09 04:15:05 [看门狗] 队伍数据连续读不到（1020 轮），检查通道/面板
09-09 04:16:07 [看门狗] 队伍数据连续读不到（1024 轮），检查通道/面板
09-09 04:17:09 [看门狗] 队伍数据连续读不到（1028 轮），检查通道/面板
09-09 04:17:56 [内存] 已修剪 5 个游戏进程：960.6MB → 123.9MB（释放 836.7MB）
09-09 04:18:13 [看门狗] 队伍数据连续读不到（1032 轮），检查通道/面板
09-09 04:19:15 [看门狗] 队伍数据连续读不到（1036 轮），检查通道/面板
09-09 04:20:18 [看门狗] 队伍数据连续读不到（1040 轮），检查通道/面板
09-09 04:21:21 [看门狗] 队伍数据连续读不到（1044 轮），检查通道/面板
09-09 04:22:25 [看门狗] 队伍数据连续读不到（1048 轮），检查通道/面板
09-09 04:23:27 [看门狗] 队伍数据连续读不到（1052 轮），检查通道/面板
09-09 04:24:29 [看门狗] 队伍数据连续读不到（1056 轮），检查通道/面板
09-09 04:25:32 [看门狗] 队伍数据连续读不到（1060 轮），检查通道/面板
09-09 04:26:35 [看门狗] 队伍数据连续读不到（1064 轮），检查通道/面板
09-09 04:27:38 [看门狗] 队伍数据连续读不到（1068 轮），检查通道/面板
09-09 04:28:40 [看门狗] 队伍数据连续读不到（1072 轮），检查通道/面板
09-09 04:29:42 [看门狗] 队伍数据连续读不到（1076 轮），检查通道/面板
09-09 04:30:45 [看门狗] 队伍数据连续读不到（1080 轮），检查通道/面板
09-09 04:31:47 [看门狗] 队伍数据连续读不到（1084 轮），检查通道/面板
09-09 04:32:51 [看门狗] 队伍数据连续读不到（1088 轮），检查通道/面板
09-09 04:33:54 [看门狗] 队伍数据连续读不到（1092 轮），检查通道/面板
09-09 04:34:58 [看门狗] 队伍数据连续读不到（1096 轮），检查通道/面板
09-09 04:36:00 [看门狗] 队伍数据连续读不到（1100 轮），检查通道/面板
09-09 04:37:02 [看门狗] 队伍数据连续读不到（1104 轮），检查通道/面板
09-09 04:38:04 [看门狗] 队伍数据连续读不到（1108 轮），检查通道/面板
09-09 06:31:57 squad_auto_team 日志已桥接到 GUI（组队内部步骤可见）
09-09 06:32:02 已启动队长进程 PID=7728，等待登录界面窗口…
09-09 06:32:02 已启动队员进程 PID=8020，等待登录界面窗口…
09-09 06:32:03 已启动队员进程 PID=10608，等待登录界面窗口…
09-09 06:32:03 已启动队员进程 PID=10392，等待登录界面窗口…
09-09 06:32:04 已启动队员进程 PID=17520，等待登录界面窗口…
09-09 06:32:14 p10608 检测到登录界面，开始播种…
09-09 06:32:14 p17520 检测到登录界面，开始播种…
09-09 06:32:14 p8020 检测到登录界面，开始播种…
09-09 06:32:14 p10392 检测到登录界面，开始播种…
09-09 06:32:15 p7728 检测到登录界面，开始播种…
09-09 06:32:24 p10392 播种成功 ✓
09-09 06:32:24 p10392 重放 member#3 登录点击 4 步…
09-09 06:32:25 p10608 播种成功 ✓
09-09 06:32:25 p10608 重放 member#2 登录点击 4 步…
09-09 06:32:25 p8020 播种成功 ✓
09-09 06:32:25 p8020 重放 member#1 登录点击 4 步…
09-09 06:32:25 p17520 播种成功 ✓
09-09 06:32:25 p17520 重放 member#4 登录点击 4 步…
09-09 06:32:25 p7728 播种成功 ✓
09-09 06:32:25 p7728 重放 leader#1 登录点击 4 步…
09-09 06:32:27 [内存] 已修剪 5 个游戏进程：1.4GB → 23.3MB（释放 1.4GB）
09-09 06:32:32 p7728 登录点击重放完毕，等待进入场景…
09-09 06:32:32 p10392 登录点击重放完毕，等待进入场景…
09-09 06:32:33 p10608 登录点击重放完毕，等待进入场景…
09-09 06:32:33 p17520 登录点击重放完毕，等待进入场景…
09-09 06:32:33 p7728 检测到已登录 ✓
09-09 06:32:33 p10392 检测到已登录 ✓
09-09 06:32:34 p8020 登录点击重放完毕，等待进入场景…
09-09 06:32:35 p8020 检测到已登录 ✓
09-09 06:32:35 p10608 检测到已登录 ✓
09-09 06:32:35 p17520 检测到已登录 ✓
09-09 06:38:14 [autoTeam] Lua 队伍读数 0/5 未满员 → 走组队流程
09-09 06:38:14 [autoTeam] 阶段1: 4 名队员并行传送 大唐官府（队长由阶段2 负责）
09-09 06:38:23 p10608 传送完成 ✓
09-09 06:38:23 p17520 传送完成 ✓
09-09 06:38:23 p8020 传送完成 ✓
09-09 06:38:23 p10392 传送完成 ✓
09-09 06:38:23 [autoTeam] 阶段2: 队长走位[139,80]
09-09 06:38:23 [sat] 队长准备: 传送 大唐官府 + 走位 [139,80]
09-09 06:38:33 [sat] 队长当前位置: (2640.0, 1660.0)（第1次传送后）
09-09 06:38:33 [sat] 走位点击 (540,240)（偏差 140,-60）——途中不点组队图标
09-09 06:38:38 [sat] 队长已就位: (2778.4416290688, 1600.6678732562)（目标 (2780.0, 1600.0)，±3 格容差）
09-09 06:38:38 [autoTeam] 阶段3: 建队
09-09 06:38:39 [sat] 建队第1次 脚底屏幕位 (418,292) → 身体点上移 50
09-09 06:38:43 [sat] 建队第1次 顶栏stats（应为 1）: ((1, 0, '二号美人'),)
09-09 06:38:43 [autoTeam] 阶段4: 4 名队员并行申请入队
09-09 06:38:44 [sat] p17520: 已与队长同图(大唐官府)，直接申请
09-09 06:38:44 [sat] p10608: 已与队长同图(大唐官府)，直接申请
09-09 06:38:44 [sat] p8020: 已与队长同图(大唐官府)，直接申请
09-09 06:38:44 [sat] p10392: 已与队长同图(大唐官府)，直接申请
09-09 06:38:48 [sat] p17520: 已点队长身体 (538,240)（第1次申请）
09-09 06:38:48 [sat] p10608: 已点队长身体 (538,240)（第1次申请）
09-09 06:38:48 [sat] p8020: 已点队长身体 (538,240)（第1次申请）
09-09 06:38:48 [sat] p10392: 已点队长身体 (538,240)（第1次申请）
09-09 06:38:58 [sat] p10608: 已点队长身体 (538,240)（第2次申请）
09-09 06:38:59 [sat] p8020: 已点队长身体 (538,240)（第2次申请）
09-09 06:38:59 [sat] p17520: 已点队长身体 (538,240)（第2次申请）
09-09 06:39:00 [sat] p10392: 已点队长身体 (538,240)（第2次申请）
09-09 06:39:05 [sat] p8020: 申请轮次结束（是否入队由队长批准裁决）
09-09 06:39:07 [sat] p10608: 申请轮次结束（是否入队由队长批准裁决）
09-09 06:39:07 [sat] p17520: 申请轮次结束（是否入队由队长批准裁决）
09-09 06:39:09 [sat] p10392: 申请轮次结束（是否入队由队长批准裁决）
09-09 06:39:09 [autoTeam] 阶段5: 队长批准申请
09-09 06:39:11 [sat] 当前成员数: 1（目标 5）
09-09 06:39:16 [sat] 当前成员数: 2（目标 5）
09-09 06:39:21 [sat] 当前成员数: 3（目标 5）
09-09 06:39:26 [sat] 当前成员数: 4（目标 5）
09-09 06:39:30 [sat] 当前成员数: 5（目标 5）
09-09 06:39:30 [autoTeam] 批准结束: 成员=5/目标=5
09-09 06:39:38 [sat] 阵法验证: 天覆阵/4
09-09 06:39:38 [autoTeam] 天覆阵完成 ✓
09-09 06:39:39 p7728 已拉起任务脚本（队长·二号美人 gw=file://pzxy_p7728）
09-09 06:39:39 p8020 已拉起任务脚本（队员·三号美人 gw=file://pzxy_p8020）
09-09 06:39:39 p10608 已拉起任务脚本（队员·这是帅哥 gw=file://pzxy_p10608）
09-09 06:39:39 p10392 已拉起任务脚本（队员·这是猛男 gw=file://pzxy_p10392）
09-09 06:39:40 p17520 已拉起任务脚本（队员·一号美人 gw=file://pzxy_p17520）
09-09 06:39:40 [autoTeam] 组队+任务脚本启动完成
09-09 06:39:40 [看门狗] 启动（目标 5 人，每 15s 判定）
09-09 06:39:49 [暂停] 自动化冻结：停任务脚本，看门狗/掉线闭环挂起（可人工接管）
09-09 06:39:50 已打断 p7728 任务脚本（系统 PID 3936）
09-09 06:39:50 已打断 p8020 任务脚本（系统 PID 5488）
09-09 06:39:50 已打断 p10608 任务脚本（系统 PID 18472）
09-09 06:39:51 已打断 p10392 任务脚本（系统 PID 3444）
09-09 06:39:51 已打断 p17520 任务脚本（系统 PID 12856）
09-09 06:39:51 [暂停] 完成：任务脚本已全部停止
09-09 06:42:52 [暂停中] 请先点【恢复挂机】再启动脚本
09-09 06:42:54 [恢复] 解冻：跳过组队，按角色直接拉起任务脚本
09-09 06:42:54 p7728 已拉起任务脚本（队长·二号美人 gw=file://pzxy_p7728）
09-09 06:42:55 p8020 已拉起任务脚本（队员·三号美人 gw=file://pzxy_p8020）
09-09 06:42:55 p10608 已拉起任务脚本（队员·这是帅哥 gw=file://pzxy_p10608）
09-09 06:42:55 p10392 已拉起任务脚本（队员·这是猛男 gw=file://pzxy_p10392）
09-09 06:42:55 p17520 已拉起任务脚本（队员·一号美人 gw=file://pzxy_p17520）
09-09 06:42:55 [恢复] 完成：任务脚本已拉起，看门狗/掉线闭环恢复（缺员时看门狗自动补组）
09-09 06:44:48 [看门狗] 心跳: 5/5
09-09 06:46:54 [看门狗] 心跳: 5/5
09-09 06:47:57 [看门狗] 队伍数据连续读不到（20 轮），检查通道/面板
09-09 06:48:59 [看门狗] 队伍数据连续读不到（24 轮），检查通道/面板
09-09 06:50:03 [看门狗] 队伍数据连续读不到（28 轮），检查通道/面板
09-09 06:51:05 [看门狗] 队伍数据连续读不到（32 轮），检查通道/面板
09-09 06:52:08 [看门狗] 队伍数据连续读不到（36 轮），检查通道/面板
09-09 06:53:10 [看门狗] 队伍数据连续读不到（40 轮），检查通道/面板
09-09 06:54:12 [看门狗] 队伍数据连续读不到（44 轮），检查通道/面板
09-09 06:55:15 [看门狗] 队伍数据连续读不到（48 轮），检查通道/面板
09-09 06:55:37 [暂停] 自动化冻结：停任务脚本，看门狗/掉线闭环挂起（可人工接管）
09-09 06:55:38 已打断 p7728 任务脚本（系统 PID 16480）
09-09 06:55:38 已打断 p8020 任务脚本（系统 PID 17112）
09-09 06:55:38 已打断 p10608 任务脚本（系统 PID 2500）
09-09 06:55:39 已打断 p10392 任务脚本（系统 PID 13696）
09-09 06:55:39 已打断 p17520 任务脚本（系统 PID 17820）
09-09 06:55:39 [暂停] 完成：任务脚本已全部停止
09-09 07:02:28 [内存] 已修剪 5 个游戏进程：2.8GB → 156.4MB（释放 2.7GB）
09-09 07:04:36 squad_auto_team 日志已桥接到 GUI（组队内部步骤可见）
09-09 07:04:39 已启动队员进程 PID=6836，等待登录界面窗口…
09-09 07:04:40 已启动队员进程 PID=15040，等待登录界面窗口…
09-09 07:04:40 p6836 检测到登录界面，开始播种…
09-09 07:04:40 已启动队员进程 PID=6972，等待登录界面窗口…
09-09 07:04:41 p15040 检测到登录界面，开始播种…
09-09 07:04:41 已启动队员进程 PID=8724，等待登录界面窗口…
09-09 07:04:42 p8724 检测到登录界面，开始播种…
09-09 07:04:42 已启动队长进程 PID=3468，等待登录界面窗口…
09-09 07:04:42 p6972 检测到登录界面，开始播种…
09-09 07:04:43 p3468 检测到登录界面，开始播种…
09-09 07:04:48 p6836 播种成功 ✓
09-09 07:04:48 p6836 重放 member#1 登录点击 4 步…
09-09 07:04:49 p8724 播种成功 ✓
09-09 07:04:49 p8724 重放 member#4 登录点击 4 步…
09-09 07:04:49 p15040 播种成功 ✓
09-09 07:04:49 p15040 重放 member#2 登录点击 4 步…
09-09 07:04:49 p6972 播种成功 ✓
09-09 07:04:49 p6972 重放 member#3 登录点击 4 步…
09-09 07:04:50 p3468 播种成功 ✓
09-09 07:04:50 p3468 重放 leader#1 登录点击 4 步…
09-09 07:04:56 p3468 登录点击重放完毕，等待进入场景…
09-09 07:04:57 p8724 登录点击重放完毕，等待进入场景…
09-09 07:04:57 p6836 登录点击重放完毕，等待进入场景…
09-09 07:04:57 p6972 登录点击重放完毕，等待进入场景…
09-09 07:04:57 p15040 登录点击重放完毕，等待进入场景…
09-09 07:04:58 p6836 检测到已登录 ✓
09-09 07:04:58 p6972 检测到已登录 ✓
09-09 07:04:58 p8724 检测到已登录 ✓
09-09 07:04:58 p3468 检测到已登录 ✓
09-09 07:05:00 p15040 检测到已登录 ✓
09-09 07:05:06 [内存] 已修剪 5 个游戏进程：1.7GB → 61.8MB（释放 1.7GB）
09-09 07:05:10 [autoTeam] Lua 队伍读数 0/5 未满员 → 走组队流程
09-09 07:05:10 [autoTeam] 阶段1: 4 名队员并行传送 大唐官府（队长由阶段2 负责）
09-09 07:05:19 p6836 传送完成 ✓
09-09 07:05:19 p8724 传送完成 ✓
09-09 07:05:19 p15040 传送完成 ✓
09-09 07:05:20 p6972 传送完成 ✓
09-09 07:05:20 [autoTeam] 阶段2: 队长走位[139,80]
09-09 07:05:20 [sat] 队长准备: 传送 大唐官府 + 走位 [139,80]
09-09 07:05:29 [sat] 队长当前位置: (2640.0, 1660.0)（第1次传送后）
09-09 07:05:29 [sat] 走位点击 (540,240)（偏差 140,-60）——途中不点组队图标
09-09 07:05:31 p15040 进程已死（状态=组队中）→ 重启闭环
09-09 07:05:31 p15040 已重启为新进程 PID=5116，等待登录界面…
09-09 07:05:33 p5116 检测到登录界面，开始播种…
09-09 07:05:34 [sat] 队长已就位: (2778.1291197073, 1600.8018058397)（目标 (2780.0, 1600.0)，±3 格容差）
09-09 07:05:34 [autoTeam] 阶段3: 建队
09-09 07:05:36 [sat] 建队第1次 脚底屏幕位 (417,292) → 身体点上移 50
09-09 07:05:39 [sat] 建队第1次 顶栏stats（应为 1）: ((1, 0, '二号美人'),)
09-09 07:05:39 [autoTeam] 阶段4: 4 名队员并行申请入队
09-09 07:05:40 p5116 播种成功 ✓
09-09 07:05:40 p15040 → 新 PID=5116 播种/登录流程接管完成
09-09 07:05:40 p5116 重放 member#2 登录点击 4 步…
09-09 07:05:40 [sat] p6836: 已与队长同图(大唐官府)，直接申请
09-09 07:05:40 [sat] p8724: 已与队长同图(大唐官府)，直接申请
09-09 07:05:41 [sat] p6972: 已与队长同图(大唐官府)，直接申请
09-09 07:05:45 [sat] p6836: 已点队长身体 (538,240)（第1次申请）
09-09 07:05:45 [sat] p8724: 已点队长身体 (538,240)（第1次申请）
09-09 07:05:45 [sat] p6972: 已点队长身体 (538,240)（第1次申请）
09-09 07:05:48 p5116 登录点击重放完毕，等待进入场景…
09-09 07:05:49 p5116 检测到已登录 ✓
09-09 07:05:52 [sat] p5116: 已点队长身体 (538,240)（第1次申请）
09-09 07:05:55 [sat] p6836: 已点队长身体 (538,240)（第2次申请）
09-09 07:05:56 [sat] p8724: 已点队长身体 (538,240)（第2次申请）
09-09 07:05:56 [sat] p6972: 已点队长身体 (538,240)（第2次申请）
09-09 07:06:02 [sat] p6836: 申请轮次结束（是否入队由队长批准裁决）
09-09 07:06:04 [sat] p8724: 申请轮次结束（是否入队由队长批准裁决）
09-09 07:06:04 [sat] p5116: 已点队长身体 (538,240)（第2次申请）
09-09 07:06:05 [sat] p6972: 申请轮次结束（是否入队由队长批准裁决）
09-09 07:06:11 [sat] p5116: 申请轮次结束（是否入队由队长批准裁决）
09-09 07:06:11 [autoTeam] 阶段5: 队长批准申请
09-09 07:06:13 [sat] 当前成员数: 1（目标 5）
09-09 07:06:18 [sat] 当前成员数: 2（目标 5）
09-09 07:06:23 [sat] 当前成员数: 3（目标 5）
09-09 07:06:27 [sat] 当前成员数: 4（目标 5）
09-09 07:06:32 [sat] 当前成员数: 5（目标 5）
09-09 07:06:32 [autoTeam] 批准结束: 成员=5/目标=5
09-09 07:06:39 [sat] 阵法验证: 天覆阵/4
09-09 07:06:39 [autoTeam] 天覆阵完成 ✓
09-09 07:06:40 p6836 已拉起任务脚本（队员·三号美人 gw=file://pzxy_p6836）
09-09 07:06:40 p5116 已拉起任务脚本（队员·这是帅哥 gw=file://pzxy_p5116）
09-09 07:06:40 p6972 已拉起任务脚本（队员·这是猛男 gw=file://pzxy_p6972）
09-09 07:06:41 p8724 已拉起任务脚本（队员·一号美人 gw=file://pzxy_p8724）
09-09 07:06:41 p3468 已拉起任务脚本（队长·二号美人 gw=file://pzxy_p3468）
09-09 07:06:41 [autoTeam] 组队+任务脚本启动完成
09-09 07:06:41 [看门狗] 启动（目标 5 人，每 15s 判定）
09-09 07:08:48 [看门狗] 心跳: 5/5
09-09 07:15:05 [看门狗] 心跳: 5/5
09-09 07:17:09 [看门狗] 心跳: 5/5
09-09 07:25:22 [看门狗] 心跳: 5/5
09-09 07:27:26 [看门狗] 心跳: 5/5
09-09 07:29:30 [看门狗] 心跳: 5/5
09-09 07:31:35 [看门狗] 心跳: 5/5
09-09 07:33:39 [看门狗] 心跳: 5/5
09-09 07:35:06 [内存] 已修剪 5 个游戏进程：3.0GB → 96.1MB（释放 2.9GB）
09-09 07:35:44 [看门狗] 心跳: 5/5
09-09 07:37:48 [看门狗] 心跳: 5/5
09-09 07:39:53 [看门狗] 心跳: 5/5
09-09 07:41:57 [看门狗] 心跳: 5/5
09-09 07:44:02 [看门狗] 心跳: 5/5
09-09 07:46:06 [看门狗] 心跳: 5/5
09-09 07:48:10 [看门狗] 心跳: 5/5
09-09 07:50:14 [看门狗] 心跳: 5/5
09-09 07:51:28 squad_auto_team 日志已桥接到 GUI（组队内部步骤可见）
09-09 07:51:35 已启动队长进程 PID=17640，等待登录界面窗口…
09-09 07:51:36 已启动队员进程 PID=9320，等待登录界面窗口…
09-09 07:51:36 p17640 检测到登录界面，开始播种…
09-09 07:51:36 已启动队员进程 PID=9140，等待登录界面窗口…
09-09 07:51:37 已启动队员进程 PID=18092，等待登录界面窗口…
09-09 07:51:37 p9320 检测到登录界面，开始播种…
09-09 07:51:37 已启动队员进程 PID=18840，等待登录界面窗口…
09-09 07:51:38 p18092 检测到登录界面，开始播种…
09-09 07:51:38 p9140 检测到登录界面，开始播种…
09-09 07:51:39 p18840 检测到登录界面，开始播种…
09-09 07:51:42 p17640 播种成功 ✓
09-09 07:51:42 p17640 重放 leader#1 登录点击 4 步…
09-09 07:51:43 p9320 播种成功 ✓
09-09 07:51:43 p9320 重放 member#1 登录点击 4 步…
09-09 07:51:44 p18092 播种成功 ✓
09-09 07:51:44 p18092 重放 member#3 登录点击 4 步…
09-09 07:51:45 p9140 播种成功 ✓
09-09 07:51:45 p9140 重放 member#2 登录点击 4 步…
09-09 07:51:46 p18840 播种成功 ✓
09-09 07:51:46 p18840 重放 member#4 登录点击 4 步…
09-09 07:51:49 p17640 登录点击重放完毕，等待进入场景…
09-09 07:51:50 p17640 检测到已登录 ✓
09-09 07:51:52 p9320 登录点击重放完毕，等待进入场景…
09-09 07:51:52 p18092 登录点击重放完毕，等待进入场景…
09-09 07:51:53 p9140 登录点击重放完毕，等待进入场景…
09-09 07:51:54 p9320 检测到已登录 ✓
09-09 07:51:54 p9140 检测到已登录 ✓
09-09 07:51:54 p18092 检测到已登录 ✓
09-09 07:51:54 p18840 登录点击重放完毕，等待进入场景…
09-09 07:51:56 p18840 检测到已登录 ✓
09-09 07:51:58 [内存] 已修剪 5 个游戏进程：1.6GB → 43.4MB（释放 1.5GB）
09-09 07:52:18 [autoTeam] Lua 队伍读数 0/5 未满员 → 走组队流程
09-09 07:52:18 [autoTeam] 阶段1: 4 名队员并行传送 大唐官府（队长由阶段2 负责）
09-09 07:52:27 p9140 传送完成 ✓
09-09 07:52:28 p9320 传送完成 ✓
09-09 07:52:28 p18840 传送完成 ✓
09-09 07:52:28 p18092 传送完成 ✓
09-09 07:52:28 [autoTeam] 阶段2: 队长走位[139,80]
09-09 07:52:28 [sat] 队长准备: 传送 大唐官府 + 走位 [139,80]
09-09 07:52:38 [sat] 队长当前位置: (2640.0, 1660.0)（第1次传送后）
09-09 07:52:39 [sat] 走位点击 (540,240)（偏差 140,-60）——途中不点组队图标
09-09 07:52:43 [sat] 队长已就位: (2777.9728644445, 1600.8687723809)（目标 (2780.0, 1600.0)，±3 格容差）
09-09 07:52:43 [autoTeam] 阶段3: 建队
09-09 07:52:45 [sat] 建队第1次 脚底屏幕位 (417,292) → 身体点上移 50
09-09 07:52:48 [sat] 建队第1次 顶栏stats（应为 1）: ((1, 0, '二号美人'),)
09-09 07:52:48 [autoTeam] 阶段4: 4 名队员并行申请入队
09-09 07:52:49 [sat] p9320: 已与队长同图(大唐官府)，直接申请
09-09 07:52:50 [sat] p18840: 已与队长同图(大唐官府)，直接申请
09-09 07:52:50 [sat] p18092: 已与队长同图(大唐官府)，直接申请
09-09 07:52:50 [sat] p9140: 已与队长同图(大唐官府)，直接申请
09-09 07:52:54 [sat] p9320: 已点队长身体 (537,240)（第1次申请）
09-09 07:52:54 [sat] p18840: 已点队长身体 (537,240)（第1次申请）
09-09 07:52:55 [sat] p18092: 已点队长身体 (537,240)（第1次申请）
09-09 07:52:55 [sat] p9140: 已点队长身体 (537,240)（第1次申请）
09-09 07:53:06 [sat] p9140: 已点队长身体 (537,240)（第2次申请）
09-09 07:53:06 [sat] p18840: 已点队长身体 (537,240)（第2次申请）
09-09 07:53:07 [sat] p9320: 已点队长身体 (537,240)（第2次申请）
09-09 07:53:07 [sat] p18092: 已点队长身体 (537,240)（第2次申请）
09-09 07:53:13 [sat] p9140: 申请轮次结束（是否入队由队长批准裁决）
09-09 07:53:14 [sat] p9320: 申请轮次结束（是否入队由队长批准裁决）
09-09 07:53:14 [sat] p18840: 申请轮次结束（是否入队由队长批准裁决）
09-09 07:53:16 [sat] p18092: 申请轮次结束（是否入队由队长批准裁决）
09-09 07:53:16 [autoTeam] 阶段5: 队长批准申请
09-09 07:53:18 [sat] 当前成员数: 1（目标 5）
09-09 07:53:23 [sat] 当前成员数: 2（目标 5）
09-09 07:53:28 [sat] 当前成员数: 3（目标 5）
09-09 07:53:32 [sat] 当前成员数: 4（目标 5）
09-09 07:53:37 [sat] 当前成员数: 5（目标 5）
09-09 07:53:37 [autoTeam] 批准结束: 成员=5/目标=5
09-09 07:53:44 [sat] 阵法验证: 天覆阵/4
09-09 07:53:44 [autoTeam] 天覆阵完成 ✓
09-09 07:53:44 p17640 任务脚本启动失败: name 'cmd' is not defined
09-09 07:53:45 p9320 任务脚本启动失败: name 'cmd' is not defined
09-09 07:53:45 p9140 任务脚本启动失败: name 'cmd' is not defined
09-09 07:53:45 p18092 任务脚本启动失败: name 'cmd' is not defined
09-09 07:53:45 p18840 任务脚本启动失败: name 'cmd' is not defined
09-09 07:53:45 [autoTeam] 组队+任务脚本启动完成
09-09 07:53:45 [看门狗] 启动（目标 5 人，每 15s 判定）
09-09 07:53:46 已清理残留任务脚本（绑定死 PID 6836，系统 PID 10392）
09-09 07:53:46 已清理残留任务脚本（绑定死 PID 5116，系统 PID 15672）
09-09 07:53:46 已清理残留任务脚本（绑定死 PID 6972，系统 PID 18500）
09-09 07:53:46 已清理残留任务脚本（绑定死 PID 8724，系统 PID 7192）
09-09 07:54:17 p17640 任务脚本已死 → 自动补拉
09-09 07:54:17 p17640 任务脚本启动失败: name 'cmd' is not defined
09-09 07:54:17 p9320 任务脚本已死 → 自动补拉
09-09 07:54:17 p9320 任务脚本启动失败: name 'cmd' is not defined
09-09 07:54:18 p9140 任务脚本已死 → 自动补拉
09-09 07:54:18 p9140 任务脚本启动失败: name 'cmd' is not defined
09-09 07:54:18 p18092 任务脚本已死 → 自动补拉
09-09 07:54:18 p18092 任务脚本启动失败: name 'cmd' is not defined
09-09 07:54:19 p18840 任务脚本已死 → 自动补拉
09-09 07:54:19 p18840 任务脚本启动失败: name 'cmd' is not defined
09-09 07:55:21 p17640 任务脚本已死 → 自动补拉
09-09 07:55:21 p17640 任务脚本启动失败: name 'cmd' is not defined
09-09 07:55:22 p9320 任务脚本已死 → 自动补拉
09-09 07:55:22 p9320 任务脚本启动失败: name 'cmd' is not defined
09-09 07:55:22 p9140 任务脚本已死 → 自动补拉
09-09 07:55:22 p9140 任务脚本启动失败: name 'cmd' is not defined
09-09 07:55:23 p18092 任务脚本已死 → 自动补拉
09-09 07:55:23 p18092 任务脚本启动失败: name 'cmd' is not defined
09-09 07:55:23 p18840 任务脚本已死 → 自动补拉
09-09 07:55:23 p18840 任务脚本启动失败: name 'cmd' is not defined
09-09 07:55:55 [看门狗] 心跳: 5/5
09-09 07:56:26 p17640 任务脚本已死 → 自动补拉
09-09 07:56:26 p17640 任务脚本启动失败: name 'cmd' is not defined
09-09 07:56:26 p9320 任务脚本已死 → 自动补拉
09-09 07:56:27 p9320 任务脚本启动失败: name 'cmd' is not defined
09-09 07:56:27 p9140 任务脚本已死 → 自动补拉
09-09 07:56:27 p9140 任务脚本启动失败: name 'cmd' is not defined
09-09 07:56:27 p18092 任务脚本已死 → 自动补拉
09-09 07:56:27 p18092 任务脚本启动失败: name 'cmd' is not defined
09-09 07:56:28 p18840 任务脚本已死 → 自动补拉
09-09 07:56:28 p18840 任务脚本启动失败: name 'cmd' is not defined
09-09 07:57:30 p17640 任务脚本已死 → 自动补拉
09-09 07:57:31 p17640 任务脚本启动失败: name 'cmd' is not defined
09-09 07:57:31 p9320 任务脚本已死 → 自动补拉
09-09 07:57:31 p9320 任务脚本启动失败: name 'cmd' is not defined
09-09 07:57:31 p9140 任务脚本已死 → 自动补拉
09-09 07:57:32 p9140 任务脚本启动失败: name 'cmd' is not defined
09-09 07:57:32 p18092 任务脚本已死 → 自动补拉
09-09 07:57:32 p18092 任务脚本启动失败: name 'cmd' is not defined
09-09 07:57:32 p18840 任务脚本已死 → 自动补拉
09-09 07:57:33 p18840 任务脚本启动失败: name 'cmd' is not defined
09-09 07:58:04 [看门狗] 心跳: 5/5
09-09 07:58:35 p17640 任务脚本已死 → 自动补拉
09-09 07:58:35 p17640 任务脚本启动失败: name 'cmd' is not defined
09-09 07:58:36 p9320 任务脚本已死 → 自动补拉
09-09 07:58:36 p9320 任务脚本启动失败: name 'cmd' is not defined
09-09 07:58:36 p9140 任务脚本已死 → 自动补拉
09-09 07:58:36 p9140 任务脚本启动失败: name 'cmd' is not defined
09-09 07:58:37 p18092 任务脚本已死 → 自动补拉
09-09 07:58:37 p18092 任务脚本启动失败: name 'cmd' is not defined
09-09 07:58:37 p18840 任务脚本已死 → 自动补拉
09-09 07:58:37 p18840 任务脚本启动失败: name 'cmd' is not defined
09-09 07:59:40 p17640 任务脚本已死 → 自动补拉
09-09 07:59:40 p17640 任务脚本启动失败: name 'cmd' is not defined
09-09 07:59:40 p9320 任务脚本已死 → 自动补拉
09-09 07:59:41 p9320 任务脚本启动失败: name 'cmd' is not defined
09-09 07:59:41 p9140 任务脚本已死 → 自动补拉
09-09 07:59:41 p9140 任务脚本启动失败: name 'cmd' is not defined
09-09 07:59:41 p18092 任务脚本已死 → 自动补拉
09-09 07:59:42 p18092 任务脚本启动失败: name 'cmd' is not defined
09-09 07:59:42 p18840 任务脚本已死 → 自动补拉
09-09 07:59:42 p18840 任务脚本启动失败: name 'cmd' is not defined
09-09 08:00:14 [看门狗] 心跳: 5/5
09-09 08:00:45 p17640 任务脚本已死 → 自动补拉
09-09 08:00:45 p17640 任务脚本启动失败: name 'cmd' is not defined
09-09 08:00:45 p9320 任务脚本已死 → 自动补拉
09-09 08:00:46 p9320 任务脚本启动失败: name 'cmd' is not defined
09-09 08:00:46 p9140 任务脚本已死 → 自动补拉
09-09 08:00:46 p9140 任务脚本启动失败: name 'cmd' is not defined
09-09 08:00:46 p18092 任务脚本已死 → 自动补拉
09-09 08:00:47 p18092 任务脚本启动失败: name 'cmd' is not defined
09-09 08:00:47 p18840 任务脚本已死 → 自动补拉
09-09 08:00:47 p18840 任务脚本启动失败: name 'cmd' is not defined
09-09 08:01:50 p17640 任务脚本已死 → 自动补拉
09-09 08:01:50 p17640 任务脚本启动失败: name 'cmd' is not defined
09-09 08:01:50 p9320 任务脚本已死 → 自动补拉
09-09 08:01:50 p9320 任务脚本启动失败: name 'cmd' is not defined
09-09 08:01:51 p9140 任务脚本已死 → 自动补拉
09-09 08:01:51 p9140 任务脚本启动失败: name 'cmd' is not defined
09-09 08:01:51 p18092 任务脚本已死 → 自动补拉
09-09 08:01:51 p18092 任务脚本启动失败: name 'cmd' is not defined
09-09 08:01:52 p18840 任务脚本已死 → 自动补拉
09-09 08:01:52 p18840 任务脚本启动失败: name 'cmd' is not defined
09-09 08:02:24 [看门狗] 心跳: 5/5
09-09 08:02:54 p17640 任务脚本已死 → 自动补拉
09-09 08:02:55 p17640 任务脚本启动失败: name 'cmd' is not defined
09-09 08:02:55 p9320 任务脚本已死 → 自动补拉
09-09 08:02:55 p9320 任务脚本启动失败: name 'cmd' is not defined
09-09 08:02:55 p9140 任务脚本已死 → 自动补拉
09-09 08:02:56 p9140 任务脚本启动失败: name 'cmd' is not defined
09-09 08:02:56 p18092 任务脚本已死 → 自动补拉
09-09 08:02:56 p18092 任务脚本启动失败: name 'cmd' is not defined
09-09 08:02:56 p18840 任务脚本已死 → 自动补拉
09-09 08:02:57 p18840 任务脚本启动失败: name 'cmd' is not defined
09-09 08:03:38 p17640 掉线判定: 窗口/标题异常 → 重启闭环
09-09 08:03:38 p9320 掉线判定: 窗口/标题异常 → 重启闭环
09-09 08:03:38 p9140 掉线判定: 窗口/标题异常 → 重启闭环
09-09 08:03:38 p18092 掉线判定: 窗口/标题异常 → 重启闭环
09-09 08:03:38 p18840 掉线判定: 窗口/标题异常 → 重启闭环
09-09 08:03:39 p9140 旧游戏进程卡死，已强制结束
09-09 08:03:39 p18092 旧游戏进程卡死，已强制结束
09-09 08:03:39 p17640 旧游戏进程卡死，已强制结束
09-09 08:03:39 p9320 旧游戏进程卡死，已强制结束
09-09 08:03:39 p18840 旧游戏进程卡死，已强制结束
09-09 08:03:40 p18092 已重启为新进程 PID=11116，等待登录界面…
09-09 08:03:40 p9140 已重启为新进程 PID=13224，等待登录界面…
09-09 08:03:40 p17640 已重启为新进程 PID=8524，等待登录界面…
09-09 08:03:40 p9320 已重启为新进程 PID=11980，等待登录界面…
09-09 08:03:40 p18840 已重启为新进程 PID=20440，等待登录界面…
09-09 08:03:42 p11116 检测到登录界面，开始播种…
09-09 08:03:42 p13224 检测到登录界面，开始播种…
09-09 08:03:42 p8524 检测到登录界面，开始播种…
09-09 08:03:42 p11980 检测到登录界面，开始播种…
09-09 08:03:42 p20440 检测到登录界面，开始播种…
09-09 08:03:50 squad_auto_team 日志已桥接到 GUI（组队内部步骤可见）
09-09 08:03:56 已启动队员进程 PID=9244，等待登录界面窗口…
09-09 08:03:56 已启动队员进程 PID=15312，等待登录界面窗口…
09-09 08:03:57 p9244 检测到登录界面，开始播种…
09-09 08:03:57 已启动队员进程 PID=18460，等待登录界面窗口…
09-09 08:03:57 已启动队员进程 PID=16216，等待登录界面窗口…
09-09 08:03:58 p18460 检测到登录界面，开始播种…
09-09 08:03:58 已启动队长进程 PID=6316，等待登录界面窗口…
09-09 08:03:58 p15312 检测到登录界面，开始播种…
09-09 08:03:59 p6316 检测到登录界面，开始播种…
09-09 08:03:59 p16216 检测到登录界面，开始播种…
09-09 08:04:04 p18460 播种成功 ✓
09-09 08:04:04 p9244 播种成功 ✓
09-09 08:04:04 p18460 重放 member#3 登录点击 4 步…
09-09 08:04:04 p9244 重放 member#1 登录点击 4 步…
09-09 08:04:05 p15312 播种成功 ✓
09-09 08:04:05 p15312 重放 member#2 登录点击 4 步…
09-09 08:04:06 p16216 播种成功 ✓
09-09 08:04:06 p16216 重放 member#4 登录点击 4 步…
09-09 08:04:06 p6316 播种成功 ✓
09-09 08:04:06 p6316 重放 leader#1 登录点击 4 步…
09-09 08:04:12 p18460 登录点击重放完毕，等待进入场景…
09-09 08:04:12 p18460 检测到已登录 ✓
09-09 08:04:13 p9244 登录点击重放完毕，等待进入场景…
09-09 08:04:13 p6316 登录点击重放完毕，等待进入场景…
09-09 08:04:13 p15312 登录点击重放完毕，等待进入场景…
09-09 08:04:14 p9244 检测到已登录 ✓
09-09 08:04:14 p15312 检测到已登录 ✓
09-09 08:04:14 p6316 检测到已登录 ✓
09-09 08:04:14 p16216 登录点击重放完毕，等待进入场景…
09-09 08:04:16 p16216 检测到已登录 ✓
09-09 08:04:20 [内存] 已修剪 5 个游戏进程：1.5GB → 44.7MB（释放 1.5GB）
09-09 08:04:47 [autoTeam] Lua 队伍读数 0/5 未满员 → 走组队流程
09-09 08:04:47 [autoTeam] 阶段1: 4 名队员并行传送 大唐官府（队长由阶段2 负责）
09-09 08:04:55 p9244 传送完成 ✓
09-09 08:04:55 p16216 传送完成 ✓
09-09 08:04:55 p15312 传送完成 ✓
09-09 08:04:56 p18460 传送完成 ✓
09-09 08:04:56 [autoTeam] 阶段2: 队长走位[139,80]
09-09 08:04:56 [sat] 队长准备: 传送 大唐官府 + 走位 [139,80]
09-09 08:04:56 [sat] 队长已在锚点附近 (2775.0, 1550.0)，跳过传送直接就位
09-09 08:04:56 [autoTeam] 阶段3: 建队
09-09 08:04:57 [sat] 建队第1次 脚底屏幕位 (400,300) → 身体点上移 50
09-09 08:05:01 [sat] 建队第1次 顶栏stats（应为 1）: ((1, 0, '二号美人'),)
09-09 08:05:01 [autoTeam] 阶段4: 4 名队员并行申请入队
09-09 08:05:01 [sat] p9244: 已与队长同图(大唐官府)，直接申请
09-09 08:05:02 [sat] p16216: 已与队长同图(大唐官府)，直接申请
09-09 08:05:02 [sat] p15312: 已与队长同图(大唐官府)，直接申请
09-09 08:05:03 [sat] p18460: 已与队长同图(大唐官府)，直接申请
09-09 08:05:06 [sat] p9244: 已点队长身体 (535,190)（第1次申请）
09-09 08:05:06 [sat] p16216: 已点队长身体 (535,190)（第1次申请）
09-09 08:05:06 [sat] p15312: 已点队长身体 (535,190)（第1次申请）
09-09 08:05:06 [sat] p18460: 已点队长身体 (535,190)（第1次申请）
09-09 08:05:17 [sat] p9244: 已点队长身体 (535,190)（第2次申请）
09-09 08:05:17 [sat] p16216: 已点队长身体 (535,190)（第2次申请）
09-09 08:05:17 [sat] p15312: 已点队长身体 (535,190)（第2次申请）
09-09 08:05:18 [sat] p18460: 已点队长身体 (535,190)（第2次申请）
09-09 08:05:24 [sat] p15312: 申请轮次结束（是否入队由队长批准裁决）
09-09 08:05:25 [sat] p9244: 申请轮次结束（是否入队由队长批准裁决）
09-09 08:05:26 [sat] p16216: 申请轮次结束（是否入队由队长批准裁决）
09-09 08:05:26 [sat] p18460: 申请轮次结束（是否入队由队长批准裁决）
09-09 08:05:26 [autoTeam] 阶段5: 队长批准申请
09-09 08:05:28 [sat] 当前成员数: 1（目标 5）
09-09 08:05:33 [sat] 当前成员数: 2（目标 5）
09-09 08:05:38 [sat] 当前成员数: 3（目标 5）
09-09 08:05:43 [sat] 当前成员数: 4（目标 5）
09-09 08:05:48 [sat] 当前成员数: 5（目标 5）
09-09 08:05:48 [autoTeam] 批准结束: 成员=5/目标=5
09-09 08:05:55 [sat] 阵法验证: 天覆阵/4
09-09 08:05:55 [autoTeam] 天覆阵完成 ✓
09-09 08:05:56 p9244 已拉起任务脚本（队员·三号美人 gw=file://pzxy_p9244）
09-09 08:05:56 p15312 已拉起任务脚本（队员·这是帅哥 gw=file://pzxy_p15312）
09-09 08:05:56 p18460 已拉起任务脚本（队员·这是猛男 gw=file://pzxy_p18460）
09-09 08:05:56 p16216 已拉起任务脚本（队员·一号美人 gw=file://pzxy_p16216）
09-09 08:05:57 p6316 已拉起任务脚本（队长·二号美人 gw=file://pzxy_p6316）
09-09 08:05:57 [autoTeam] 组队+任务脚本启动完成
09-09 08:05:57 [看门狗] 启动（目标 5 人，每 15s 判定）
09-09 08:08:05 [看门狗] 心跳: 5/5
09-09 08:10:15 [看门狗] 心跳: 5/5
09-09 08:10:46 p15312 tp 状态消失（第1次，疑似服务器抹除）
09-09 08:10:49 p9244 tp 状态消失（第1次，疑似服务器抹除）
09-09 08:10:50 p6316 tp 状态消失（第1次，疑似服务器抹除）
09-09 08:10:52 p16216 tp 状态消失（第1次，疑似服务器抹除）
09-09 08:10:54 p18460 tp 状态消失（第1次，疑似服务器抹除）
09-09 08:11:05 p15312 tp 连续消失 3 次 → 杀游戏重启闭环
09-09 08:11:06 p15312 旧游戏进程卡死，已强制结束
09-09 08:11:07 p15312 已重启为新进程 PID=18656，等待登录界面…
09-09 08:11:07 p9244 tp 连续消失 3 次 → 杀游戏重启闭环
09-09 08:11:08 p18656 检测到登录界面，开始播种…
09-09 08:11:08 p9244 旧游戏进程卡死，已强制结束
09-09 08:11:09 p9244 已重启为新进程 PID=16072，等待登录界面…
09-09 08:11:09 p18460 tp 连续消失 3 次 → 杀游戏重启闭环
09-09 08:11:10 p16072 检测到登录界面，开始播种…
09-09 08:11:10 p18460 旧游戏进程卡死，已强制结束
09-09 08:11:11 p18460 已重启为新进程 PID=18808，等待登录界面…
09-09 08:11:12 p6316 tp 连续消失 3 次 → 杀游戏重启闭环
09-09 08:11:12 p18808 检测到登录界面，开始播种…
09-09 08:11:12 p6316 旧游戏进程卡死，已强制结束
09-09 08:11:13 p6316 已重启为新进程 PID=4220，等待登录界面…
09-09 08:11:14 p4220 检测到登录界面，开始播种…
09-09 08:11:14 p18656 播种成功 ✓
09-09 08:11:14 p15312 → 新 PID=18656 播种/登录流程接管完成
09-09 08:11:14 p18656 重放 member#2 登录点击 4 步…
09-09 08:11:16 p16072 播种成功 ✓
09-09 08:11:16 p16072 重放 member#1 登录点击 4 步…
09-09 08:11:16 p9244 → 新 PID=16072 播种/登录流程接管完成
09-09 08:11:18 p18808 播种成功 ✓
09-09 08:11:18 p18808 重放 member#3 登录点击 4 步…
09-09 08:11:18 p18460 → 新 PID=18808 播种/登录流程接管完成
09-09 08:11:20 p16216 tp 连续消失 3 次 → 杀游戏重启闭环
09-09 08:11:20 [看门狗] 队长 PID 变更 6316 → 4220，跟随新通道
09-09 08:11:20 p16216 旧游戏进程卡死，已强制结束
09-09 08:11:20 p4220 播种成功 ✓
09-09 08:11:20 p4220 重放 leader#1 登录点击 4 步…
09-09 08:11:20 p6316 → 新 PID=4220 播种/登录流程接管完成
09-09 08:11:21 p16216 已重启为新进程 PID=2268，等待登录界面…
09-09 08:11:22 p2268 检测到登录界面，开始播种…
09-09 08:11:22 p18656 登录点击重放完毕，等待进入场景…
09-09 08:11:24 p18656 检测到已登录 ✓
09-09 08:11:25 p16072 登录点击重放完毕，等待进入场景…
09-09 08:11:26 p18808 登录点击重放完毕，等待进入场景…
09-09 08:11:27 p4220 登录点击重放完毕，等待进入场景…
09-09 08:11:28 p18808 检测到已登录 ✓
09-09 08:11:29 p2268 播种成功 ✓
09-09 08:11:29 p2268 重放 member#4 登录点击 4 步…
09-09 08:11:29 p16216 → 新 PID=2268 播种/登录流程接管完成
09-09 08:11:30 p4220 检测到已登录 ✓
09-09 08:11:30 [sat] 队长准备: 传送 大唐官府 + 走位 [139,80]
09-09 08:11:30 [sat] p18656: tp/窗口不可用
09-09 08:11:33 [sat] p18808: tp/窗口不可用
09-09 08:11:36 [sat] p18656: tp/窗口不可用
09-09 08:11:37 p2268 登录点击重放完毕，等待进入场景…
09-09 08:11:38 p2268 检测到已登录 ✓
09-09 08:11:39 [sat] p18808: tp/窗口不可用
09-09 08:11:41 [sat] 队长当前位置: None（第1次传送后）
09-09 08:11:41 [sat] 面板读不到，按传送统一落点 [132,83] 兜底走位
09-09 08:11:41 [sat] [fail] tp 不可用
09-09 08:11:41 [sat] [warn] 第1轮走位未到锚点（pos=None）→ 重传送再来
09-09 08:11:42 [sat] p18656: tp/窗口不可用
09-09 08:11:44 [sat] p2268: tp/窗口不可用
09-09 08:11:46 [sat] p18808: tp/窗口不可用
09-09 08:11:46 [sat] 队长当前位置: None（第2次传送后）
09-09 08:11:46 [sat] 面板读不到，按传送统一落点 [132,83] 兜底走位
09-09 08:11:46 [sat] [fail] tp 不可用
09-09 08:11:46 [sat] [warn] 第2轮走位未到锚点（pos=None）→ 重传送再来
09-09 08:11:46 [sat] [fail] 队长两轮走位均未到达 [139,80]——本轮禁止队员归队（防打乱坐标）
09-09 08:11:48 p4220 已拉起任务脚本（队长·二号美人 gw=file://pzxy_p4220）
09-09 08:11:48 [sat] p18656: 申请轮次结束（是否入队由队长批准裁决）
09-09 08:11:50 [sat] p2268: tp/窗口不可用
09-09 08:11:50 p18656 任务脚本已死 → 自动补拉
09-09 08:11:51 p18656 已拉起任务脚本（队员·这是帅哥 gw=file://pzxy_p18656）
09-09 08:11:51 p18656 已拉起任务脚本（队员·这是帅哥 gw=file://pzxy_p18656）
09-09 08:11:52 [sat] p18808: 申请轮次结束（是否入队由队长批准裁决）
09-09 08:11:52 p18656 tp 状态消失（第1次，疑似服务器抹除）
09-09 08:11:54 p18808 已拉起任务脚本（队员·这是猛男 gw=file://pzxy_p18808）
09-09 08:11:55 p18808 tp 状态消失（第1次，疑似服务器抹除）
09-09 08:11:57 [sat] p2268: tp/窗口不可用
09-09 08:11:57 p4220 tp 状态消失（第1次，疑似服务器抹除）
09-09 08:12:03 [sat] p2268: 申请轮次结束（是否入队由队长批准裁决）
09-09 08:12:05 p2268 已拉起任务脚本（队员·一号美人 gw=file://pzxy_p2268）
09-09 08:12:05 p18808 tp 连续消失 3 次 → 杀游戏重启闭环
09-09 08:12:06 p18808 旧游戏进程卡死，已强制结束
09-09 08:12:07 p18808 已重启为新进程 PID=19932，等待登录界面…
09-09 08:12:08 p2268 tp 状态消失（第1次，疑似服务器抹除）
09-09 08:12:08 p19932 检测到登录界面，开始播种…
09-09 08:12:14 p18656 tp 连续消失 3 次 → 杀游戏重启闭环
09-09 08:12:14 p18656 旧游戏进程卡死，已强制结束
09-09 08:12:14 p19932 播种成功 ✓
09-09 08:12:14 p19932 重放 member#3 登录点击 4 步…
09-09 08:12:14 p18808 → 新 PID=19932 播种/登录流程接管完成
09-09 08:12:15 p18656 已重启为新进程 PID=12368，等待登录界面…
09-09 08:12:16 p4220 tp 连续消失 3 次 → 杀游戏重启闭环
09-09 08:12:16 p12368 检测到登录界面，开始播种…
09-09 08:12:16 p4220 旧游戏进程卡死，已强制结束
09-09 08:12:17 p4220 已重启为新进程 PID=18176，等待登录界面…
09-09 08:12:19 p18176 检测到登录界面，开始播种…
09-09 08:12:22 p19932 登录点击重放完毕，等待进入场景…
09-09 08:12:22 [看门狗] 队长 PID 变更 4220 → 18176，跟随新通道
09-09 08:12:22 p12368 播种成功 ✓
09-09 08:12:22 p12368 重放 member#2 登录点击 4 步…
09-09 08:12:22 p18656 → 新 PID=12368 播种/登录流程接管完成
09-09 08:12:24 p19932 检测到已登录 ✓
09-09 08:12:26 p18176 播种成功 ✓
09-09 08:12:26 p18176 重放 leader#1 登录点击 4 步…
09-09 08:12:26 p4220 → 新 PID=18176 播种/登录流程接管完成
09-09 08:12:31 p12368 登录点击重放完毕，等待进入场景…
09-09 08:12:32 p12368 检测到已登录 ✓
09-09 08:12:32 p18176 登录点击重放完毕，等待进入场景…
09-09 08:12:32 p2268 tp 连续消失 3 次 → 杀游戏重启闭环
09-09 08:12:33 p2268 旧游戏进程卡死，已强制结束
09-09 08:12:34 p2268 已重启为新进程 PID=484，等待登录界面…
09-09 08:12:34 p18176 检测到已登录 ✓
09-09 08:12:34 [sat] 队长准备: 传送 大唐官府 + 走位 [139,80]
09-09 08:12:35 p484 检测到登录界面，开始播种…
09-09 08:12:35 [sat] p19932: 已点队长身体 (535,190)（第1次申请）
09-09 08:12:41 p484 播种成功 ✓
09-09 08:12:41 p484 重放 member#4 登录点击 4 步…
09-09 08:12:41 p2268 → 新 PID=484 播种/登录流程接管完成
09-09 08:12:43 [sat] 队长当前位置: (2640.0, 1660.0)（第1次传送后）
09-09 08:12:44 [sat] 走位点击 (540,240)（偏差 140,-60）——途中不点组队图标
09-09 08:12:44 [sat] p12368: 已点队长身体 (535,190)（第1次申请）
09-09 08:12:47 [sat] p19932: 已点队长身体 (410,333)（第2次申请）
09-09 08:12:48 [sat] 队长已就位: (2778.1291194163, 1600.8018059645)（目标 (2780.0, 1600.0)，±3 格容差）
09-09 08:12:49 p484 登录点击重放完毕，等待进入场景…
09-09 08:12:50 p18176 已拉起任务脚本（队长·二号美人 gw=file://pzxy_p18176）
09-09 08:12:50 p484 检测到已登录 ✓
09-09 08:12:51 [sat] p484: 异图(江南野外≠队长大唐官府) 就地传送
09-09 08:12:53 [看门狗] 检测到缺员 0/5 → 打断抓鬼，启动补组队
09-09 08:12:53 已打断 p18176 任务脚本（系统 PID 9312）
09-09 08:12:53 [sat] 队长准备: 传送 大唐官府 + 走位 [139,80]
09-09 08:12:53 [sat] 队长已在锚点附近 (2778.1291194163, 1600.8018059645)，跳过传送直接就位
09-09 08:12:54 [看门狗] 队伍已散（0 人）→ 重新建队
09-09 08:12:55 [sat] 建队第1次 脚底屏幕位 (417,292) → 身体点上移 50
09-09 08:12:55 [sat] p12368: 已点队长身体 (412,332)（第2次申请）
09-09 08:12:58 [sat] p19932: 已点队长身体 (410,333)（第3次申请）
09-09 08:12:58 [sat] 建队第1次 顶栏stats（应为 1）: ((1, 0, '二号美人'),)
09-09 08:13:01 [sat] 当前成员数: 1（目标 5）
09-09 08:13:02 [sat] p484: 已点队长身体 (535,190)（第1次申请）
09-09 08:13:05 [sat] p12368: 已点队长身体 (412,332)（第3次申请）
09-09 08:13:06 [sat] 当前成员数: 2（目标 5）
09-09 08:13:06 [sat] p19932: 申请轮次结束（是否入队由队长批准裁决）
09-09 08:13:08 p19932 已拉起任务脚本（队员·这是猛男 gw=file://pzxy_p19932）
09-09 08:13:10 [sat] 当前成员数: 3（目标 5）
09-09 08:13:12 [sat] p12368: 申请轮次结束（是否入队由队长批准裁决）
09-09 08:13:13 [sat] p484: 已点队长身体 (535,190)（第2次申请）
09-09 08:13:15 p12368 已拉起任务脚本（队员·这是帅哥 gw=file://pzxy_p12368）
09-09 08:13:15 [sat] 当前成员数: 4（目标 5）
09-09 08:13:24 [sat] p484: 已点队长身体 (535,190)（第3次申请）
09-09 08:13:31 p5096 检测到系统弹窗(Galaxy2D For Lua) → 已点确定/关闭
09-09 08:13:33 [sat] p484: 申请轮次结束（是否入队由队长批准裁决）
09-09 08:13:35 p16072 进程已死（状态=待登录）→ 重启闭环
09-09 08:13:35 p16072 已重启为新进程 PID=4080，等待登录界面…
09-09 08:13:35 p484 已拉起任务脚本（队员·一号美人 gw=file://pzxy_p484）
09-09 08:13:36 p4080 检测到登录界面，开始播种…
09-09 08:13:41 组队/补组流程进行中，等本轮结束再暂停
09-09 08:13:42 p4080 播种成功 ✓
09-09 08:13:42 p4080 重放 member#1 登录点击 4 步…
09-09 08:13:42 p16072 → 新 PID=4080 播种/登录流程接管完成
09-09 08:13:47 [sat] 当前成员数: 3（目标 5）
09-09 08:13:51 p4080 登录点击重放完毕，等待进入场景…
09-09 08:13:53 p4080 检测到已登录 ✓
09-09 08:13:53 [sat] p4080: 异图(江南野外≠队长大唐官府) 就地传送
09-09 08:13:56 p18176 任务脚本已死 → 自动补拉
09-09 08:13:56 p18176 已拉起任务脚本（队长·二号美人 gw=file://pzxy_p18176）
09-09 08:14:05 [sat] p4080: 已点队长身体 (538,240)（第1次申请）
09-09 08:14:14 [sat] p4080: 异图(大唐官府≠队长长安城) 就地传送
09-09 08:14:26 [sat] p4080: 已点队长身体 (538,240)（第2次申请）
09-09 08:14:28 [看门狗] 心跳: 3/5
09-09 08:14:34 [sat] p4080: 异图(大唐官府≠队长长安城) 就地传送
09-09 08:14:40 p4080 进程已死（状态=组队中）→ 重启闭环
09-09 08:14:40 p12368 掉线判定: 窗口/标题异常 → 重启闭环
09-09 08:14:40 p19932 掉线判定: 窗口/标题异常 → 重启闭环
09-09 08:14:40 p484 掉线判定: 窗口/标题异常 → 重启闭环
09-09 08:14:40 p18176 进程已死（状态=已登录）→ 重启闭环
09-09 08:14:40 p4080 已重启为新进程 PID=20448，等待登录界面…
09-09 08:14:40 p19932 已重启为新进程 PID=13268，等待登录界面…
09-09 08:14:40 p18176 已重启为新进程 PID=17708，等待登录界面…
09-09 08:14:40 p12368 已重启为新进程 PID=11952，等待登录界面…
09-09 08:14:41 p484 旧游戏进程卡死，已强制结束
09-09 08:14:42 p484 已重启为新进程 PID=17240，等待登录界面…
09-09 08:14:58 squad_auto_team 日志已桥接到 GUI（组队内部步骤可见）
09-09 08:15:02 已启动队员进程 PID=19100，等待登录界面窗口…
09-09 08:15:02 已启动队员进程 PID=19952，等待登录界面窗口…
09-09 08:15:03 已启动队员进程 PID=5380，等待登录界面窗口…
09-09 08:15:03 已启动队员进程 PID=2772，等待登录界面窗口…
09-09 08:15:04 已启动队长进程 PID=19688，等待登录界面窗口…
09-09 08:15:04 p5380 检测到登录界面，开始播种…
09-09 08:15:04 p2772 检测到登录界面，开始播种…
09-09 08:15:04 p19100 检测到登录界面，开始播种…
09-09 08:15:04 p19952 检测到登录界面，开始播种…
09-09 08:15:05 p19688 检测到登录界面，开始播种…
09-09 08:15:10 p5380 播种成功 ✓
09-09 08:15:10 p5380 重放 member#3 登录点击 4 步…
09-09 08:15:16 p19100 播种成功 ✓
09-09 08:15:16 p19100 重放 member#1 登录点击 4 步…
09-09 08:15:17 p2772 播种成功 ✓
09-09 08:15:17 p2772 重放 member#4 登录点击 4 步…
09-09 08:15:18 p19688 播种成功 ✓
09-09 08:15:18 p19688 重放 leader#1 登录点击 4 步…
09-09 08:15:18 p5380 登录点击重放完毕，等待进入场景…
09-09 08:15:19 p19952 播种成功 ✓
09-09 08:15:19 p19952 重放 member#2 登录点击 4 步…
09-09 08:15:21 p5380 检测到已登录 ✓
09-09 08:15:24 p19688 登录点击重放完毕，等待进入场景…
09-09 08:15:25 p2772 登录点击重放完毕，等待进入场景…
09-09 08:15:25 p19100 登录点击重放完毕，等待进入场景…
09-09 08:15:27 p19100 检测到已登录 ✓
09-09 08:15:27 p2772 检测到已登录 ✓
09-09 08:15:27 p19688 检测到已登录 ✓
09-09 08:15:27 p19952 登录点击重放完毕，等待进入场景…
09-09 08:15:29 p19952 检测到已登录 ✓
09-09 08:15:29 [内存] 已修剪 5 个游戏进程：1.7GB → 48.9MB（释放 1.6GB）
09-09 08:16:53 已启动队员进程 PID=8256，等待登录界面窗口…
09-09 08:16:55 p8256 检测到登录界面，开始播种…
09-09 08:17:00 p8256 进程已死（状态=播种中）→ 重启闭环
09-09 08:17:00 p8256 已重启为新进程 PID=13372，等待登录界面…
09-09 08:17:01 p8256 播种失败：[2/4] 网关就绪，Lua state 已捕获 | [fail] 播种失败: rpc 调用失败: script has been destroyed | [4/4] 网关进程 20276 已终止（frida 退出）（3s 后重试）
09-09 08:17:02 p8256 进程已死（状态=播种中）→ 重启闭环
09-09 08:17:02 p13372 检测到登录界面，开始播种…
09-09 08:17:02 p8256 已重启为新进程 PID=18496，等待登录界面…
09-09 08:17:04 p18496 检测到登录界面，开始播种…
09-09 08:17:09 p18496 播种成功 ✓
09-09 08:17:09 p18496 等待手动登录（member#5 无登录录制：选中该实例点【录制登录点击】后手动登录一次即可）
09-09 08:17:09 p8256 → 新 PID=13372 播种/登录流程接管完成
09-09 08:17:14 p18496 播种成功(重试) ✓
09-09 08:17:14 p18496 等待手动登录（member#5 无登录录制：选中该实例点【录制登录点击】后手动登录一次即可）
09-09 08:17:14 p18496 播种成功 ✓
09-09 08:17:14 p18496 等待手动登录（member#5 无登录录制：选中该实例点【录制登录点击】后手动登录一次即可）
09-09 08:17:14 p8256 → 新 PID=18496 播种/登录流程接管完成
09-09 08:17:35 squad_auto_team 日志已桥接到 GUI（组队内部步骤可见）
09-09 08:17:40 没有已登录实例，无法启动脚本
09-09 08:17:47 squad_auto_team 日志已桥接到 GUI（组队内部步骤可见）
09-09 08:17:52 已启动队员进程 PID=4088，等待登录界面窗口…
09-09 08:17:52 已启动队员进程 PID=4884，等待登录界面窗口…
09-09 08:17:53 p4088 检测到登录界面，开始播种…
09-09 08:17:53 已启动队员进程 PID=16380，等待登录界面窗口…
09-09 08:17:53 已启动队员进程 PID=11960，等待登录界面窗口…
09-09 08:17:54 p16380 检测到登录界面，开始播种…
09-09 08:17:54 已启动队长进程 PID=5300，等待登录界面窗口…
09-09 08:17:54 p4884 检测到登录界面，开始播种…
09-09 08:17:55 p5300 检测到登录界面，开始播种…
09-09 08:17:55 p11960 检测到登录界面，开始播种…
09-09 08:18:00 p4088 播种成功 ✓
09-09 08:18:00 p4088 重放 member#1 登录点击 4 步…
09-09 08:18:00 p16380 播种成功 ✓
09-09 08:18:00 p16380 重放 member#3 登录点击 4 步…
09-09 08:18:01 p4884 播种成功 ✓
09-09 08:18:01 p4884 重放 member#2 登录点击 4 步…
09-09 08:18:02 p5300 播种成功 ✓
09-09 08:18:02 p5300 重放 leader#1 登录点击 4 步…
09-09 08:18:02 p11960 播种成功 ✓
09-09 08:18:02 p11960 重放 member#4 登录点击 4 步…
09-09 08:18:08 p16380 登录点击重放完毕，等待进入场景…
09-09 08:18:08 p5300 登录点击重放完毕，等待进入场景…
09-09 08:18:08 p4088 登录点击重放完毕，等待进入场景…
09-09 08:18:09 p4884 登录点击重放完毕，等待进入场景…
09-09 08:18:09 p4088 检测到已登录 ✓
09-09 08:18:09 p16380 检测到已登录 ✓
09-09 08:18:09 p5300 检测到已登录 ✓
09-09 08:18:10 p11960 登录点击重放完毕，等待进入场景…
09-09 08:18:11 p4884 检测到已登录 ✓
09-09 08:18:11 p11960 检测到已登录 ✓
09-09 08:18:16 [autoTeam] Lua 队伍读数 0/5 未满员 → 走组队流程
09-09 08:18:16 [autoTeam] 阶段1: 4 名队员并行传送 大唐官府（队长由阶段2 负责）
09-09 08:18:18 [内存] 已修剪 5 个游戏进程：1.7GB → 52.7MB（释放 1.7GB）
09-09 08:18:24 p11960 传送完成 ✓
09-09 08:18:24 p16380 传送完成 ✓
09-09 08:18:24 p4884 传送完成 ✓
09-09 08:18:25 p4088 传送完成 ✓
09-09 08:18:25 [autoTeam] 阶段2: 队长走位[139,80]
09-09 08:18:25 [sat] 队长准备: 传送 大唐官府 + 走位 [139,80]
09-09 08:18:34 [sat] 队长当前位置: (2640.0, 1660.0)（第1次传送后）
09-09 08:18:35 [sat] 走位点击 (540,240)（偏差 140,-60）——途中不点组队图标
09-09 08:18:39 [sat] 队长已就位: (2777.8166103459, 1600.9357384232)（目标 (2780.0, 1600.0)，±3 格容差）
09-09 08:18:39 [autoTeam] 阶段3: 建队
09-09 08:18:41 [sat] 建队第1次 脚底屏幕位 (418,292) → 身体点上移 50
09-09 08:18:44 [sat] 建队第1次 顶栏stats（应为 1）: ((1, 0, '二号美人'),)
09-09 08:18:44 [autoTeam] 阶段4: 4 名队员并行申请入队
09-09 08:18:45 [sat] p4088: 已与队长同图(大唐官府)，直接申请
09-09 08:18:46 [sat] p11960: 已与队长同图(大唐官府)，直接申请
09-09 08:18:46 [sat] p16380: 已与队长同图(大唐官府)，直接申请
09-09 08:18:46 [sat] p4884: 已与队长同图(大唐官府)，直接申请
09-09 08:18:50 [sat] p11960: 已点队长身体 (537,240)（第1次申请）
09-09 08:18:50 [sat] p4088: 已点队长身体 (537,240)（第1次申请）
09-09 08:18:51 [sat] p16380: 已点队长身体 (537,240)（第1次申请）
09-09 08:18:51 [sat] p4884: 已点队长身体 (537,240)（第1次申请）
09-09 08:19:01 [sat] p4088: 已点队长身体 (537,240)（第2次申请）
09-09 08:19:04 [sat] p11960: 已点队长身体 (537,240)（第2次申请）
09-09 08:19:04 [sat] p4884: 已点队长身体 (537,240)（第2次申请）
09-09 08:19:04 [sat] p16380: 已点队长身体 (537,240)（第2次申请）
09-09 08:19:10 [sat] p4088: 申请轮次结束（是否入队由队长批准裁决）
09-09 08:19:10 [sat] p16380: 申请轮次结束（是否入队由队长批准裁决）
09-09 08:19:11 [sat] p11960: 申请轮次结束（是否入队由队长批准裁决）
09-09 08:19:12 [sat] p4884: 申请轮次结束（是否入队由队长批准裁决）
09-09 08:19:12 [autoTeam] 阶段5: 队长批准申请
09-09 08:19:14 [sat] 当前成员数: 1（目标 5）
09-09 08:19:19 [sat] 当前成员数: 2（目标 5）
09-09 08:19:23 [sat] 当前成员数: 3（目标 5）
09-09 08:19:38 [sat] 当前成员数: 4（目标 5）
09-09 08:19:43 [sat] 当前成员数: 5（目标 5）
09-09 08:19:43 [autoTeam] 批准结束: 成员=5/目标=5
09-09 08:19:51 [sat] 阵法验证: 天覆阵/4
09-09 08:19:51 [autoTeam] 天覆阵完成 ✓
09-09 08:19:51 p4088 已拉起任务脚本（队员·三号美人 gw=file://pzxy_p4088）
09-09 08:19:52 p4884 已拉起任务脚本（队员·这是帅哥 gw=file://pzxy_p4884）
09-09 08:19:52 p16380 已拉起任务脚本（队员·这是猛男 gw=file://pzxy_p16380）
09-09 08:19:52 p11960 已拉起任务脚本（队员·一号美人 gw=file://pzxy_p11960）
09-09 08:19:52 p5300 已拉起任务脚本（队长·二号美人 gw=file://pzxy_p5300）
09-09 08:19:52 [autoTeam] 组队+任务脚本启动完成
09-09 08:19:52 [看门狗] 启动（目标 5 人，每 15s 判定）
09-09 08:26:26 [看门狗] 心跳: 5/5
09-09 08:28:36 [看门狗] 心跳: 5/5
09-09 08:30:44 [看门狗] 心跳: 5/5
09-09 08:37:06 [看门狗] 心跳: 5/5
09-09 08:39:12 [看门狗] 心跳: 5/5
09-09 08:39:44 p5300 任务脚本已死 → 自动补拉
09-09 08:39:44 p5300 已拉起任务脚本（队长·二号美人 gw=file://pzxy_p5300）
09-09 08:45:30 [看门狗] 心跳: 5/5
09-09 08:47:36 [看门狗] 心跳: 5/5
09-09 08:48:18 [内存] 已修剪 5 个游戏进程：2.9GB → 158.9MB（释放 2.8GB）
09-09 08:58:16 [看门狗] 心跳: 5/5
09-09 09:00:24 [看门狗] 心跳: 5/5
09-09 09:02:31 [看门狗] 心跳: 5/5
09-09 09:04:40 [看门狗] 心跳: 5/5
09-09 09:06:54 [看门狗] 心跳: 5/5
09-09 09:09:00 [看门狗] 心跳: 5/5
09-09 09:11:10 [看门狗] 心跳: 5/5
09-09 09:15:26 [看门狗] 心跳: 5/5
09-09 09:17:38 [看门狗] 心跳: 5/5
09-09 09:18:18 [内存] 已修剪 5 个游戏进程：2.6GB → 137.2MB（释放 2.5GB）
09-09 09:19:07 p16380 tp 状态消失（第1次，疑似服务器抹除）
09-09 09:19:09 p4884 tp 状态消失（第1次，疑似服务器抹除）
09-09 09:19:11 p4088 tp 状态消失（第1次，疑似服务器抹除）
09-09 09:19:12 p5300 tp 状态消失（第1次，疑似服务器抹除）
09-09 09:19:14 p11960 tp 状态消失（第1次，疑似服务器抹除）
09-09 09:19:25 p16380 tp 连续消失 3 次 → 杀游戏重启闭环
09-09 09:19:25 p16380 旧游戏进程卡死，已强制结束
09-09 09:19:26 p16380 已重启为新进程 PID=2720，等待登录界面…
09-09 09:19:27 p4884 tp 连续消失 3 次 → 杀游戏重启闭环
09-09 09:19:27 p2720 检测到登录界面，开始播种…
09-09 09:19:27 p4884 旧游戏进程卡死，已强制结束
09-09 09:19:28 p4884 已重启为新进程 PID=3988，等待登录界面…
09-09 09:19:29 p11960 tp 连续消失 3 次 → 杀游戏重启闭环
09-09 09:19:29 p3988 检测到登录界面，开始播种…
09-09 09:19:29 p11960 旧游戏进程卡死，已强制结束
09-09 09:19:30 p11960 已重启为新进程 PID=9464，等待登录界面…
09-09 09:19:32 p9464 检测到登录界面，开始播种…
09-09 09:19:33 p4088 tp 连续消失 3 次 → 杀游戏重启闭环
09-09 09:19:34 p4088 旧游戏进程卡死，已强制结束
09-09 09:19:35 p4088 已重启为新进程 PID=16864，等待登录界面…
09-09 09:19:36 p3988 播种成功 ✓
09-09 09:19:36 p3988 重放 member#2 登录点击 4 步…
09-09 09:19:36 p4884 → 新 PID=3988 播种/登录流程接管完成
09-09 09:19:37 p16864 检测到登录界面，开始播种…
09-09 09:19:37 p2720 播种成功 ✓
09-09 09:19:37 p2720 重放 member#3 登录点击 4 步…
09-09 09:19:37 p16380 → 新 PID=2720 播种/登录流程接管完成
09-09 09:19:39 p9464 播种成功 ✓
09-09 09:19:39 p9464 重放 member#4 登录点击 4 步…
09-09 09:19:39 p11960 → 新 PID=9464 播种/登录流程接管完成
09-09 09:19:39 p5300 tp 连续消失 3 次 → 杀游戏重启闭环
09-09 09:19:40 p5300 旧游戏进程卡死，已强制结束
09-09 09:19:41 p5300 已重启为新进程 PID=3392，等待登录界面…
09-09 09:19:43 p3392 检测到登录界面，开始播种…
09-09 09:19:43 p16864 播种成功 ✓
09-09 09:19:43 p16864 重放 member#1 登录点击 4 步…
09-09 09:19:43 p4088 → 新 PID=16864 播种/登录流程接管完成
09-09 09:19:44 p3988 登录点击重放完毕，等待进入场景…
09-09 09:19:44 p2720 登录点击重放完毕，等待进入场景…
09-09 09:19:45 p3988 检测到已登录 ✓
09-09 09:19:46 [看门狗] 队长 PID 变更 5300 → 3392，跟随新通道
09-09 09:19:47 p9464 登录点击重放完毕，等待进入场景…
09-09 09:19:47 p2720 检测到已登录 ✓
09-09 09:19:49 p3392 播种成功 ✓
09-09 09:19:49 p5300 → 新 PID=3392 播种/登录流程接管完成
09-09 09:19:49 p9464 检测到已登录 ✓
09-09 09:19:51 [sat] p3988: tp/窗口不可用
09-09 09:19:52 p16864 登录点击重放完毕，等待进入场景…
09-09 09:19:53 p16864 检测到已登录 ✓
09-09 09:19:53 [sat] p2720: tp/窗口不可用
09-09 09:19:55 [sat] p9464: tp/窗口不可用
09-09 09:19:56 p3392 登录点击重放完毕，等待进入场景…
09-09 09:19:57 p3392 检测到已登录 ✓
09-09 09:19:57 [sat] 队长准备: 传送 大唐官府 + 走位 [139,80]
09-09 09:19:57 [sat] p3988: tp/窗口不可用
09-09 09:19:59 [sat] p16864: tp/窗口不可用
09-09 09:20:00 [sat] p2720: tp/窗口不可用
09-09 09:20:02 [sat] p9464: tp/窗口不可用
09-09 09:20:04 [sat] p3988: tp/窗口不可用
09-09 09:20:06 [sat] p16864: tp/窗口不可用
09-09 09:20:06 [sat] p2720: tp/窗口不可用
09-09 09:20:08 [sat] p9464: tp/窗口不可用
09-09 09:20:08 [sat] 队长当前位置: None（第1次传送后）
09-09 09:20:08 [sat] 面板读不到，按传送统一落点 [132,83] 兜底走位
09-09 09:20:09 [sat] [fail] tp 不可用
09-09 09:20:09 [sat] [warn] 第1轮走位未到锚点（pos=None）→ 重传送再来
09-09 09:20:10 [sat] p3988: 申请轮次结束（是否入队由队长批准裁决）
09-09 09:20:12 [sat] p16864: tp/窗口不可用
09-09 09:20:12 [sat] p2720: 申请轮次结束（是否入队由队长批准裁决）
09-09 09:20:12 p3988 已拉起任务脚本（队员·这是帅哥 gw=file://pzxy_p3988）
09-09 09:20:13 [sat] 队长当前位置: None（第2次传送后）
09-09 09:20:13 [sat] 面板读不到，按传送统一落点 [132,83] 兜底走位
09-09 09:20:14 [sat] [fail] tp 不可用
09-09 09:20:14 [sat] [warn] 第2轮走位未到锚点（pos=None）→ 重传送再来
09-09 09:20:14 [sat] [fail] 队长两轮走位均未到达 [139,80]——本轮禁止队员归队（防打乱坐标）
09-09 09:20:14 [sat] p9464: 申请轮次结束（是否入队由队长批准裁决）
09-09 09:20:14 p2720 已拉起任务脚本（队员·这是猛男 gw=file://pzxy_p2720）
09-09 09:20:15 p3988 tp 状态消失（第1次，疑似服务器抹除）
09-09 09:20:16 p3392 已拉起任务脚本（队长·二号美人 gw=file://pzxy_p3392）
09-09 09:20:16 p9464 已拉起任务脚本（队员·一号美人 gw=file://pzxy_p9464）
09-09 09:20:18 [sat] p16864: 申请轮次结束（是否入队由队长批准裁决）
09-09 09:20:20 p16864 tp 状态消失（第1次，疑似服务器抹除）
09-09 09:20:20 p16864 已拉起任务脚本（队员·三号美人 gw=file://pzxy_p16864）
09-09 09:20:21 p3392 tp 状态消失（第1次，疑似服务器抹除）
09-09 09:20:24 p9464 tp 状态消失（第1次，疑似服务器抹除）
09-09 09:20:26 p2720 tp 状态消失（第1次，疑似服务器抹除）
09-09 09:20:28 p3988 tp 连续消失 3 次 → 杀游戏重启闭环
09-09 09:20:28 p3988 旧游戏进程卡死，已强制结束
09-09 09:20:29 p3988 已重启为新进程 PID=18744，等待登录界面…
09-09 09:20:30 p18744 检测到登录界面，开始播种…
09-09 09:20:32 p16864 tp 连续消失 3 次 → 杀游戏重启闭环
09-09 09:20:33 p16864 旧游戏进程卡死，已强制结束
09-09 09:20:34 p16864 已重启为新进程 PID=7744，等待登录界面…
09-09 09:20:36 p7744 检测到登录界面，开始播种…
09-09 09:20:37 p18744 播种成功 ✓
09-09 09:20:37 p18744 重放 member#2 登录点击 4 步…
09-09 09:20:37 p3988 → 新 PID=18744 播种/登录流程接管完成
09-09 09:20:42 p7744 播种成功 ✓
09-09 09:20:42 p7744 重放 member#1 登录点击 4 步…
09-09 09:20:42 p16864 → 新 PID=7744 播种/登录流程接管完成
09-09 09:20:43 p2720 tp 连续消失 3 次 → 杀游戏重启闭环
09-09 09:20:43 p2720 旧游戏进程卡死，已强制结束
09-09 09:20:44 p2720 已重启为新进程 PID=7704，等待登录界面…
09-09 09:20:45 p18744 登录点击重放完毕，等待进入场景…
09-09 09:20:45 p7704 检测到登录界面，开始播种…
09-09 09:20:46 p3392 tp 连续消失 3 次 → 杀游戏重启闭环
09-09 09:20:46 p3392 旧游戏进程卡死，已强制结束
09-09 09:20:47 p3392 已重启为新进程 PID=14592，等待登录界面…
09-09 09:20:48 p18744 检测到已登录 ✓
09-09 09:20:48 p14592 检测到登录界面，开始播种…
09-09 09:20:51 p7744 登录点击重放完毕，等待进入场景…
09-09 09:20:52 p7704 播种成功 ✓
09-09 09:20:52 p7704 重放 member#3 登录点击 4 步…
09-09 09:20:52 p2720 → 新 PID=7704 播种/登录流程接管完成
09-09 09:20:54 [sat] p18744: tp/窗口不可用
09-09 09:20:54 p7744 检测到已登录 ✓
09-09 09:20:54 p9464 tp 连续消失 3 次 → 杀游戏重启闭环
09-09 09:20:55 p9464 旧游戏进程卡死，已强制结束
09-09 09:20:55 p14592 播种成功 ✓
09-09 09:20:55 p14592 重放 leader#1 登录点击 4 步…
09-09 09:20:55 p3392 → 新 PID=14592 播种/登录流程接管完成
09-09 09:20:56 p9464 已重启为新进程 PID=19728，等待登录界面…
09-09 09:20:58 p19728 检测到登录界面，开始播种…
09-09 09:21:00 p7704 登录点击重放完毕，等待进入场景…
09-09 09:21:00 [sat] p18744: tp/窗口不可用
09-09 09:21:00 [sat] p7744: tp/窗口不可用
09-09 09:21:01 p14592 登录点击重放完毕，等待进入场景…
09-09 09:21:02 p7704 检测到已登录 ✓
09-09 09:21:02 p14592 检测到已登录 ✓
09-09 09:21:02 [sat] 队长准备: 传送 大唐官府 + 走位 [139,80]
09-09 09:21:03 [看门狗] 队长 PID 变更 3392 → 14592，跟随新通道
09-09 09:21:04 p19728 播种成功 ✓
09-09 09:21:04 p19728 重放 member#4 登录点击 4 步…
09-09 09:21:04 p9464 → 新 PID=19728 播种/登录流程接管完成
09-09 09:21:06 [sat] p18744: tp/窗口不可用
09-09 09:21:06 [sat] p7744: tp/窗口不可用
09-09 09:21:08 [sat] p7704: tp/窗口不可用
09-09 09:21:12 [sat] p18744: 申请轮次结束（是否入队由队长批准裁决）
09-09 09:21:12 p19728 登录点击重放完毕，等待进入场景…
09-09 09:21:12 [sat] p7744: tp/窗口不可用
09-09 09:21:13 [sat] 队长当前位置: None（第1次传送后）
09-09 09:21:13 [sat] 面板读不到，按传送统一落点 [132,83] 兜底走位
09-09 09:21:14 [sat] [fail] tp 不可用
09-09 09:21:14 [sat] [warn] 第1轮走位未到锚点（pos=None）→ 重传送再来
09-09 09:21:14 p19728 检测到已登录 ✓
09-09 09:21:14 p18744 已拉起任务脚本（队员·这是帅哥 gw=file://pzxy_p18744）
09-09 09:21:15 [sat] p7704: tp/窗口不可用
09-09 09:21:18 [sat] 队长当前位置: None（第2次传送后）
09-09 09:21:18 [sat] 面板读不到，按传送统一落点 [132,83] 兜底走位
09-09 09:21:18 p18744 tp 状态消失（第1次，疑似服务器抹除）
09-09 09:21:18 [sat] [fail] tp 不可用
09-09 09:21:18 [sat] [warn] 第2轮走位未到锚点（pos=None）→ 重传送再来
09-09 09:21:18 [sat] [fail] 队长两轮走位均未到达 [139,80]——本轮禁止队员归队（防打乱坐标）
09-09 09:21:18 [sat] p7744: 申请轮次结束（是否入队由队长批准裁决）
09-09 09:21:20 [sat] p19728: tp/窗口不可用
09-09 09:21:21 p14592 已拉起任务脚本（队长·二号美人 gw=file://pzxy_p14592）
09-09 09:21:21 p7744 已拉起任务脚本（队员·三号美人 gw=file://pzxy_p7744）
09-09 09:21:21 [sat] p7704: tp/窗口不可用
09-09 09:21:22 p7744 tp 状态消失（第1次，疑似服务器抹除）
09-09 09:21:26 [sat] p19728: tp/窗口不可用
09-09 09:21:27 p14592 tp 状态消失（第1次，疑似服务器抹除）
09-09 09:21:27 [sat] p7704: 申请轮次结束（是否入队由队长批准裁决）
09-09 09:21:29 p7704 已拉起任务脚本（队员·这是猛男 gw=file://pzxy_p7704）
09-09 09:21:31 p14592 tp 连续消失 3 次 → 杀游戏重启闭环
09-09 09:21:32 p14592 旧游戏进程卡死，已强制结束
09-09 09:21:32 [sat] p19728: tp/窗口不可用
09-09 09:21:33 p14592 已重启为新进程 PID=12800，等待登录界面…
09-09 09:21:35 p12800 检测到登录界面，开始播种…
09-09 09:21:38 p18744 tp 连续消失 3 次 → 杀游戏重启闭环
09-09 09:21:38 [sat] p19728: 申请轮次结束（是否入队由队长批准裁决）
09-09 09:21:39 p18744 旧游戏进程卡死，已强制结束
09-09 09:21:40 p18744 已重启为新进程 PID=5296，等待登录界面…
09-09 09:21:40 p19728 tp 状态消失（第1次，疑似服务器抹除）
09-09 09:21:40 p19728 已拉起任务脚本（队员·一号美人 gw=file://pzxy_p19728）
09-09 09:21:42 p5296 检测到登录界面，开始播种…
09-09 09:21:42 p12800 播种成功 ✓
09-09 09:21:42 p12800 重放 leader#1 登录点击 4 步…
09-09 09:21:42 p14592 → 新 PID=12800 播种/登录流程接管完成
09-09 09:21:44 p7744 tp 连续消失 3 次 → 杀游戏重启闭环
09-09 09:21:45 p7744 旧游戏进程卡死，已强制结束
09-09 09:21:46 p7744 已重启为新进程 PID=3492，等待登录界面…
09-09 09:21:48 p3492 检测到登录界面，开始播种…
09-09 09:21:48 p5296 播种成功 ✓
09-09 09:21:48 p5296 重放 member#2 登录点击 4 步…
09-09 09:21:48 p18744 → 新 PID=5296 播种/登录流程接管完成
09-09 09:21:48 p12800 登录点击重放完毕，等待进入场景…
09-09 09:21:48 [看门狗] 队长 PID 变更 14592 → 12800，跟随新通道
09-09 09:21:51 p19728 tp 连续消失 3 次 → 杀游戏重启闭环
09-09 09:21:51 p12800 检测到已登录 ✓
09-09 09:21:51 [sat] 队长准备: 传送 大唐官府 + 走位 [139,80]
09-09 09:21:51 p19728 旧游戏进程卡死，已强制结束
09-09 09:21:52 p19728 已重启为新进程 PID=19888，等待登录界面…
09-09 09:21:53 p19888 检测到登录界面，开始播种…
09-09 09:21:55 p3492 播种成功 ✓
09-09 09:21:55 p7744 → 新 PID=3492 播种/登录流程接管完成
09-09 09:21:55 p3492 重放 member#1 登录点击 4 步…
09-09 09:21:56 p5296 登录点击重放完毕，等待进入场景…
09-09 09:21:59 p5296 检测到已登录 ✓
09-09 09:21:59 p7704 tp 状态消失（第1次，疑似服务器抹除）
09-09 09:22:00 p19888 播种成功 ✓
09-09 09:22:00 p19888 重放 member#4 登录点击 4 步…
09-09 09:22:00 p19728 → 新 PID=19888 播种/登录流程接管完成
09-09 09:22:02 [sat] 队长当前位置: None（第1次传送后）
09-09 09:22:02 [sat] 面板读不到，按传送统一落点 [132,83] 兜底走位
09-09 09:22:02 [sat] [fail] tp 不可用
09-09 09:22:02 [sat] [warn] 第1轮走位未到锚点（pos=None）→ 重传送再来
09-09 09:22:03 p3492 登录点击重放完毕，等待进入场景…
09-09 09:22:05 [sat] p5296: tp/窗口不可用
09-09 09:22:05 p3492 检测到已登录 ✓
09-09 09:22:07 [sat] 队长当前位置: None（第2次传送后）
09-09 09:22:07 [sat] 面板读不到，按传送统一落点 [132,83] 兜底走位
09-09 09:22:07 [sat] [fail] tp 不可用
09-09 09:22:07 [sat] [warn] 第2轮走位未到锚点（pos=None）→ 重传送再来
09-09 09:22:07 [sat] [fail] 队长两轮走位均未到达 [139,80]——本轮禁止队员归队（防打乱坐标）
09-09 09:22:08 p19888 登录点击重放完毕，等待进入场景…
09-09 09:22:09 p12800 已拉起任务脚本（队长·二号美人 gw=file://pzxy_p12800）
09-09 09:22:09 p19888 检测到已登录 ✓
09-09 09:22:11 [sat] p5296: tp/窗口不可用
09-09 09:22:11 [sat] p3492: tp/窗口不可用
09-09 09:22:11 p7704 tp 连续消失 3 次 → 杀游戏重启闭环
09-09 09:22:12 p7704 旧游戏进程卡死，已强制结束
09-09 09:22:13 p7704 已重启为新进程 PID=19028，等待登录界面…
09-09 09:22:15 p19028 检测到登录界面，开始播种…
09-09 09:22:15 [sat] p19888: tp/窗口不可用
09-09 09:22:17 [sat] p5296: tp/窗口不可用
09-09 09:22:17 [sat] p3492: tp/窗口不可用
09-09 09:22:18 p12800 tp 状态消失（第1次，疑似服务器抹除）
09-09 09:22:21 p19028 播种成功 ✓
09-09 09:22:21 p19028 重放 member#3 登录点击 4 步…
09-09 09:22:21 p7704 → 新 PID=19028 播种/登录流程接管完成
09-09 09:22:22 [sat] p19888: tp/窗口不可用
09-09 09:22:23 [sat] p5296: 申请轮次结束（是否入队由队长批准裁决）
09-09 09:22:24 [sat] p3492: tp/窗口不可用
09-09 09:22:26 p5296 已拉起任务脚本（队员·这是帅哥 gw=file://pzxy_p5296）
09-09 09:22:28 p12800 tp 连续消失 3 次 → 杀游戏重启闭环
09-09 09:22:28 [sat] p19888: tp/窗口不可用
09-09 09:22:29 p12800 旧游戏进程卡死，已强制结束
09-09 09:22:29 p19028 登录点击重放完毕，等待进入场景…
09-09 09:22:30 [sat] p3492: 申请轮次结束（是否入队由队长批准裁决）
09-09 09:22:30 p12800 已重启为新进程 PID=14984，等待登录界面…
09-09 09:22:30 p19028 检测到已登录 ✓
09-09 09:22:32 p14984 检测到登录界面，开始播种…
09-09 09:22:32 p3492 已拉起任务脚本（队员·三号美人 gw=file://pzxy_p3492）
09-09 09:22:32 p5296 tp 状态消失（第1次，疑似服务器抹除）
09-09 09:22:34 [sat] p19888: 申请轮次结束（是否入队由队长批准裁决）
09-09 09:22:35 [看门狗] 队长 PID 变更 12800 → 14984，跟随新通道
09-09 09:22:37 p19888 已拉起任务脚本（队员·一号美人 gw=file://pzxy_p19888）
09-09 09:22:38 p14984 播种成功 ✓
09-09 09:22:38 p12800 → 新 PID=14984 播种/登录流程接管完成
09-09 09:22:38 p14984 重放 leader#1 登录点击 4 步…
09-09 09:22:39 p19888 tp 状态消失（第1次，疑似服务器抹除）
09-09 09:22:42 [sat] p19028: 已点队长身体 (537,240)（第1次申请）
09-09 09:22:43 p3492 tp 状态消失（第1次，疑似服务器抹除）
09-09 09:22:45 p14984 登录点击重放完毕，等待进入场景…
09-09 09:22:45 p5296 tp 连续消失 3 次 → 杀游戏重启闭环
09-09 09:22:45 p14984 检测到已登录 ✓
09-09 09:22:45 [sat] 队长准备: 传送 大唐官府 + 走位 [139,80]
09-09 09:22:46 p5296 旧游戏进程卡死，已强制结束
09-09 09:22:47 p5296 已重启为新进程 PID=10172，等待登录界面…
09-09 09:22:49 p10172 检测到登录界面，开始播种…
09-09 09:22:52 [sat] p19028: 已点队长身体 (415,337)（第2次申请）
09-09 09:22:54 p3492 tp 连续消失 3 次 → 杀游戏重启闭环
09-09 09:22:54 p3492 旧游戏进程卡死，已强制结束
09-09 09:22:55 [sat] 队长当前位置: (2640.0, 1660.0)（第1次传送后）
09-09 09:22:55 [sat] 走位点击 (540,240)（偏差 140,-60）——途中不点组队图标
09-09 09:22:55 p10172 播种成功 ✓
09-09 09:22:55 p10172 重放 member#2 登录点击 4 步…
09-09 09:22:55 p5296 → 新 PID=10172 播种/登录流程接管完成
09-09 09:22:55 p3492 已重启为新进程 PID=4652，等待登录界面…
09-09 09:22:56 p4652 检测到登录界面，开始播种…
09-09 09:23:00 [sat] 队长已就位: (2777.8166115101, 1600.9357379243)（目标 (2780.0, 1600.0)，±3 格容差）
09-09 09:23:02 p14984 已拉起任务脚本（队长·二号美人 gw=file://pzxy_p14984）
09-09 09:23:03 p4652 播种成功 ✓
09-09 09:23:03 p4652 重放 member#1 登录点击 4 步…
09-09 09:23:03 p3492 → 新 PID=4652 播种/登录流程接管完成
09-09 09:23:03 p10172 登录点击重放完毕，等待进入场景…
09-09 09:23:04 [sat] p19028: 已点队长身体 (415,337)（第3次申请）
09-09 09:23:04 p10172 检测到已登录 ✓
09-09 09:23:04 p19888 tp 连续消失 3 次 → 杀游戏重启闭环
09-09 09:23:04 [sat] p10172: 异图(江南野外≠队长大唐官府) 就地传送
09-09 09:23:05 p19888 旧游戏进程卡死，已强制结束
09-09 09:23:06 p19888 已重启为新进程 PID=19868，等待登录界面…
09-09 09:23:06 [看门狗] 检测到缺员 0/5 → 打断抓鬼，启动补组队
09-09 09:23:07 已打断 p14984 任务脚本（系统 PID 19872）
09-09 09:23:07 [sat] 队长准备: 传送 大唐官府 + 走位 [139,80]
09-09 09:23:07 [sat] 队长已在锚点附近 (2777.8166115101, 1600.9357379243)，跳过传送直接就位
09-09 09:23:07 [看门狗] 队伍已散（0 人）→ 重新建队
09-09 09:23:08 p19868 检测到登录界面，开始播种…
09-09 09:23:08 [sat] 建队第1次 脚底屏幕位 (418,292) → 身体点上移 50
09-09 09:23:11 [sat] p19028: 申请轮次结束（是否入队由队长批准裁决）
09-09 09:23:11 p4652 登录点击重放完毕，等待进入场景…
09-09 09:23:11 [sat] 建队第1次 顶栏stats（应为 1）: ((1, 0, '二号美人'),)
09-09 09:23:12 [看门狗] 1 名在线队员并行申请归队
09-09 09:23:12 [sat] p19028: 已与队长同图(大唐官府)，直接申请
09-09 09:23:12 p4652 检测到已登录 ✓
09-09 09:23:13 [sat] p4652: 异图(江南野外≠队长大唐官府) 就地传送
09-09 09:23:13 p19028 已拉起任务脚本（队员·这是猛男 gw=file://pzxy_p19028）
09-09 09:23:14 p19868 播种成功 ✓
09-09 09:23:14 p19888 → 新 PID=19868 播种/登录流程接管完成
09-09 09:23:14 p19868 重放 member#4 登录点击 4 步…
09-09 09:23:15 [sat] p10172: 已点队长身体 (537,240)（第1次申请）
09-09 09:23:16 [sat] p19028: 已点队长身体 (415,337)（第1次申请）
09-09 09:23:22 p14984 任务脚本已死 → 自动补拉
09-09 09:23:22 p19868 登录点击重放完毕，等待进入场景…
09-09 09:23:22 p14984 已拉起任务脚本（队长·二号美人 gw=file://pzxy_p14984）
09-09 09:23:23 p19868 检测到已登录 ✓
09-09 09:23:23 [sat] p19868: 异图(江南野外≠队长大唐官府) 就地传送
09-09 09:23:25 [sat] p4652: 已点队长身体 (537,240)（第1次申请）
09-09 09:23:25 [sat] p19028: 已点队长身体 (415,337)（第2次申请）
09-09 09:23:27 [sat] p10172: 已点队长身体 (537,240)（第2次申请）
09-09 09:23:34 [sat] p19028: 异图(大唐官府≠队长长安城) 就地传送
09-09 09:23:35 [sat] p19868: 已点队长身体 (537,240)（第1次申请）
09-09 09:23:35 [sat] p4652: 已点队长身体 (537,240)（第2次申请）
09-09 09:23:35 [sat] p10172: 异图(大唐官府≠队长长安城) 就地传送
09-09 09:23:43 [sat] p4652: 异图(大唐官府≠队长普陀山) 就地传送
09-09 09:23:44 [sat] p19868: 异图(大唐官府≠队长普陀山) 就地传送
09-09 09:23:47 [sat] p19028: 已点队长身体 (537,240)（第3次申请）
09-09 09:23:48 [sat] p10172: 已点队长身体 (537,240)（第3次申请）
09-09 09:23:54 [sat] p10172: 申请轮次结束（是否入队由队长批准裁决）
09-09 09:23:56 [sat] p19028: 申请轮次结束（是否入队由队长批准裁决）
09-09 09:23:56 [sat] p4652: 已点队长身体 (537,240)（第3次申请）
09-09 09:23:56 [sat] p19868: 已点队长身体 (537,240)（第2次申请）
09-09 09:23:56 p10172 已拉起任务脚本（队员·这是帅哥 gw=file://pzxy_p10172）
09-09 09:23:58 [sat] 当前成员数: 1（目标 5）
09-09 09:24:04 [sat] p4652: 申请轮次结束（是否入队由队长批准裁决）
09-09 09:24:05 [sat] p19868: 异图(大唐官府≠队长普陀山) 就地传送
09-09 09:24:07 p4652 已拉起任务脚本（队员·三号美人 gw=file://pzxy_p4652）
09-09 09:24:17 [sat] p19868: 已点队长身体 (537,240)（第3次申请）
09-09 09:24:24 [sat] p19868: 申请轮次结束（是否入队由队长批准裁决）
09-09 09:24:26 p19868 已拉起任务脚本（队员·一号美人 gw=file://pzxy_p19868）
09-09 09:26:07 [看门狗] 心跳: 1/5
09-09 09:30:21 [看门狗] 心跳: 1/5
09-09 09:30:37 p14984 tp 状态消失（第1次，疑似服务器抹除）
09-09 09:30:39 [sat] 当前成员数: -1（目标 5）
09-09 09:30:56 p14984 tp 连续消失 3 次 → 杀游戏重启闭环
09-09 09:30:56 p14984 旧游戏进程卡死，已强制结束
09-09 09:30:57 p14984 已重启为新进程 PID=14196，等待登录界面…
09-09 09:30:58 p14196 检测到登录界面，开始播种…
09-09 09:31:05 p14196 播种成功 ✓
09-09 09:31:05 p14984 → 新 PID=14196 播种/登录流程接管完成
09-09 09:31:05 p14196 重放 leader#1 登录点击 4 步…
09-09 09:31:05 [看门狗] 补组批准结束: -1/5
09-09 09:31:05 [看门狗] 仍未满员，掉线队员回来后继续下一轮
09-09 09:31:10 [看门狗] 队长 PID 变更 14984 → 14196，跟随新通道
09-09 09:31:11 p14196 登录点击重放完毕，等待进入场景…
09-09 09:31:14 p14196 检测到已登录 ✓
09-09 09:31:14 [sat] 队长准备: 传送 大唐官府 + 走位 [139,80]
09-09 09:31:25 [sat] 队长当前位置: None（第1次传送后）
09-09 09:31:25 [sat] 面板读不到，按传送统一落点 [132,83] 兜底走位
09-09 09:31:25 [sat] [fail] tp 不可用
09-09 09:31:25 [sat] [warn] 第1轮走位未到锚点（pos=None）→ 重传送再来
09-09 09:31:30 [sat] 队长当前位置: None（第2次传送后）
09-09 09:31:30 [sat] 面板读不到，按传送统一落点 [132,83] 兜底走位
09-09 09:31:30 [sat] [fail] tp 不可用
09-09 09:31:30 [sat] [warn] 第2轮走位未到锚点（pos=None）→ 重传送再来
09-09 09:31:30 [sat] [fail] 队长两轮走位均未到达 [139,80]——本轮禁止队员归队（防打乱坐标）
09-09 09:31:32 p14196 已拉起任务脚本（队长·二号美人 gw=file://pzxy_p14196）
09-09 09:31:39 p14196 tp 状态消失（第1次，疑似服务器抹除）
09-09 09:31:57 p14196 tp 连续消失 3 次 → 杀游戏重启闭环
09-09 09:31:57 p14196 旧游戏进程卡死，已强制结束
09-09 09:31:57 p14196 任务脚本已死 → 自动补拉
09-09 09:31:58 p14196 已拉起任务脚本（队长·二号美人 gw=file://pzxy_p14196）
09-09 09:31:58 p14196 已重启为新进程 PID=18084，等待登录界面…
09-09 09:31:59 p18084 检测到登录界面，开始播种…
09-09 09:32:06 p18084 播种成功 ✓
09-09 09:32:06 p18084 重放 leader#1 登录点击 4 步…
09-09 09:32:06 p14196 → 新 PID=18084 播种/登录流程接管完成
09-09 09:32:12 p18084 登录点击重放完毕，等待进入场景…
09-09 09:32:13 [看门狗] 队长 PID 变更 14196 → 18084，跟随新通道
09-09 09:32:15 p18084 检测到已登录 ✓
09-09 09:32:15 [sat] 队长准备: 传送 大唐官府 + 走位 [139,80]
09-09 09:32:24 [sat] 队长当前位置: (2640.0, 1660.0)（第1次传送后）
09-09 09:32:24 [sat] 走位点击 (540,240)（偏差 140,-60）——途中不点组队图标
09-09 09:32:28 已清理残留任务脚本（绑定死 PID 14196，系统 PID 13352）
09-09 09:32:29 [sat] 队长已就位: (2777.6603568294, 1601.002704216)（目标 (2780.0, 1600.0)，±3 格容差）
09-09 09:32:31 p18084 已拉起任务脚本（队长·二号美人 gw=file://pzxy_p18084）
09-09 09:32:44 [sat] 队长准备: 传送 大唐官府 + 走位 [139,80]
09-09 09:32:53 [sat] 队长当前位置: (740.0, 1440.0)（第1次传送后）
09-09 09:32:54 [sat] [warn] 目标不在视野，改点视野边缘 (770,460) 逼近
09-09 09:32:54 [sat] 走位点击 (770,460)（偏差 2040,160）——途中不点组队图标
09-09 09:32:59 [sat] [warn] 目标不在视野，改点视野边缘 (30,30) 逼近
09-09 09:32:59 [sat] 走位点击 (30,30)（偏差 -1460,-720）——途中不点组队图标
09-09 09:33:03 [sat] [warn] 第2次点击后位置未变 (4240,2320)
09-09 09:33:04 [sat] [warn] 目标不在视野，改点视野边缘 (30,30) 逼近
09-09 09:33:04 [sat] 走位点击 (30,30)（偏差 -1460,-720）——途中不点组队图标
09-09 09:33:09 [sat] [warn] 目标不在视野，改点视野边缘 (770,30) 逼近
09-09 09:33:09 [sat] 走位点击 (770,30)（偏差 1100,-700）——途中不点组队图标
09-09 09:33:14 [sat] [warn] 第4次点击后位置未变 (1680,2300)
09-09 09:33:14 [sat] [warn] 第1轮走位未到锚点（pos=(1680.0, 2300.0)）→ 重传送再来
09-09 09:33:25 [sat] 队长当前位置: (1680.0, 2300.0)（第2次传送后）
09-09 09:33:25 [sat] [warn] 目标不在视野，改点视野边缘 (770,30) 逼近
09-09 09:33:25 [sat] 走位点击 (770,30)（偏差 1100,-700）——途中不点组队图标
09-09 09:33:30 [sat] [warn] 第1次点击后位置未变 (1680,2300)
09-09 09:33:30 [sat] [warn] 目标不在视野，改点视野边缘 (770,30) 逼近
09-09 09:33:30 [sat] 走位点击 (770,30)（偏差 1100,-700）——途中不点组队图标
09-09 09:33:35 [sat] [warn] 第2次点击后位置未变 (1680,2300)
09-09 09:33:35 [sat] [warn] 连续 2 次点击无移动 → 重传送重置走位
09-09 09:33:35 [sat] [warn] 第2轮走位未到锚点（pos=(1680.0, 2300.0)）→ 重传送再来
09-09 09:33:35 [sat] [fail] 队长两轮走位均未到达 [139,80]——本轮禁止队员归队（防打乱坐标）
09-09 09:33:35 [看门狗] 队长未就位 [139,80] → 本轮跳过队员归队（等下一轮，防打乱坐标）
09-09 09:33:47 [sat] 队长准备: 传送 大唐官府 + 走位 [139,80]
09-09 09:34:00 [sat] 队长当前位置: (5520.0, 2380.0)（第1次传送后）
09-09 09:34:00 [sat] [warn] 目标不在视野，改点视野边缘 (30,30) 逼近
09-09 09:34:00 [sat] 走位点击 (30,30)（偏差 -2740,-780）——途中不点组队图标
09-09 09:34:07 [sat] [warn] 第1次点击后位置未变 (5520,2380)
09-09 09:34:07 [sat] [warn] 目标不在视野，改点视野边缘 (30,30) 逼近
09-09 09:34:07 [sat] 走位点击 (30,30)（偏差 -2740,-780）——途中不点组队图标
09-09 09:34:12 [sat] [warn] 目标不在视野，改点视野边缘 (30,30) 逼近
09-09 09:34:12 [sat] 走位点击 (30,30)（偏差 -1460,-720）——途中不点组队图标
09-09 09:34:19 [sat] [warn] 目标不在视野，改点视野边缘 (480,30) 逼近
09-09 09:34:19 [sat] 走位点击 (480,30)（偏差 80,-1260）——途中不点组队图标
09-09 09:34:23 [sat] [warn] 第1轮走位未到锚点（pos=(2714.8708241808, 2405.6661142913)）→ 重传送再来
09-09 09:34:34 [sat] 队长当前位置: (2714.8708241808, 2405.6661142913)（第2次传送后）
09-09 09:34:34 [sat] [warn] 目标不在视野，改点视野边缘 (464,30) 逼近
09-09 09:34:34 [sat] 走位点击 (464,30)（偏差 65,-806）——途中不点组队图标
09-09 09:34:36 [看门狗] 心跳: 0/5
09-09 09:34:39 [sat] [warn] 目标不在视野，改点视野边缘 (464,30) 逼近
09-09 09:34:39 [sat] 走位点击 (464,30)（偏差 61,-621）——途中不点组队图标
09-09 09:34:44 [sat] [warn] 目标不在视野，改点视野边缘 (265,30) 逼近
09-09 09:34:44 [sat] 走位点击 (265,30)（偏差 -101,-380）——途中不点组队图标
09-09 09:34:49 [sat] [warn] 目标不在视野，改点视野边缘 (380,30) 逼近
09-09 09:34:49 [sat] 走位点击 (380,30)（偏差 -1,-360）——途中不点组队图标
09-09 09:34:54 [sat] [warn] 第2轮走位未到锚点（pos=(2778.968888902, 1695.2929229495)）→ 重传送再来
09-09 09:34:54 [sat] [fail] 队长两轮走位均未到达 [139,80]——本轮禁止队员归队（防打乱坐标）
09-09 09:34:54 [看门狗] 队长未就位 [139,80] → 本轮跳过队员归队（等下一轮，防打乱坐标）
09-09 09:35:08 [sat] 队长准备: 传送 大唐官府 + 走位 [139,80]
09-09 09:35:21 [sat] 队长当前位置: (6320.0, 180.0)（第1次传送后）
09-09 09:35:21 [sat] [warn] 目标不在视野，改点视野边缘 (30,570) 逼近
09-09 09:35:21 [sat] 走位点击 (30,570)（偏差 -3540,1420）——途中不点组队图标
09-09 09:35:26 [sat] [warn] 第1次点击后位置未变 (6320,180)
09-09 09:35:26 [sat] [warn] 目标不在视野，改点视野边缘 (30,570) 逼近
09-09 09:35:26 [sat] 走位点击 (30,570)（偏差 -3540,1420）——途中不点组队图标
09-09 09:35:31 [sat] [warn] 第2次点击后位置未变 (6320,180)
09-09 09:35:31 [sat] [warn] 连续 2 次点击无移动 → 重传送重置走位
09-09 09:35:31 [sat] [warn] 第1轮走位未到锚点（pos=(6320.0, 180.0)）→ 重传送再来
09-09 09:35:39 [sat] 队长当前位置: (2920.0, 1820.0)（第2次传送后）
09-09 09:35:40 [sat] 走位点击 (280,120)（偏差 -140,-220）——途中不点组队图标
09-09 09:35:44 [sat] [warn] 第1次点击后位置未变 (2920,1820)
09-09 09:35:45 [sat] 走位点击 (280,120)（偏差 -140,-220）——途中不点组队图标
09-09 09:35:49 [sat] [warn] 第2次点击后位置未变 (2920,1820)
09-09 09:35:49 [sat] [warn] 连续 2 次点击无移动 → 重传送重置走位
09-09 09:35:49 [sat] [warn] 第2轮走位未到锚点（pos=(2920.0, 1820.0)）→ 重传送再来
09-09 09:35:49 [sat] [fail] 队长两轮走位均未到达 [139,80]——本轮禁止队员归队（防打乱坐标）
09-09 09:35:49 [看门狗] 队长未就位 [139,80] → 本轮跳过队员归队（等下一轮，防打乱坐标）
09-09 09:35:55 [sat] 队长准备: 传送 大唐官府 + 走位 [139,80]
09-09 09:36:05 [sat] 队长当前位置: (2640.0, 1660.0)（第1次传送后）
09-09 09:36:05 [sat] 走位点击 (540,240)（偏差 140,-60）——途中不点组队图标
09-09 09:36:12 [sat] 队长已就位: (2778.1291208715, 1600.8018053408)（目标 (2780.0, 1600.0)，±3 格容差）
09-09 09:36:12 [看门狗] 队伍已散（0 人）→ 重新建队
09-09 09:36:15 [sat] 建队第1次 脚底屏幕位 (417,292) → 身体点上移 50
09-09 09:36:19 [sat] 建队第1次 顶栏stats（应为 1）: ((0, 0, ''),)
09-09 09:36:19 [sat] 建队第1次未生效，下一轮右键清旗后重试
09-09 09:36:22 [sat] 建队第2次 脚底屏幕位 (417,292) → 身体点上移 50
09-09 09:36:26 [sat] 建队第2次 顶栏stats（应为 1）: ((1, 0, '二号美人'),)
09-09 09:36:26 [看门狗] 4 名在线队员并行申请归队
09-09 09:36:27 [sat] p4652: 已与队长同图(大唐官府)，直接申请
09-09 09:36:27 [sat] p10172: 已与队长同图(大唐官府)，直接申请
09-09 09:36:28 [sat] p19868: 已与队长同图(大唐官府)，直接申请
09-09 09:36:28 [sat] p19028: 已与队长同图(大唐官府)，直接申请
09-09 09:36:33 [sat] p4652: 已点队长身体 (420,338)（第1次申请）
09-09 09:36:33 [sat] p10172: 已点队长身体 (415,341)（第1次申请）
09-09 09:36:33 [sat] p19028: 已点队长身体 (418,340)（第1次申请）
09-09 09:36:33 [sat] p19868: 已点队长身体 (414,336)（第1次申请）
09-09 09:36:44 [sat] p10172: 已点队长身体 (415,341)（第2次申请）
09-09 09:36:45 [sat] p19028: 已点队长身体 (418,340)（第2次申请）
09-09 09:36:45 [sat] p4652: 已点队长身体 (420,338)（第2次申请）
09-09 09:36:46 [sat] p19868: 已点队长身体 (414,336)（第2次申请）
09-09 09:36:46 [看门狗] 心跳: 1/5
09-09 09:36:56 [sat] p19028: 已点队长身体 (418,340)（第3次申请）
09-09 09:36:57 [sat] p10172: 已点队长身体 (415,341)（第3次申请）
09-09 09:36:57 [sat] p19868: 已点队长身体 (414,336)（第3次申请）
09-09 09:37:00 [sat] p4652: 已点队长身体 (420,338)（第3次申请）
09-09 09:37:03 [sat] p10172: 申请轮次结束（是否入队由队长批准裁决）
09-09 09:37:04 [sat] p19028: 申请轮次结束（是否入队由队长批准裁决）
09-09 09:37:05 [sat] p19868: 申请轮次结束（是否入队由队长批准裁决）
09-09 09:37:06 [sat] p4652: 申请轮次结束（是否入队由队长批准裁决）
09-09 09:37:09 [sat] 当前成员数: 1（目标 5）
09-09 09:38:54 [看门狗] 心跳: 1/5
09-09 09:41:05 [看门狗] 心跳: 1/5
09-09 09:41:20 squad_auto_team 日志已桥接到 GUI（组队内部步骤可见）
09-09 09:41:24 已启动队员进程 PID=11316，等待登录界面窗口…
09-09 09:41:24 已启动队员进程 PID=14872，等待登录界面窗口…
09-09 09:41:25 已启动队员进程 PID=15720，等待登录界面窗口…
09-09 09:41:25 已启动队员进程 PID=19964，等待登录界面窗口…
09-09 09:41:25 p11316 检测到登录界面，开始播种…
09-09 09:41:25 p14872 检测到登录界面，开始播种…
09-09 09:41:26 已启动队长进程 PID=18920，等待登录界面窗口…
09-09 09:41:26 p19964 检测到登录界面，开始播种…
09-09 09:41:27 p15720 检测到登录界面，开始播种…
09-09 09:41:28 p18920 检测到登录界面，开始播种…
09-09 09:41:31 p11316 播种成功 ✓
09-09 09:41:31 p11316 重放 member#1 登录点击 4 步…
09-09 09:41:32 p14872 播种成功 ✓
09-09 09:41:32 p14872 重放 member#2 登录点击 4 步…
09-09 09:41:36 p19964 播种成功 ✓
09-09 09:41:36 p19964 重放 member#4 登录点击 4 步…
09-09 09:41:39 p15720 播种成功 ✓
09-09 09:41:39 p15720 重放 member#3 登录点击 4 步…
09-09 09:41:39 p18920 播种成功 ✓
09-09 09:41:39 p18920 重放 leader#1 登录点击 4 步…
09-09 09:41:40 p14872 登录点击重放完毕，等待进入场景…
09-09 09:41:40 p11316 登录点击重放完毕，等待进入场景…
09-09 09:41:40 p14872 检测到已登录 ✓
09-09 09:41:42 p11316 检测到已登录 ✓
09-09 09:41:45 p19964 登录点击重放完毕，等待进入场景…
09-09 09:41:46 p18920 登录点击重放完毕，等待进入场景…
09-09 09:41:46 p15720 登录点击重放完毕，等待进入场景…
09-09 09:41:47 p19964 检测到已登录 ✓
09-09 09:41:47 p18920 检测到已登录 ✓
09-09 09:41:49 p15720 检测到已登录 ✓
09-09 09:41:50 [内存] 已修剪 5 个游戏进程：1.6GB → 46.9MB（释放 1.5GB）
09-09 09:41:52 [autoTeam] Lua 队伍读数 0/5 未满员 → 走组队流程
09-09 09:41:52 [autoTeam] 阶段1: 4 名队员并行传送 大唐官府（队长由阶段2 负责）
09-09 09:42:00 p11316 传送完成 ✓
09-09 09:42:01 p15720 传送完成 ✓
09-09 09:42:01 p19964 传送完成 ✓
09-09 09:42:01 p14872 传送完成 ✓
09-09 09:42:01 [autoTeam] 阶段2: 队长走位[139,80]
09-09 09:42:01 [sat] 队长准备: 传送 大唐官府 + 走位 [139,80]
09-09 09:42:11 [sat] 队长当前位置: (2640.0, 1660.0)（第1次传送后）
09-09 09:42:11 [sat] 走位点击 (539,240)（偏差 140,-60）——途中不点组队图标
09-09 09:42:16 [sat] 队长已就位: (2777.5041015666, 1601.0696707572)（目标 (2780.0, 1600.0)，±3 格容差）
09-09 09:42:16 [autoTeam] 阶段3: 建队
09-09 09:42:17 [sat] 建队第1次 脚底屏幕位 (418,292) → 身体点上移 50
09-09 09:42:21 [sat] 建队第1次 顶栏stats（应为 1）: ((1, 0, '二号美人'),)
09-09 09:42:21 [autoTeam] 阶段4: 4 名队员并行申请入队
09-09 09:42:22 [sat] p11316: 已与队长同图(大唐官府)，直接申请
09-09 09:42:22 [sat] p19964: 已与队长同图(大唐官府)，直接申请
09-09 09:42:22 [sat] p15720: 已与队长同图(大唐官府)，直接申请
09-09 09:42:22 [sat] p14872: 已与队长同图(大唐官府)，直接申请
09-09 09:42:26 [sat] p11316: 已点队长身体 (537,241)（第1次申请）
09-09 09:42:27 [sat] p19964: 已点队长身体 (537,241)（第1次申请）
09-09 09:42:27 [sat] p15720: 已点队长身体 (537,241)（第1次申请）
09-09 09:42:27 [sat] p14872: 已点队长身体 (537,241)（第1次申请）
09-09 09:42:37 [sat] p11316: 已点队长身体 (537,241)（第2次申请）
09-09 09:42:38 [sat] p19964: 已点队长身体 (537,241)（第2次申请）
09-09 09:42:38 [sat] p14872: 已点队长身体 (537,241)（第2次申请）
09-09 09:42:38 [sat] p15720: 已点队长身体 (537,241)（第2次申请）
09-09 09:42:44 [sat] p11316: 申请轮次结束（是否入队由队长批准裁决）
09-09 09:42:45 [sat] p15720: 申请轮次结束（是否入队由队长批准裁决）
09-09 09:42:45 [sat] p19964: 申请轮次结束（是否入队由队长批准裁决）
09-09 09:42:45 [sat] p14872: 申请轮次结束（是否入队由队长批准裁决）
09-09 09:42:45 [autoTeam] 阶段5: 队长批准申请
09-09 09:42:47 [sat] 当前成员数: 1（目标 5）
09-09 09:42:52 [sat] 当前成员数: 2（目标 5）
09-09 09:42:56 [sat] 当前成员数: 3（目标 5）
09-09 09:43:01 [sat] 当前成员数: 4（目标 5）
09-09 09:43:06 [sat] 当前成员数: 5（目标 5）
09-09 09:43:06 [autoTeam] 批准结束: 成员=5/目标=5
09-09 09:43:13 [sat] 阵法验证: 天覆阵/4
09-09 09:43:13 [autoTeam] 天覆阵完成 ✓
09-09 09:43:13 p11316 已拉起任务脚本（队员·三号美人 gw=file://pzxy_p11316）
09-09 09:43:14 p14872 已拉起任务脚本（队员·这是帅哥 gw=file://pzxy_p14872）
09-09 09:43:14 p15720 已拉起任务脚本（队员·这是猛男 gw=file://pzxy_p15720）
09-09 09:43:14 p19964 已拉起任务脚本（队员·一号美人 gw=file://pzxy_p19964）
09-09 09:43:15 p18920 已拉起任务脚本（队长·二号美人 gw=file://pzxy_p18920）
09-09 09:43:15 [autoTeam] 组队+任务脚本启动完成
09-09 09:43:15 [看门狗] 启动（目标 5 人，每 15s 判定）
09-09 09:43:15 已清理残留任务脚本（绑定死 PID 19028，系统 PID 3080）
09-09 09:43:15 已清理残留任务脚本（绑定死 PID 10172，系统 PID 15688）
09-09 09:43:15 已清理残留任务脚本（绑定死 PID 4652，系统 PID 6572）
09-09 09:43:15 已清理残留任务脚本（绑定死 PID 19868，系统 PID 15004）
09-09 09:43:15 已清理残留任务脚本（绑定死 PID 18084，系统 PID 18448）
09-09 09:45:24 [看门狗] 心跳: 5/5
09-09 09:47:31 [看门狗] 心跳: 5/5
09-09 09:49:44 [看门狗] 心跳: 5/5
09-09 09:53:58 [看门狗] 心跳: 5/5
09-09 09:58:13 [看门狗] 心跳: 5/5
09-09 10:02:29 [看门狗] 心跳: 5/5
09-09 10:04:35 [看门狗] 心跳: 5/5
09-09 10:08:55 [看门狗] 心跳: 5/5
09-09 10:11:04 [看门狗] 心跳: 5/5
09-09 10:11:51 [内存] 已修剪 5 个游戏进程：2.6GB → 123.8MB（释放 2.5GB）
09-09 10:13:11 [看门狗] 心跳: 5/5
09-09 10:15:20 [看门狗] 心跳: 5/5
09-09 10:17:27 [看门狗] 心跳: 5/5
09-09 10:19:35 [看门狗] 心跳: 5/5
09-09 10:21:42 [看门狗] 心跳: 5/5
09-09 10:23:49 [看门狗] 心跳: 5/5
09-09 10:24:21 p18920 任务脚本已死 → 自动补拉
09-09 10:24:21 p18920 已拉起任务脚本（队长·二号美人 gw=file://pzxy_p18920）
09-09 10:25:56 [看门狗] 心跳: 5/5
09-09 10:30:08 [看门狗] 心跳: 5/5
09-09 10:36:27 [看门狗] 心跳: 5/5
09-09 10:40:43 [看门狗] 心跳: 5/5
09-09 10:41:51 [内存] 已修剪 5 个游戏进程：2.5GB → 153.7MB（释放 2.4GB）
09-09 10:42:52 [看门狗] 心跳: 5/5
09-09 10:45:00 [看门狗] 心跳: 5/5
09-09 10:47:07 [看门狗] 心跳: 5/5
09-09 10:49:16 [看门狗] 心跳: 5/5
09-09 10:51:27 [看门狗] 心跳: 5/5
09-09 10:53:34 [看门狗] 心跳: 5/5
09-09 10:55:42 [看门狗] 心跳: 5/5
09-09 11:00:02 [看门狗] 心跳: 5/5
09-09 11:04:15 [看门狗] 心跳: 5/5
09-09 11:06:22 [看门狗] 心跳: 5/5
09-09 11:10:34 [看门狗] 心跳: 5/5
09-09 11:11:52 [内存] 已修剪 5 个游戏进程：2.7GB → 126.9MB（释放 2.5GB）
09-09 11:12:09 p18920 任务脚本已死 → 自动补拉
09-09 11:12:09 p18920 已拉起任务脚本（队长·二号美人 gw=file://pzxy_p18920）
09-09 11:12:40 [看门狗] 心跳: 5/5
09-09 11:14:46 [看门狗] 心跳: 5/5
09-09 11:16:52 [看门狗] 心跳: 5/5
09-09 11:19:01 [看门狗] 心跳: 5/5
09-09 11:25:22 [看门狗] 心跳: 5/5
09-09 11:27:31 [看门狗] 心跳: 5/5
09-09 11:29:38 [看门狗] 心跳: 5/5
09-09 11:33:50 [看门狗] 心跳: 5/5
09-09 11:34:22 p18920 任务脚本已死 → 自动补拉
09-09 11:34:22 p18920 已拉起任务脚本（队长·二号美人 gw=file://pzxy_p18920）
09-09 11:35:56 [看门狗] 心跳: 5/5
09-09 11:38:03 [看门狗] 心跳: 5/5
09-09 11:41:52 [内存] 已修剪 5 个游戏进程：3.1GB → 176.7MB（释放 2.9GB）
09-09 11:46:26 [看门狗] 心跳: 5/5
09-09 11:55:01 [看门狗] 心跳: 5/5
09-09 11:57:08 [看门狗] 心跳: 5/5
09-09 12:03:32 [看门狗] 心跳: 5/5
09-09 12:07:47 [看门狗] 心跳: 5/5
09-09 12:09:53 [看门狗] 心跳: 5/5
09-09 12:11:53 [内存] 已修剪 5 个游戏进程：3.0GB → 248.0MB（释放 2.8GB）
09-09 12:13:38 p18920 检测到系统弹窗(游戏出错啦!) → 已点确定/关闭
09-09 12:13:39 p18920 掉线判定: 窗口/标题异常 → 重启闭环
09-09 12:13:39 p18920 旧游戏进程卡死，已强制结束
09-09 12:13:40 p18920 已重启为新进程 PID=9164，等待登录界面…
09-09 12:13:41 p9164 检测到登录界面，开始播种…
09-09 12:13:48 [看门狗] 队长 PID 变更 18920 → 9164，跟随新通道
09-09 12:13:52 p9164 播种成功 ✓
09-09 12:13:52 p9164 重放 leader#1 登录点击 4 步…
09-09 12:13:52 p18920 → 新 PID=9164 播种/登录流程接管完成
09-09 12:13:59 p9164 登录点击重放完毕，等待进入场景…
09-09 12:14:00 p9164 检测到已登录 ✓
09-09 12:14:00 [sat] 队长准备: 传送 大唐官府 + 走位 [139,80]
09-09 12:14:08 [sat] 队长当前位置: (380.0, 300.0)（第1次传送后）
09-09 12:14:09 [sat] [warn] 目标不在视野，改点视野边缘 (770,570) 逼近
09-09 12:14:09 [sat] 走位点击 (770,570)（偏差 2400,1300）——途中不点组队图标
09-09 12:14:13 [sat] [warn] 第1次点击后位置未变 (380,300)
09-09 12:14:13 [sat] [warn] 目标不在视野，改点视野边缘 (770,570) 逼近
09-09 12:14:13 [sat] 走位点击 (770,570)（偏差 2400,1300）——途中不点组队图标
09-09 12:14:18 [sat] [warn] 第2次点击后位置未变 (380,300)
09-09 12:14:18 [sat] [warn] 连续 2 次点击无移动 → 重传送重置走位
09-09 12:14:18 [sat] [warn] 第1轮走位未到锚点（pos=(380.0, 300.0)）→ 重传送再来
09-09 12:14:28 [sat] 队长当前位置: (2640.0, 1660.0)（第2次传送后）
09-09 12:14:28 [sat] 走位点击 (540,240)（偏差 140,-60）——途中不点组队图标
09-09 12:14:33 [sat] 队长已就位: (2777.9728650266, 1600.8687721315)（目标 (2780.0, 1600.0)，±3 格容差）
09-09 12:14:35 p9164 任务脚本已死 → 自动补拉
09-09 12:14:35 p9164 已拉起任务脚本（队长·二号美人 gw=file://pzxy_p9164）
09-09 12:14:35 p9164 任务脚本已在跑，跳过
09-09 12:15:22 p19964 tp 状态消失（第1次，疑似服务器抹除）
09-09 12:15:25 p15720 tp 状态消失（第1次，疑似服务器抹除）
09-09 12:15:27 p14872 tp 状态消失（第1次，疑似服务器抹除）
09-09 12:15:29 p11316 tp 状态消失（第1次，疑似服务器抹除）
09-09 12:15:29 p9164 tp 状态消失（第1次，疑似服务器抹除）
09-09 12:15:40 p19964 tp 连续消失 3 次 → 杀游戏重启闭环
09-09 12:15:41 p19964 旧游戏进程卡死，已强制结束
09-09 12:15:42 p19964 已重启为新进程 PID=16856，等待登录界面…
09-09 12:15:43 p15720 tp 连续消失 3 次 → 杀游戏重启闭环
09-09 12:15:43 p15720 旧游戏进程卡死，已强制结束
09-09 12:15:44 p16856 检测到登录界面，开始播种…
09-09 12:15:44 p15720 已重启为新进程 PID=18996，等待登录界面…
09-09 12:15:45 p9164 tp 连续消失 3 次 → 杀游戏重启闭环
09-09 12:15:45 p9164 旧游戏进程卡死，已强制结束
09-09 12:15:46 p18996 检测到登录界面，开始播种…
09-09 12:15:46 p9164 已重启为新进程 PID=6296，等待登录界面…
09-09 12:15:47 p6296 检测到登录界面，开始播种…
09-09 12:15:49 p14872 tp 连续消失 3 次 → 杀游戏重启闭环
09-09 12:15:49 p14872 旧游戏进程卡死，已强制结束
09-09 12:15:50 p16856 播种成功 ✓
09-09 12:15:50 p16856 重放 member#4 登录点击 4 步…
09-09 12:15:50 p19964 → 新 PID=16856 播种/登录流程接管完成
09-09 12:15:50 p14872 已重启为新进程 PID=16828，等待登录界面…
09-09 12:15:51 p16828 检测到登录界面，开始播种…
09-09 12:15:52 p18996 播种成功 ✓
09-09 12:15:52 p18996 重放 member#3 登录点击 4 步…
09-09 12:15:52 p15720 → 新 PID=18996 播种/登录流程接管完成
09-09 12:15:54 p6296 播种成功 ✓
09-09 12:15:54 p6296 重放 leader#1 登录点击 4 步…
09-09 12:15:54 p9164 → 新 PID=6296 播种/登录流程接管完成
09-09 12:15:57 [看门狗] 队长 PID 变更 9164 → 6296，跟随新通道
09-09 12:15:57 p11316 tp 连续消失 3 次 → 杀游戏重启闭环
09-09 12:15:58 p11316 旧游戏进程卡死，已强制结束
09-09 12:15:58 p16828 播种成功 ✓
09-09 12:15:58 p16828 重放 member#2 登录点击 4 步…
09-09 12:15:58 p14872 → 新 PID=16828 播种/登录流程接管完成
09-09 12:15:58 p16856 登录点击重放完毕，等待进入场景…
09-09 12:15:59 p11316 已重启为新进程 PID=5880，等待登录界面…
09-09 12:15:59 p16856 检测到已登录 ✓
09-09 12:16:00 p18996 登录点击重放完毕，等待进入场景…
09-09 12:16:00 p6296 登录点击重放完毕，等待进入场景…
09-09 12:16:01 p5880 检测到登录界面，开始播种…
09-09 12:16:01 p18996 检测到已登录 ✓
09-09 12:16:01 p6296 检测到已登录 ✓
09-09 12:16:01 [sat] 队长准备: 传送 大唐官府 + 走位 [139,80]
09-09 12:16:05 [sat] p16856: tp/窗口不可用
09-09 12:16:06 p16828 登录点击重放完毕，等待进入场景…
09-09 12:16:07 p5880 播种成功 ✓
09-09 12:16:07 p5880 重放 member#1 登录点击 4 步…
09-09 12:16:07 p11316 → 新 PID=5880 播种/登录流程接管完成
09-09 12:16:07 [sat] p18996: tp/窗口不可用
09-09 12:16:07 p16828 检测到已登录 ✓
09-09 12:16:11 [sat] p16856: tp/窗口不可用
09-09 12:16:13 [sat] 队长当前位置: None（第1次传送后）
09-09 12:16:13 [sat] 面板读不到，按传送统一落点 [132,83] 兜底走位
09-09 12:16:13 [sat] p16828: tp/窗口不可用
09-09 12:16:13 [sat] [fail] tp 不可用
09-09 12:16:13 [sat] [warn] 第1轮走位未到锚点（pos=None）→ 重传送再来
09-09 12:16:14 [sat] p18996: tp/窗口不可用
09-09 12:16:16 p5880 登录点击重放完毕，等待进入场景…
09-09 12:16:17 p5880 检测到已登录 ✓
09-09 12:16:17 [sat] p16856: tp/窗口不可用
09-09 12:16:18 [sat] 队长当前位置: None（第2次传送后）
09-09 12:16:18 [sat] 面板读不到，按传送统一落点 [132,83] 兜底走位
09-09 12:16:18 [sat] [fail] tp 不可用
09-09 12:16:18 [sat] [warn] 第2轮走位未到锚点（pos=None）→ 重传送再来
09-09 12:16:18 [sat] [fail] 队长两轮走位均未到达 [139,80]——本轮禁止队员归队（防打乱坐标）
09-09 12:16:19 [sat] p16828: tp/窗口不可用
09-09 12:16:20 [sat] p18996: tp/窗口不可用
09-09 12:16:20 p6296 已拉起任务脚本（队长·二号美人 gw=file://pzxy_p6296）
09-09 12:16:23 [sat] p16856: 申请轮次结束（是否入队由队长批准裁决）
09-09 12:16:23 [sat] p5880: tp/窗口不可用
09-09 12:16:26 [sat] p16828: tp/窗口不可用
09-09 12:16:26 p16856 tp 状态消失（第1次，疑似服务器抹除）
09-09 12:16:26 p16856 已拉起任务脚本（队员·一号美人 gw=file://pzxy_p16856）
09-09 12:16:26 [sat] p18996: 申请轮次结束（是否入队由队长批准裁决）
09-09 12:16:28 p6296 tp 状态消失（第1次，疑似服务器抹除）
09-09 12:16:28 p18996 已拉起任务脚本（队员·这是猛男 gw=file://pzxy_p18996）
09-09 12:16:30 [sat] p5880: tp/窗口不可用
09-09 12:16:32 [sat] p16828: 申请轮次结束（是否入队由队长批准裁决）
09-09 12:16:32 p16828 tp 状态消失（第1次，疑似服务器抹除）
09-09 12:16:34 p16828 已拉起任务脚本（队员·这是帅哥 gw=file://pzxy_p16828）
09-09 12:16:36 [sat] p5880: tp/窗口不可用
09-09 12:16:37 p16828 tp 连续消失 3 次 → 杀游戏重启闭环
09-09 12:16:37 p16828 旧游戏进程卡死，已强制结束
09-09 12:16:38 p16828 已重启为新进程 PID=17572，等待登录界面…
09-09 12:16:39 p18996 tp 状态消失（第1次，疑似服务器抹除）
09-09 12:16:40 p17572 检测到登录界面，开始播种…
09-09 12:16:42 [sat] p5880: 申请轮次结束（是否入队由队长批准裁决）
09-09 12:16:43 p5880 任务脚本已死 → 自动补拉
09-09 12:16:43 p16856 tp 连续消失 3 次 → 杀游戏重启闭环
09-09 12:16:43 p5880 已拉起任务脚本（队员·三号美人 gw=file://pzxy_p5880）
09-09 12:16:43 p16856 旧游戏进程卡死，已强制结束
09-09 12:16:44 p16856 任务脚本已死 → 自动补拉
09-09 12:16:44 p16856 已拉起任务脚本（队员·一号美人 gw=file://pzxy_p16856）
09-09 12:16:44 p5880 任务脚本已在跑，跳过
09-09 12:16:44 p16856 已重启为新进程 PID=3400，等待登录界面…
09-09 12:16:45 p3400 检测到登录界面，开始播种…
09-09 12:16:46 p17572 播种成功 ✓
09-09 12:16:46 p17572 重放 member#2 登录点击 4 步…
09-09 12:16:46 p16828 → 新 PID=17572 播种/登录流程接管完成
09-09 12:16:49 p5880 tp 状态消失（第1次，疑似服务器抹除）
09-09 12:16:52 p3400 播种成功 ✓
09-09 12:16:52 p16856 → 新 PID=3400 播种/登录流程接管完成
09-09 12:16:52 p3400 重放 member#4 登录点击 4 步…
09-09 12:16:54 p6296 tp 连续消失 3 次 → 杀游戏重启闭环
09-09 12:16:54 p6296 旧游戏进程卡死，已强制结束
09-09 12:16:54 p17572 登录点击重放完毕，等待进入场景…
09-09 12:16:55 p6296 已重启为新进程 PID=17420，等待登录界面…
09-09 12:16:56 p17572 检测到已登录 ✓
09-09 12:16:57 p17420 检测到登录界面，开始播种…
09-09 12:16:58 p18996 tp 连续消失 3 次 → 杀游戏重启闭环
09-09 12:16:58 p18996 旧游戏进程卡死，已强制结束
09-09 12:16:59 p18996 已重启为新进程 PID=16336，等待登录界面…
09-09 12:16:59 [看门狗] 队长 PID 变更 6296 → 17420，跟随新通道
09-09 12:17:00 p3400 登录点击重放完毕，等待进入场景…
09-09 12:17:01 p16336 检测到登录界面，开始播种…
09-09 12:17:01 [sat] p17572: tp/窗口不可用
09-09 12:17:02 p3400 检测到已登录 ✓
09-09 12:17:04 p17420 播种成功 ✓
09-09 12:17:04 p17420 重放 leader#1 登录点击 4 步…
09-09 12:17:04 p6296 → 新 PID=17420 播种/登录流程接管完成
09-09 12:17:07 [sat] p3400: tp/窗口不可用
09-09 12:17:08 [sat] p17572: tp/窗口不可用
09-09 12:17:08 p16336 播种成功 ✓
09-09 12:17:08 p16336 重放 member#3 登录点击 4 步…
09-09 12:17:08 p18996 → 新 PID=16336 播种/登录流程接管完成
09-09 12:17:10 p17420 登录点击重放完毕，等待进入场景…
09-09 12:17:12 p17420 检测到已登录 ✓
09-09 12:17:12 [sat] 队长准备: 传送 大唐官府 + 走位 [139,80]
09-09 12:17:14 [sat] p3400: tp/窗口不可用
09-09 12:17:14 [sat] p17572: tp/窗口不可用
09-09 12:17:14 p5880 tp 连续消失 3 次 → 杀游戏重启闭环
09-09 12:17:15 p5880 旧游戏进程卡死，已强制结束
09-09 12:17:15 已清理残留任务脚本（绑定死 PID 16856，系统 PID 9348）
09-09 12:17:15 p16336 登录点击重放完毕，等待进入场景…
09-09 12:17:16 p5880 已重启为新进程 PID=15536，等待登录界面…
09-09 12:17:17 p15536 检测到登录界面，开始播种…
09-09 12:17:18 p16336 检测到已登录 ✓
09-09 12:17:20 [sat] p17572: 申请轮次结束（是否入队由队长批准裁决）
09-09 12:17:20 [sat] p3400: tp/窗口不可用
09-09 12:17:22 p17572 已拉起任务脚本（队员·这是帅哥 gw=file://pzxy_p17572）
09-09 12:17:23 p15536 播种成功 ✓
09-09 12:17:23 p15536 重放 member#1 登录点击 4 步…
09-09 12:17:23 p5880 → 新 PID=15536 播种/登录流程接管完成
09-09 12:17:23 [sat] 队长当前位置: None（第1次传送后）
09-09 12:17:23 [sat] 面板读不到，按传送统一落点 [132,83] 兜底走位
09-09 12:17:24 [sat] [fail] tp 不可用
09-09 12:17:24 [sat] [warn] 第1轮走位未到锚点（pos=None）→ 重传送再来
09-09 12:17:25 [sat] p16336: tp/窗口不可用
09-09 12:17:26 [sat] p3400: 申请轮次结束（是否入队由队长批准裁决）
09-09 12:17:26 p17572 tp 状态消失（第1次，疑似服务器抹除）
09-09 12:17:28 [sat] 队长当前位置: None（第2次传送后）
09-09 12:17:28 [sat] 面板读不到，按传送统一落点 [132,83] 兜底走位
09-09 12:17:28 p3400 已拉起任务脚本（队员·一号美人 gw=file://pzxy_p3400）
09-09 12:17:28 [sat] [fail] tp 不可用
09-09 12:17:28 [sat] [warn] 第2轮走位未到锚点（pos=None）→ 重传送再来
09-09 12:17:28 [sat] [fail] 队长两轮走位均未到达 [139,80]——本轮禁止队员归队（防打乱坐标）
09-09 12:17:31 p17420 已拉起任务脚本（队长·二号美人 gw=file://pzxy_p17420）
09-09 12:17:31 [sat] p16336: tp/窗口不可用
09-09 12:17:32 p15536 登录点击重放完毕，等待进入场景…
09-09 12:17:33 p3400 tp 状态消失（第1次，疑似服务器抹除）
09-09 12:17:35 p15536 检测到已登录 ✓
09-09 12:17:37 p17420 tp 状态消失（第1次，疑似服务器抹除）
09-09 12:17:37 [sat] p16336: tp/窗口不可用
09-09 12:17:41 p17572 tp 连续消失 3 次 → 杀游戏重启闭环
09-09 12:17:41 p17572 旧游戏进程卡死，已强制结束
09-09 12:17:42 [sat] p15536: tp/窗口不可用
09-09 12:17:42 p17572 已重启为新进程 PID=9464，等待登录界面…
09-09 12:17:43 [sat] p16336: 申请轮次结束（是否入队由队长批准裁决）
09-09 12:17:43 p9464 检测到登录界面，开始播种…
09-09 12:17:45 p16336 任务脚本已死 → 自动补拉
09-09 12:17:45 p16336 已拉起任务脚本（队员·这是猛男 gw=file://pzxy_p16336）
09-09 12:17:46 p16336 任务脚本已在跑，跳过
09-09 12:17:47 p16336 tp 状态消失（第1次，疑似服务器抹除）
09-09 12:17:48 [sat] p15536: tp/窗口不可用
09-09 12:17:50 p9464 播种成功 ✓
09-09 12:17:50 p17572 → 新 PID=9464 播种/登录流程接管完成
09-09 12:17:50 p9464 重放 member#2 登录点击 4 步…
09-09 12:17:52 p17420 tp 连续消失 3 次 → 杀游戏重启闭环
09-09 12:17:52 p17420 旧游戏进程卡死，已强制结束
09-09 12:17:53 p17420 已重启为新进程 PID=9148，等待登录界面…
09-09 12:17:54 p9148 检测到登录界面，开始播种…
09-09 12:17:56 p3400 tp 连续消失 3 次 → 杀游戏重启闭环
09-09 12:17:56 p3400 旧游戏进程卡死，已强制结束
09-09 12:17:57 p3400 已重启为新进程 PID=19876，等待登录界面…
09-09 12:17:58 p9464 登录点击重放完毕，等待进入场景…
09-09 12:17:58 p19876 检测到登录界面，开始播种…
09-09 12:18:00 [sat] p15536: tp/窗口不可用
09-09 12:18:00 p9464 检测到已登录 ✓
09-09 12:18:01 p9148 播种成功 ✓
09-09 12:18:01 p9148 重放 leader#1 登录点击 4 步…
09-09 12:18:01 p17420 → 新 PID=9148 播种/登录流程接管完成
09-09 12:18:02 [看门狗] 队长 PID 变更 17420 → 9148，跟随新通道
09-09 12:18:05 p19876 播种成功 ✓
09-09 12:18:05 p3400 → 新 PID=19876 播种/登录流程接管完成
09-09 12:18:05 p19876 重放 member#4 登录点击 4 步…
09-09 12:18:06 [sat] p15536: 申请轮次结束（是否入队由队长批准裁决）
09-09 12:18:06 [sat] p9464: tp/窗口不可用
09-09 12:18:07 p9148 登录点击重放完毕，等待进入场景…
09-09 12:18:08 p15536 已拉起任务脚本（队员·三号美人 gw=file://pzxy_p15536）
09-09 12:18:08 p16336 tp 连续消失 3 次 → 杀游戏重启闭环
09-09 12:18:09 p16336 旧游戏进程卡死，已强制结束
09-09 12:18:10 p16336 已重启为新进程 PID=9808，等待登录界面…
09-09 12:18:10 p9148 检测到已登录 ✓
09-09 12:18:10 [sat] 队长准备: 传送 大唐官府 + 走位 [139,80]
09-09 12:18:12 p9808 检测到登录界面，开始播种…
09-09 12:18:12 [sat] p9464: tp/窗口不可用
09-09 12:18:13 p19876 登录点击重放完毕，等待进入场景…
09-09 12:18:14 p19876 检测到已登录 ✓
09-09 12:18:17 p15536 tp 状态消失（第1次，疑似服务器抹除）
09-09 12:18:18 p9808 播种成功 ✓
09-09 12:18:18 p16336 → 新 PID=9808 播种/登录流程接管完成
09-09 12:18:18 p9808 重放 member#3 登录点击 4 步…
09-09 12:18:18 [sat] p9464: tp/窗口不可用
09-09 12:18:20 [sat] 队长当前位置: (2640.0, 1660.0)（第1次传送后）
09-09 12:18:20 [sat] 走位点击 (540,240)（偏差 140,-60）——途中不点组队图标
09-09 12:18:24 [sat] p9464: 申请轮次结束（是否入队由队长批准裁决）
09-09 12:18:25 [sat] 队长已就位: (2777.9728650266, 1600.8687721315)（目标 (2780.0, 1600.0)，±3 格容差）
09-09 12:18:26 p9808 登录点击重放完毕，等待进入场景…
09-09 12:18:26 [sat] p19876: 已点队长身体 (537,241)（第1次申请）
09-09 12:18:27 p9464 已拉起任务脚本（队员·这是帅哥 gw=file://pzxy_p9464）
09-09 12:18:27 p9808 检测到已登录 ✓
09-09 12:18:27 [sat] p9808: 异图(江南野外≠队长大唐官府) 就地传送
09-09 12:18:27 p9148 已拉起任务脚本（队长·二号美人 gw=file://pzxy_p9148）
09-09 12:18:31 p15536 tp 连续消失 3 次 → 杀游戏重启闭环
09-09 12:18:31 p15536 旧游戏进程卡死，已强制结束
09-09 12:18:32 p15536 已重启为新进程 PID=17092，等待登录界面…
09-09 12:18:33 p17092 检测到登录界面，开始播种…
09-09 12:18:35 [看门狗] 检测到缺员 0/5 → 打断抓鬼，启动补组队
09-09 12:18:36 已打断 p9148 任务脚本（系统 PID 9440）
09-09 12:18:36 [sat] 队长准备: 传送 大唐官府 + 走位 [139,80]
09-09 12:18:36 [sat] 队长已在锚点附近 (2777.9728650266, 1600.8687721315)，跳过传送直接就位
09-09 12:18:36 [看门狗] 队伍已散（0 人）→ 重新建队
09-09 12:18:37 [sat] 建队第1次 脚底屏幕位 (417,292) → 身体点上移 50
09-09 12:18:39 [sat] p19876: 已点队长身体 (537,241)（第2次申请）
09-09 12:18:40 p17092 播种成功 ✓
09-09 12:18:40 p17092 重放 member#1 登录点击 4 步…
09-09 12:18:40 p15536 → 新 PID=17092 播种/登录流程接管完成
09-09 12:18:41 [sat] 建队第1次 顶栏stats（应为 1）: ((1, 0, '二号美人'),)
09-09 12:18:41 [sat] p9808: 已点队长身体 (537,241)（第1次申请）
09-09 12:18:41 [看门狗] 1 名在线队员并行申请归队
09-09 12:18:41 [sat] p9464: 已与队长同图(?)，直接申请
09-09 12:18:41 [sat] p9464: tp/窗口不可用
09-09 12:18:48 [sat] p9464: tp/窗口不可用
09-09 12:18:49 p17092 登录点击重放完毕，等待进入场景…
09-09 12:18:51 p17092 检测到已登录 ✓
09-09 12:18:51 [sat] p19876: 已点队长身体 (537,241)（第3次申请）
09-09 12:18:51 [sat] p17092: 异图(江南野外≠队长大唐官府) 就地传送
09-09 12:18:51 p9148 任务脚本已死 → 自动补拉
09-09 12:18:51 p9148 已拉起任务脚本（队长·二号美人 gw=file://pzxy_p9148）
09-09 12:18:52 [sat] p9808: 已点队长身体 (537,241)（第2次申请）
09-09 12:18:54 [sat] p9464: tp/窗口不可用
09-09 12:18:57 [sat] p19876: 申请轮次结束（是否入队由队长批准裁决）
09-09 12:18:59 p19876 已拉起任务脚本（队员·一号美人 gw=file://pzxy_p19876）
09-09 12:19:00 [sat] p9464: 申请轮次结束（是否入队由队长批准裁决）
09-09 12:19:01 [sat] p9808: 异图(大唐官府≠队长长安城) 就地传送
09-09 12:19:03 [sat] 当前成员数: 1（目标 5）
09-09 12:19:03 [sat] p17092: 已点队长身体 (537,240)（第1次申请）
09-09 12:19:06 p9464 tp 状态消失（第1次，疑似服务器抹除）
09-09 12:19:10 [sat] p17092: 异图(大唐官府≠队长长安城) 就地传送
09-09 12:19:12 [sat] p9808: 已点队长身体 (537,241)（第3次申请）
09-09 12:19:21 [sat] p9808: 申请轮次结束（是否入队由队长批准裁决）
09-09 12:19:21 [sat] p17092: 已点队长身体 (537,240)（第2次申请）
09-09 12:19:23 p9808 已拉起任务脚本（队员·这是猛男 gw=file://pzxy_p9808）
09-09 12:19:29 [sat] p17092: 异图(大唐官府≠队长长安城) 就地传送
09-09 12:19:41 [sat] p17092: 已点队长身体 (537,240)（第3次申请）
09-09 12:19:47 [sat] p17092: 申请轮次结束（是否入队由队长批准裁决）
09-09 12:19:50 p17092 已拉起任务脚本（队员·三号美人 gw=file://pzxy_p17092）
09-09 12:19:53 p9464 tp 连续消失 3 次 → 杀游戏重启闭环
09-09 12:19:54 p9464 旧游戏进程卡死，已强制结束
09-09 12:19:55 p9464 已重启为新进程 PID=14792，等待登录界面…
09-09 12:19:57 p14792 检测到登录界面，开始播种…
09-09 12:20:03 p14792 播种成功 ✓
09-09 12:20:03 p14792 重放 member#2 登录点击 4 步…
09-09 12:20:03 p9464 → 新 PID=14792 播种/登录流程接管完成
09-09 12:20:11 p14792 登录点击重放完毕，等待进入场景…
09-09 12:20:14 p14792 检测到已登录 ✓
09-09 12:20:16 [sat] p14792: 异图(江南野外≠队长长安城) 就地传送
09-09 12:20:27 [看门狗] 心跳: 1/5
09-09 12:20:28 [sat] p14792: 已点队长身体 (537,240)（第1次申请）
09-09 12:20:36 [sat] p14792: 异图(大唐官府≠队长长安城) 就地传送
09-09 12:20:48 [sat] p14792: 已点队长身体 (537,240)（第2次申请）
09-09 12:20:55 [sat] p14792: 异图(大唐官府≠队长长安城) 就地传送
09-09 12:21:07 [sat] p14792: 已点队长身体 (537,240)（第3次申请）
09-09 12:21:15 [sat] p14792: 申请轮次结束（是否入队由队长批准裁决）
09-09 12:21:17 p14792 已拉起任务脚本（队员·这是帅哥 gw=file://pzxy_p14792）
09-09 12:22:37 [看门狗] 心跳: 1/5
09-09 12:24:45 [看门狗] 心跳: 1/5
09-09 12:26:12 [看门狗] 补组批准结束: 1/5
09-09 12:26:13 [看门狗] 仍未满员，掉线队员回来后继续下一轮
09-09 12:26:22 [sat] 队长准备: 传送 大唐官府 + 走位 [139,80]
09-09 12:26:31 [sat] 队长当前位置: (3991.4780272324, 2322.9942406358)（第1次传送后）
09-09 12:26:31 [sat] [warn] 目标不在视野，改点视野边缘 (30,30) 逼近
09-09 12:26:31 [sat] 走位点击 (30,30)（偏差 -1211,-723）——途中不点组队图标
09-09 12:26:36 [sat] [warn] 第1次点击后位置未变 (3991,2323)
09-09 12:26:36 [sat] [warn] 目标不在视野，改点视野边缘 (30,30) 逼近
09-09 12:26:36 [sat] 走位点击 (30,30)（偏差 -1211,-723）——途中不点组队图标
09-09 12:26:41 [sat] [warn] 目标不在视野，改点视野边缘 (770,340) 逼近
09-09 12:26:41 [sat] 走位点击 (770,340)（偏差 480,40）——途中不点组队图标
09-09 12:26:46 [sat] 走位点击 (581,180)（偏差 181,-120）——途中不点组队图标
09-09 12:26:51 [sat] [warn] 第4次点击后位置未变 (2599,1720)
09-09 12:26:51 [sat] [warn] 第1轮走位未到锚点（pos=(2598.9906651412, 1719.9428933769)）→ 重传送再来
09-09 12:27:03 [sat] 队长当前位置: (2598.9906651412, 1719.9428933769)（第2次传送后）
09-09 12:27:03 [sat] 走位点击 (580,180)（偏差 181,-120）——途中不点组队图标
09-09 12:27:08 [sat] [warn] 第1次点击后位置未变 (2600,1720)
09-09 12:27:09 [sat] 走位点击 (580,180)（偏差 180,-120）——途中不点组队图标
09-09 12:27:13 [sat] [warn] 第2次点击后位置未变 (2598,1720)
09-09 12:27:13 [sat] [warn] 连续 2 次点击无移动 → 重传送重置走位
09-09 12:27:13 [sat] [warn] 第2轮走位未到锚点（pos=(2597.6307411199, 1719.9999982611)）→ 重传送再来
09-09 12:27:13 [sat] [fail] 队长两轮走位均未到达 [139,80]——本轮禁止队员归队（防打乱坐标）
09-09 12:27:13 [看门狗] 队长未就位 [139,80] → 本轮跳过队员归队（等下一轮，防打乱坐标）
09-09 12:27:56 [sat] 队长准备: 传送 大唐官府 + 走位 [139,80]
09-09 12:28:05 [sat] 队长当前位置: (3990.5676677528, 2312.0181653681)（第1次传送后）
09-09 12:28:05 [sat] [warn] 目标不在视野，改点视野边缘 (30,30) 逼近
09-09 12:28:05 [sat] 走位点击 (30,30)（偏差 -1211,-712）——途中不点组队图标
09-09 12:28:10 [sat] [warn] 第1次点击后位置未变 (3991,2312)
09-09 12:28:10 [sat] [warn] 目标不在视野，改点视野边缘 (30,30) 逼近
09-09 12:28:10 [sat] 走位点击 (30,30)（偏差 -1211,-712）——途中不点组队图标
09-09 12:28:15 [sat] [warn] 目标不在视野，改点视野边缘 (770,570) 逼近
09-09 12:28:15 [sat] 走位点击 (770,570)（偏差 2160,1260）——途中不点组队图标
09-09 12:28:20 [sat] [warn] 第3次点击后位置未变 (620,340)
09-09 12:28:20 [sat] [warn] 目标不在视野，改点视野边缘 (770,570) 逼近
09-09 12:28:20 [sat] 走位点击 (770,570)（偏差 2160,1260）——途中不点组队图标
09-09 12:28:25 [sat] [warn] 第4次点击后位置未变 (620,340)
09-09 12:28:25 [sat] [warn] 连续 2 次点击无移动 → 重传送重置走位
09-09 12:28:25 [sat] [warn] 第1轮走位未到锚点（pos=(620.0, 340.0)）→ 重传送再来
09-09 12:28:36 [sat] 队长当前位置: (620.0, 340.0)（第2次传送后）
09-09 12:28:36 [sat] [warn] 目标不在视野，改点视野边缘 (770,570) 逼近
09-09 12:28:36 [sat] 走位点击 (770,570)（偏差 2160,1260）——途中不点组队图标
09-09 12:28:42 [sat] [warn] 第1次点击后位置未变 (620,340)
09-09 12:28:43 [sat] [warn] 目标不在视野，改点视野边缘 (770,570) 逼近
09-09 12:28:43 [sat] 走位点击 (770,570)（偏差 2160,1260）——途中不点组队图标
09-09 12:28:50 [sat] [warn] 目标不在视野，改点视野边缘 (770,570) 逼近
09-09 12:28:50 [sat] 走位点击 (770,570)（偏差 2330,1324）——途中不点组队图标
09-09 12:28:56 [sat] [warn] 第3次点击后位置未变 (450,276)
09-09 12:28:56 [sat] [warn] 目标不在视野，改点视野边缘 (770,570) 逼近
09-09 12:28:56 [sat] 走位点击 (770,570)（偏差 2330,1324）——途中不点组队图标
09-09 12:29:01 [sat] [warn] 第2轮走位未到锚点（pos=(280.88981534179, 260.00000000143)）→ 重传送再来
09-09 12:29:01 [sat] [fail] 队长两轮走位均未到达 [139,80]——本轮禁止队员归队（防打乱坐标）
09-09 12:29:01 [看门狗] 队长未就位 [139,80] → 本轮跳过队员归队（等下一轮，防打乱坐标）
09-09 12:29:21 squad_auto_team 日志已桥接到 GUI（组队内部步骤可见）
09-09 12:29:27 已启动队员进程 PID=18844，等待登录界面窗口…
09-09 12:29:28 已启动队员进程 PID=18236，等待登录界面窗口…
09-09 12:29:28 已启动队员进程 PID=15068，等待登录界面窗口…
09-09 12:29:29 已启动队员进程 PID=17708，等待登录界面窗口…
09-09 12:29:29 p18844 检测到登录界面，开始播种…
09-09 12:29:29 p15068 检测到登录界面，开始播种…
09-09 12:29:30 p18236 检测到登录界面，开始播种…
09-09 12:29:30 已启动队长进程 PID=20096，等待登录界面窗口…
09-09 12:29:31 p17708 检测到登录界面，开始播种…
09-09 12:29:32 p20096 检测到登录界面，开始播种…
09-09 12:29:36 p18844 播种成功 ✓
09-09 12:29:36 p18844 重放 member#1 登录点击 4 步…
09-09 12:29:36 p15068 播种成功 ✓
09-09 12:29:36 p15068 重放 member#3 登录点击 4 步…
09-09 12:29:36 p18236 播种成功 ✓
09-09 12:29:36 p18236 重放 member#2 登录点击 4 步…
09-09 12:29:37 p17708 播种成功 ✓
09-09 12:29:37 p17708 重放 member#4 登录点击 4 步…
09-09 12:29:39 p20096 播种成功 ✓
09-09 12:29:39 p20096 重放 leader#1 登录点击 4 步…
09-09 12:29:44 p15068 登录点击重放完毕，等待进入场景…
09-09 12:29:44 p18844 登录点击重放完毕，等待进入场景…
09-09 12:29:44 p18236 登录点击重放完毕，等待进入场景…
09-09 12:29:45 p17708 登录点击重放完毕，等待进入场景…
09-09 12:29:45 p18844 检测到已登录 ✓
09-09 12:29:45 p15068 检测到已登录 ✓
09-09 12:29:45 p20096 登录点击重放完毕，等待进入场景…
09-09 12:29:47 p18236 检测到已登录 ✓
09-09 12:29:47 p17708 检测到已登录 ✓
09-09 12:29:47 p20096 检测到已登录 ✓
09-09 12:29:51 [内存] 已修剪 5 个游戏进程：1.5GB → 45.0MB（释放 1.5GB）
09-09 12:30:06 [autoTeam] Lua 队伍读数 0/5 未满员 → 走组队流程
09-09 12:30:06 [autoTeam] 阶段1: 4 名队员并行传送 大唐官府（队长由阶段2 负责）
09-09 12:30:15 p18844 传送完成 ✓
09-09 12:30:15 p18236 传送完成 ✓
09-09 12:30:15 p15068 传送完成 ✓
09-09 12:30:15 p17708 传送完成 ✓
09-09 12:30:15 [autoTeam] 阶段2: 队长走位[139,80]
09-09 12:30:15 [sat] 队长准备: 传送 大唐官府 + 走位 [139,80]
09-09 12:30:24 [sat] 队长当前位置: (2640.0, 1660.0)（第1次传送后）
09-09 12:30:25 [sat] 走位点击 (540,240)（偏差 140,-60）——途中不点组队图标
09-09 12:30:30 [sat] 队长已就位: (2778.285374097, 1600.7348396727)（目标 (2780.0, 1600.0)，±3 格容差）
09-09 12:30:30 [autoTeam] 阶段3: 建队
09-09 12:30:31 [sat] 建队第1次 脚底屏幕位 (417,292) → 身体点上移 50
09-09 12:30:35 [sat] 建队第1次 顶栏stats（应为 1）: ((1, 0, '二号美人'),)
09-09 12:30:35 [autoTeam] 阶段4: 4 名队员并行申请入队
09-09 12:30:36 [sat] p18844: 已与队长同图(大唐官府)，直接申请
09-09 12:30:36 [sat] p17708: 已与队长同图(大唐官府)，直接申请
09-09 12:30:36 [sat] p18236: 已与队长同图(大唐官府)，直接申请
09-09 12:30:36 [sat] p15068: 已与队长同图(大唐官府)，直接申请
09-09 12:30:40 [sat] p17708: 已点队长身体 (538,240)（第1次申请）
09-09 12:30:41 [sat] p18844: 已点队长身体 (538,240)（第1次申请）
09-09 12:30:41 [sat] p18236: 已点队长身体 (538,240)（第1次申请）
09-09 12:30:41 [sat] p15068: 已点队长身体 (538,240)（第1次申请）
09-09 12:30:53 [sat] p17708: 已点队长身体 (538,240)（第2次申请）
09-09 12:30:53 [sat] p18844: 已点队长身体 (538,240)（第2次申请）
09-09 12:30:53 [sat] p18236: 已点队长身体 (538,240)（第2次申请）
09-09 12:30:53 [sat] p15068: 已点队长身体 (538,240)（第2次申请）
09-09 12:31:00 [sat] p17708: 申请轮次结束（是否入队由队长批准裁决）
09-09 12:31:01 [sat] p18236: 申请轮次结束（是否入队由队长批准裁决）
09-09 12:31:01 [sat] p15068: 申请轮次结束（是否入队由队长批准裁决）
09-09 12:31:02 [sat] p18844: 申请轮次结束（是否入队由队长批准裁决）
09-09 12:31:02 [autoTeam] 阶段5: 队长批准申请
09-09 12:31:04 [sat] 当前成员数: 1（目标 5）
09-09 12:31:20 [sat] 当前成员数: 2（目标 5）
09-09 12:31:25 [sat] 当前成员数: 3（目标 5）
09-09 12:31:29 [sat] 当前成员数: 4（目标 5）
09-09 12:31:34 [sat] 当前成员数: 5（目标 5）
09-09 12:31:34 [autoTeam] 批准结束: 成员=5/目标=5
09-09 12:31:42 [sat] 阵法验证: 天覆阵/4
09-09 12:31:42 [autoTeam] 天覆阵完成 ✓
09-09 12:31:42 p18844 已拉起任务脚本（队员·三号美人 gw=file://pzxy_p18844）
09-09 12:31:42 p18236 已拉起任务脚本（队员·这是帅哥 gw=file://pzxy_p18236）
09-09 12:31:42 p15068 已拉起任务脚本（队员·这是猛男 gw=file://pzxy_p15068）
09-09 12:31:43 p17708 已拉起任务脚本（队员·一号美人 gw=file://pzxy_p17708）
09-09 12:31:43 p20096 已拉起任务脚本（队长·二号美人 gw=file://pzxy_p20096）
09-09 12:31:43 [autoTeam] 组队+任务脚本启动完成
09-09 12:31:43 [看门狗] 启动（目标 5 人，每 15s 判定）
09-09 12:31:43 已清理残留任务脚本（绑定死 PID 9148，系统 PID 19508）
09-09 12:31:43 已清理残留任务脚本（绑定死 PID 19876，系统 PID 20448）
09-09 12:31:43 已清理残留任务脚本（绑定死 PID 9808，系统 PID 14260）
09-09 12:31:44 已清理残留任务脚本（绑定死 PID 17092，系统 PID 16004）
09-09 12:31:44 已清理残留任务脚本（绑定死 PID 14792，系统 PID 13432）
09-09 12:33:52 [看门狗] 心跳: 5/5
09-09 12:35:59 [看门狗] 心跳: 5/5
09-09 12:38:30 p15068 tp 状态消失（第1次，疑似服务器抹除）
09-09 12:38:32 p18236 tp 状态消失（第1次，疑似服务器抹除）
09-09 12:38:34 p18844 tp 状态消失（第1次，疑似服务器抹除）
09-09 12:38:34 p20096 tp 状态消失（第1次，疑似服务器抹除）
09-09 12:38:37 p17708 tp 状态消失（第1次，疑似服务器抹除）
09-09 12:38:47 p15068 tp 连续消失 3 次 → 杀游戏重启闭环
09-09 12:38:48 p15068 旧游戏进程卡死，已强制结束
09-09 12:38:49 p15068 已重启为新进程 PID=19220，等待登录界面…
09-09 12:38:50 p18236 tp 连续消失 3 次 → 杀游戏重启闭环
09-09 12:38:50 p18236 旧游戏进程卡死，已强制结束
09-09 12:38:51 p19220 检测到登录界面，开始播种…
09-09 12:38:51 p18236 已重启为新进程 PID=7216，等待登录界面…
09-09 12:38:52 p17708 tp 连续消失 3 次 → 杀游戏重启闭环
09-09 12:38:52 p17708 旧游戏进程卡死，已强制结束
09-09 12:38:53 p7216 检测到登录界面，开始播种…
09-09 12:38:53 p17708 已重启为新进程 PID=9408，等待登录界面…
09-09 12:38:55 p9408 检测到登录界面，开始播种…
09-09 12:38:56 p18844 tp 连续消失 3 次 → 杀游戏重启闭环
09-09 12:38:56 p18844 旧游戏进程卡死，已强制结束
09-09 12:38:57 p19220 播种成功 ✓
09-09 12:38:57 p19220 重放 member#3 登录点击 4 步…
09-09 12:38:57 p15068 → 新 PID=19220 播种/登录流程接管完成
09-09 12:38:57 p18844 已重启为新进程 PID=9688，等待登录界面…
09-09 12:38:58 p9688 检测到登录界面，开始播种…
09-09 12:39:00 p7216 播种成功 ✓
09-09 12:39:00 p7216 重放 member#2 登录点击 4 步…
09-09 12:39:00 p18236 → 新 PID=7216 播种/登录流程接管完成
09-09 12:39:02 p9408 播种成功 ✓
09-09 12:39:02 p9408 重放 member#4 登录点击 4 步…
09-09 12:39:02 p17708 → 新 PID=9408 播种/登录流程接管完成
09-09 12:39:02 p20096 tp 连续消失 3 次 → 杀游戏重启闭环
09-09 12:39:03 p20096 旧游戏进程卡死，已强制结束
09-09 12:39:04 p20096 已重启为新进程 PID=17552，等待登录界面…
09-09 12:39:05 p17552 检测到登录界面，开始播种…
09-09 12:39:05 p9688 播种成功 ✓
09-09 12:39:05 p9688 重放 member#1 登录点击 4 步…
09-09 12:39:05 p18844 → 新 PID=9688 播种/登录流程接管完成
09-09 12:39:05 p19220 登录点击重放完毕，等待进入场景…
09-09 12:39:06 p19220 检测到已登录 ✓
09-09 12:39:08 p7216 登录点击重放完毕，等待进入场景…
09-09 12:39:10 p9408 登录点击重放完毕，等待进入场景…
09-09 12:39:10 [看门狗] 队长 PID 变更 20096 → 17552，跟随新通道
09-09 12:39:10 p7216 检测到已登录 ✓
09-09 12:39:11 p17552 播种成功 ✓
09-09 12:39:11 p17552 重放 leader#1 登录点击 4 步…
09-09 12:39:11 p20096 → 新 PID=17552 播种/登录流程接管完成
09-09 12:39:12 [sat] p19220: tp/窗口不可用
09-09 12:39:12 p9408 检测到已登录 ✓
09-09 12:39:14 p9688 登录点击重放完毕，等待进入场景…
09-09 12:39:16 [sat] p7216: tp/窗口不可用
09-09 12:39:16 p9688 检测到已登录 ✓
09-09 12:39:18 p17552 登录点击重放完毕，等待进入场景…
09-09 12:39:18 [sat] p9408: tp/窗口不可用
09-09 12:39:18 [sat] p19220: tp/窗口不可用
09-09 12:39:20 p17552 检测到已登录 ✓
09-09 12:39:20 [sat] 队长准备: 传送 大唐官府 + 走位 [139,80]
09-09 12:39:22 [sat] p9688: tp/窗口不可用
09-09 12:39:22 [sat] p7216: tp/窗口不可用
09-09 12:39:24 [sat] p9408: tp/窗口不可用
09-09 12:39:25 [sat] p19220: tp/窗口不可用
09-09 12:39:28 [sat] p9688: tp/窗口不可用
09-09 12:39:29 [sat] p7216: tp/窗口不可用
09-09 12:39:31 [sat] p19220: 申请轮次结束（是否入队由队长批准裁决）
09-09 12:39:31 [sat] p9408: tp/窗口不可用
09-09 12:39:32 [sat] 队长当前位置: None（第1次传送后）
09-09 12:39:32 [sat] 面板读不到，按传送统一落点 [132,83] 兜底走位
09-09 12:39:32 [sat] [fail] tp 不可用
09-09 12:39:32 [sat] [warn] 第1轮走位未到锚点（pos=None）→ 重传送再来
09-09 12:39:33 p19220 已拉起任务脚本（队员·这是猛男 gw=file://pzxy_p19220）
09-09 12:39:35 [sat] p7216: 申请轮次结束（是否入队由队长批准裁决）
09-09 12:39:35 [sat] p9688: tp/窗口不可用
09-09 12:39:36 p19220 tp 状态消失（第1次，疑似服务器抹除）
09-09 12:39:37 [sat] p9408: 申请轮次结束（是否入队由队长批准裁决）
09-09 12:39:37 [sat] 队长当前位置: None（第2次传送后）
09-09 12:39:37 [sat] 面板读不到，按传送统一落点 [132,83] 兜底走位
09-09 12:39:37 [sat] [fail] tp 不可用
09-09 12:39:37 [sat] [warn] 第2轮走位未到锚点（pos=None）→ 重传送再来
09-09 12:39:37 [sat] [fail] 队长两轮走位均未到达 [139,80]——本轮禁止队员归队（防打乱坐标）
09-09 12:39:37 p7216 已拉起任务脚本（队员·这是帅哥 gw=file://pzxy_p7216）
09-09 12:39:38 p17552 tp 状态消失（第1次，疑似服务器抹除）
09-09 12:39:39 p9408 已拉起任务脚本（队员·一号美人 gw=file://pzxy_p9408）
09-09 12:39:39 p17552 已拉起任务脚本（队长·二号美人 gw=file://pzxy_p17552）
09-09 12:39:41 [sat] p9688: 申请轮次结束（是否入队由队长批准裁决）
09-09 12:39:43 p9408 tp 状态消失（第1次，疑似服务器抹除）
09-09 12:39:43 p9688 已拉起任务脚本（队员·三号美人 gw=file://pzxy_p9688）
09-09 12:39:47 p7216 tp 状态消失（第1次，疑似服务器抹除）
09-09 12:39:50 p9688 tp 状态消失（第1次，疑似服务器抹除）
09-09 12:39:50 p17552 tp 连续消失 3 次 → 杀游戏重启闭环
09-09 12:39:50 p17552 旧游戏进程卡死，已强制结束
09-09 12:39:51 p17552 已重启为新进程 PID=18724，等待登录界面…
09-09 12:39:52 p18724 检测到登录界面，开始播种…
09-09 12:39:54 p9408 tp 连续消失 3 次 → 杀游戏重启闭环
09-09 12:39:55 p9408 旧游戏进程卡死，已强制结束
09-09 12:39:56 p9408 已重启为新进程 PID=5524，等待登录界面…
09-09 12:39:57 [看门狗] 队长 PID 变更 17552 → 18724，跟随新通道
09-09 12:39:58 p5524 检测到登录界面，开始播种…
09-09 12:39:59 p18724 播种成功 ✓
09-09 12:39:59 p18724 重放 leader#1 登录点击 4 步…
09-09 12:39:59 p17552 → 新 PID=18724 播种/登录流程接管完成
09-09 12:40:03 p19220 tp 连续消失 3 次 → 杀游戏重启闭环
09-09 12:40:03 p19220 旧游戏进程卡死，已强制结束
09-09 12:40:04 p19220 已重启为新进程 PID=13036，等待登录界面…
09-09 12:40:04 p5524 播种成功 ✓
09-09 12:40:04 p5524 重放 member#4 登录点击 4 步…
09-09 12:40:04 p9408 → 新 PID=5524 播种/登录流程接管完成
09-09 12:40:05 p18724 登录点击重放完毕，等待进入场景…
09-09 12:40:06 p13036 检测到登录界面，开始播种…
09-09 12:40:07 p7216 tp 连续消失 3 次 → 杀游戏重启闭环
09-09 12:40:07 p18724 检测到已登录 ✓
09-09 12:40:07 [sat] 队长准备: 传送 大唐官府 + 走位 [139,80]
09-09 12:40:07 p7216 旧游戏进程卡死，已强制结束
09-09 12:40:08 p7216 已重启为新进程 PID=7288，等待登录界面…
09-09 12:40:09 p7288 检测到登录界面，开始播种…
09-09 12:40:12 p5524 登录点击重放完毕，等待进入场景…
09-09 12:40:12 p13036 播种成功 ✓
09-09 12:40:12 p13036 重放 member#3 登录点击 4 步…
09-09 12:40:12 p19220 → 新 PID=13036 播种/登录流程接管完成
09-09 12:40:15 p9688 tp 连续消失 3 次 → 杀游戏重启闭环
09-09 12:40:15 p5524 检测到已登录 ✓
09-09 12:40:15 p9688 旧游戏进程卡死，已强制结束
09-09 12:40:16 p7288 播种成功 ✓
09-09 12:40:16 p7216 → 新 PID=7288 播种/登录流程接管完成
09-09 12:40:16 p7288 重放 member#2 登录点击 4 步…
09-09 12:40:16 p9688 已重启为新进程 PID=14776，等待登录界面…
09-09 12:40:17 [sat] 队长当前位置: (2640.0, 1660.0)（第1次传送后）
09-09 12:40:17 [sat] 走位点击 (540,240)（偏差 140,-60）——途中不点组队图标
09-09 12:40:17 p14776 检测到登录界面，开始播种…
09-09 12:40:20 p13036 登录点击重放完毕，等待进入场景…
09-09 12:40:21 [sat] 队长已就位: (2778.285374388, 1600.734839548)（目标 (2780.0, 1600.0)，±3 格容差）
09-09 12:40:23 p13036 检测到已登录 ✓
09-09 12:40:24 [sat] p13036: 异图(江南野外≠队长大唐官府) 就地传送
09-09 12:40:24 p18724 已拉起任务脚本（队长·二号美人 gw=file://pzxy_p18724）
09-09 12:40:24 p7288 登录点击重放完毕，等待进入场景…
09-09 12:40:24 p14776 播种成功 ✓
09-09 12:40:24 p14776 重放 member#1 登录点击 4 步…
09-09 12:40:24 p9688 → 新 PID=14776 播种/登录流程接管完成
09-09 12:40:25 p7288 检测到已登录 ✓
09-09 12:40:26 [sat] p7288: 异图(江南野外≠队长大唐官府) 就地传送
09-09 12:40:27 [sat] p5524: 已点队长身体 (538,240)（第1次申请）
09-09 12:40:27 [看门狗] 检测到缺员 0/5 → 打断抓鬼，启动补组队
09-09 12:40:28 已打断 p18724 任务脚本（系统 PID 7936）
09-09 12:40:28 [sat] 队长准备: 传送 大唐官府 + 走位 [139,80]
09-09 12:40:28 [sat] 队长已在锚点附近 (2778.285374388, 1600.734839548)，跳过传送直接就位
09-09 12:40:28 [看门狗] 队伍已散（0 人）→ 重新建队
09-09 12:40:30 [sat] 建队第1次 脚底屏幕位 (417,292) → 身体点上移 50
09-09 12:40:33 p14776 登录点击重放完毕，等待进入场景…
09-09 12:40:33 [sat] 建队第1次 顶栏stats（应为 1）: ((1, 0, '二号美人'),)
09-09 12:40:33 p14776 检测到已登录 ✓
09-09 12:40:34 [sat] p14776: 异图(江南野外≠队长大唐官府) 就地传送
09-09 12:40:35 [sat] p13036: 已点队长身体 (538,240)（第1次申请）
09-09 12:40:36 [sat] 当前成员数: 1（目标 5）
09-09 12:40:37 [sat] p7288: 已点队长身体 (538,240)（第1次申请）
09-09 12:40:37 [sat] p5524: 已点队长身体 (538,240)（第2次申请）
09-09 12:40:41 [sat] 当前成员数: 2（目标 5）
09-09 12:40:43 p18724 任务脚本已死 → 自动补拉
09-09 12:40:43 p18724 已拉起任务脚本（队长·二号美人 gw=file://pzxy_p18724）
09-09 12:40:45 [sat] p14776: 已点队长身体 (538,240)（第1次申请）
09-09 12:40:45 [sat] 当前成员数: 3（目标 5）
09-09 12:40:47 [sat] p7288: 已点队长身体 (538,240)（第2次申请）
09-09 12:40:48 [sat] p5524: 已点队长身体 (538,240)（第3次申请）
09-09 12:40:48 [sat] p13036: 已点队长身体 (538,240)（第2次申请）
09-09 12:40:50 [sat] 当前成员数: 4（目标 5）
09-09 12:40:56 [sat] 当前成员数: 5（目标 5）
09-09 12:40:56 [看门狗] 补组批准结束: 5/5
09-09 12:40:57 [sat] p5524: 申请轮次结束（是否入队由队长批准裁决）
09-09 12:40:58 [sat] p14776: 已点队长身体 (538,240)（第2次申请）
09-09 12:40:59 [sat] p7288: 已点队长身体 (538,240)（第3次申请）
09-09 12:40:59 p5524 已拉起任务脚本（队员·一号美人 gw=file://pzxy_p5524）
09-09 12:40:59 [看门狗] 队伍满员 5/5，恢复抓鬼
09-09 12:40:59 p5524 任务脚本已在跑，跳过
09-09 12:41:00 p18724 任务脚本已在跑，跳过
09-09 12:41:01 [sat] p13036: 已点队长身体 (538,240)（第3次申请）
09-09 12:41:03 [sat] 阵法验证: 天覆阵/4
09-09 12:41:03 p5524 任务脚本已在跑，跳过
09-09 12:41:04 p18724 任务脚本已在跑，跳过
09-09 12:41:04 [看门狗] 满员，抓鬼已恢复 ✓
09-09 12:41:06 [sat] p7288: 申请轮次结束（是否入队由队长批准裁决）
09-09 12:41:08 p7288 已拉起任务脚本（队员·这是帅哥 gw=file://pzxy_p7288）
09-09 12:41:09 [sat] p13036: 申请轮次结束（是否入队由队长批准裁决）
09-09 12:41:11 p13036 已拉起任务脚本（队员·这是猛男 gw=file://pzxy_p13036）
09-09 12:41:11 [sat] p14776: 已点队长身体 (538,240)（第3次申请）
09-09 12:41:18 [sat] p14776: 申请轮次结束（是否入队由队长批准裁决）
09-09 12:41:20 p14776 已拉起任务脚本（队员·三号美人 gw=file://pzxy_p14776）
09-09 12:42:19 [看门狗] 心跳: 5/5
09-09 12:46:32 [看门狗] 心跳: 5/5
09-09 12:52:55 [看门狗] 心跳: 5/5
09-09 12:55:08 [看门狗] 心跳: 5/5
09-09 12:59:25 [看门狗] 心跳: 5/5
09-09 12:59:52 [内存] 已修剪 5 个游戏进程：3.2GB → 102.1MB（释放 3.1GB）
09-09 13:01:32 [看门狗] 心跳: 5/5
09-09 13:03:40 [看门狗] 队伍数据连续读不到（120 轮），检查通道/面板
09-09 13:03:40 p5524 tp 状态消失（第1次，疑似服务器抹除）
09-09 13:03:42 p13036 tp 状态消失（第1次，疑似服务器抹除）
09-09 13:03:44 p7288 tp 状态消失（第1次，疑似服务器抹除）
09-09 13:03:46 p14776 tp 状态消失（第1次，疑似服务器抹除）
09-09 13:03:46 p18724 tp 状态消失（第1次，疑似服务器抹除）
09-09 13:03:57 p5524 tp 连续消失 3 次 → 杀游戏重启闭环
09-09 13:03:58 p5524 旧游戏进程卡死，已强制结束
09-09 13:03:59 p5524 已重启为新进程 PID=12996，等待登录界面…
09-09 13:04:00 p13036 tp 连续消失 3 次 → 杀游戏重启闭环
09-09 13:04:00 p13036 旧游戏进程卡死，已强制结束
09-09 13:04:01 p12996 检测到登录界面，开始播种…
09-09 13:04:01 p13036 已重启为新进程 PID=10360，等待登录界面…
09-09 13:04:02 p18724 tp 连续消失 3 次 → 杀游戏重启闭环
09-09 13:04:02 p18724 旧游戏进程卡死，已强制结束
09-09 13:04:03 p10360 检测到登录界面，开始播种…
09-09 13:04:03 p18724 已重启为新进程 PID=18544，等待登录界面…
09-09 13:04:05 p18544 检测到登录界面，开始播种…
09-09 13:04:06 p7288 tp 连续消失 3 次 → 杀游戏重启闭环
09-09 13:04:06 p7288 旧游戏进程卡死，已强制结束
09-09 13:04:07 p12996 播种成功 ✓
09-09 13:04:07 p12996 重放 member#4 登录点击 4 步…
09-09 13:04:07 p5524 → 新 PID=12996 播种/登录流程接管完成
09-09 13:04:07 p7288 已重启为新进程 PID=7908，等待登录界面…
09-09 13:04:08 p7908 检测到登录界面，开始播种…
09-09 13:04:10 p10360 播种成功 ✓
09-09 13:04:10 p10360 重放 member#3 登录点击 4 步…
09-09 13:04:10 p13036 → 新 PID=10360 播种/登录流程接管完成
09-09 13:04:10 [看门狗] 队长 PID 变更 18724 → 18544，跟随新通道
09-09 13:04:12 p18544 播种成功 ✓
09-09 13:04:12 p18544 重放 leader#1 登录点击 4 步…
09-09 13:04:12 p18724 → 新 PID=18544 播种/登录流程接管完成
09-09 13:04:14 p14776 tp 连续消失 3 次 → 杀游戏重启闭环
09-09 13:04:15 p14776 旧游戏进程卡死，已强制结束
09-09 13:04:15 p7908 播种成功 ✓
09-09 13:04:15 p7908 重放 member#2 登录点击 4 步…
09-09 13:04:15 p7288 → 新 PID=7908 播种/登录流程接管完成
09-09 13:04:15 p12996 登录点击重放完毕，等待进入场景…
09-09 13:04:16 p14776 已重启为新进程 PID=19776，等待登录界面…
09-09 13:04:17 p19776 检测到登录界面，开始播种…
09-09 13:04:17 p10360 登录点击重放完毕，等待进入场景…
09-09 13:04:18 p12996 检测到已登录 ✓
09-09 13:04:18 p18544 登录点击重放完毕，等待进入场景…
09-09 13:04:20 p10360 检测到已登录 ✓
09-09 13:04:20 p18544 检测到已登录 ✓
09-09 13:04:20 [sat] 队长准备: 传送 大唐官府 + 走位 [139,80]
09-09 13:04:23 p19776 播种成功 ✓
09-09 13:04:23 p19776 重放 member#1 登录点击 4 步…
09-09 13:04:23 p14776 → 新 PID=19776 播种/登录流程接管完成
09-09 13:04:23 p7908 登录点击重放完毕，等待进入场景…
09-09 13:04:24 [sat] p12996: tp/窗口不可用
09-09 13:04:24 p7908 检测到已登录 ✓
09-09 13:04:26 [sat] p10360: tp/窗口不可用
09-09 13:04:30 [sat] p7908: tp/窗口不可用
09-09 13:04:30 [sat] p12996: tp/窗口不可用
09-09 13:04:32 p19776 登录点击重放完毕，等待进入场景…
09-09 13:04:32 [sat] 队长当前位置: None（第1次传送后）
09-09 13:04:32 [sat] 面板读不到，按传送统一落点 [132,83] 兜底走位
09-09 13:04:32 [sat] [fail] tp 不可用
09-09 13:04:32 [sat] [warn] 第1轮走位未到锚点（pos=None）→ 重传送再来
09-09 13:04:32 [sat] p10360: tp/窗口不可用
09-09 13:04:34 p19776 检测到已登录 ✓
09-09 13:04:36 [sat] p7908: tp/窗口不可用
09-09 13:04:37 [sat] 队长当前位置: None（第2次传送后）
09-09 13:04:37 [sat] 面板读不到，按传送统一落点 [132,83] 兜底走位
09-09 13:04:37 [sat] p12996: tp/窗口不可用
09-09 13:04:37 [sat] [fail] tp 不可用
09-09 13:04:37 [sat] [warn] 第2轮走位未到锚点（pos=None）→ 重传送再来
09-09 13:04:37 [sat] [fail] 队长两轮走位均未到达 [139,80]——本轮禁止队员归队（防打乱坐标）
09-09 13:04:39 [sat] p10360: tp/窗口不可用
09-09 13:04:39 p18544 已拉起任务脚本（队长·二号美人 gw=file://pzxy_p18544）
09-09 13:04:40 [sat] p19776: tp/窗口不可用
09-09 13:04:41 [看门狗] 队伍数据连续读不到（124 轮），检查通道/面板
09-09 13:04:42 [sat] p7908: tp/窗口不可用
09-09 13:04:43 [sat] p12996: 申请轮次结束（是否入队由队长批准裁决）
09-09 13:04:44 p12996 tp 状态消失（第1次，疑似服务器抹除）
09-09 13:04:45 [sat] p10360: 申请轮次结束（是否入队由队长批准裁决）
09-09 13:04:45 p12996 已拉起任务脚本（队员·一号美人 gw=file://pzxy_p12996）
09-09 13:04:46 [sat] p19776: tp/窗口不可用
09-09 13:04:47 p18544 tp 状态消失（第1次，疑似服务器抹除）
09-09 13:04:47 p10360 已拉起任务脚本（队员·这是猛男 gw=file://pzxy_p10360）
09-09 13:04:48 [sat] p7908: 申请轮次结束（是否入队由队长批准裁决）
09-09 13:04:51 p7908 已拉起任务脚本（队员·这是帅哥 gw=file://pzxy_p7908）
09-09 13:04:51 p18544 tp 连续消失 3 次 → 杀游戏重启闭环
09-09 13:04:52 p18544 旧游戏进程卡死，已强制结束
09-09 13:04:52 [sat] p19776: tp/窗口不可用
09-09 13:04:53 p18544 已重启为新进程 PID=4696，等待登录界面…
09-09 13:04:54 p4696 检测到登录界面，开始播种…
09-09 13:04:55 p7908 tp 状态消失（第1次，疑似服务器抹除）
09-09 13:04:56 [看门狗] 队长 PID 变更 18544 → 4696，跟随新通道
09-09 13:04:58 p10360 tp 状态消失（第1次，疑似服务器抹除）
09-09 13:04:58 [sat] p19776: 申请轮次结束（是否入队由队长批准裁决）
09-09 13:05:00 p4696 播种成功 ✓
09-09 13:05:00 p4696 重放 leader#1 登录点击 4 步…
09-09 13:05:00 p18544 → 新 PID=4696 播种/登录流程接管完成
09-09 13:05:01 p19776 已拉起任务脚本（队员·三号美人 gw=file://pzxy_p19776）
09-09 13:05:02 p10360 tp 连续消失 3 次 → 杀游戏重启闭环
09-09 13:05:02 p10360 旧游戏进程卡死，已强制结束
09-09 13:05:03 p10360 已重启为新进程 PID=17624，等待登录界面…
09-09 13:05:04 p17624 检测到登录界面，开始播种…
09-09 13:05:07 p4696 登录点击重放完毕，等待进入场景…
09-09 13:05:08 p19776 tp 状态消失（第1次，疑似服务器抹除）
09-09 13:05:08 p4696 检测到已登录 ✓
09-09 13:05:08 [sat] 队长准备: 传送 大唐官府 + 走位 [139,80]
09-09 13:05:11 p17624 播种成功 ✓
09-09 13:05:11 p17624 重放 member#3 登录点击 4 步…
09-09 13:05:11 p10360 → 新 PID=17624 播种/登录流程接管完成
09-09 13:05:12 p12996 tp 连续消失 3 次 → 杀游戏重启闭环
09-09 13:05:13 p12996 旧游戏进程卡死，已强制结束
09-09 13:05:14 p12996 已重启为新进程 PID=17428，等待登录界面…
09-09 13:05:15 p17428 检测到登录界面，开始播种…
09-09 13:05:16 p7908 tp 连续消失 3 次 → 杀游戏重启闭环
09-09 13:05:17 p7908 旧游戏进程卡死，已强制结束
09-09 13:05:18 p7908 已重启为新进程 PID=16968，等待登录界面…
09-09 13:05:19 p17624 登录点击重放完毕，等待进入场景…
09-09 13:05:19 [sat] 队长当前位置: None（第1次传送后）
09-09 13:05:19 [sat] 面板读不到，按传送统一落点 [132,83] 兜底走位
09-09 13:05:20 [sat] [fail] tp 不可用
09-09 13:05:20 [sat] [warn] 第1轮走位未到锚点（pos=None）→ 重传送再来
09-09 13:05:20 p16968 检测到登录界面，开始播种…
09-09 13:05:20 p17624 检测到已登录 ✓
09-09 13:05:21 p17428 播种成功 ✓
09-09 13:05:21 p17428 重放 member#4 登录点击 4 步…
09-09 13:05:21 p12996 → 新 PID=17428 播种/登录流程接管完成
09-09 13:05:24 [sat] 队长当前位置: None（第2次传送后）
09-09 13:05:24 [sat] 面板读不到，按传送统一落点 [132,83] 兜底走位
09-09 13:05:24 [sat] [fail] tp 不可用
09-09 13:05:24 [sat] [warn] 第2轮走位未到锚点（pos=None）→ 重传送再来
09-09 13:05:24 [sat] [fail] 队长两轮走位均未到达 [139,80]——本轮禁止队员归队（防打乱坐标）
09-09 13:05:26 p16968 播种成功 ✓
09-09 13:05:26 p7908 → 新 PID=16968 播种/登录流程接管完成
09-09 13:05:26 p16968 重放 member#2 登录点击 4 步…
09-09 13:05:27 p4696 已拉起任务脚本（队长·二号美人 gw=file://pzxy_p4696）
09-09 13:05:29 p19776 tp 连续消失 3 次 → 杀游戏重启闭环
09-09 13:05:29 p19776 旧游戏进程卡死，已强制结束
09-09 13:05:29 p17428 登录点击重放完毕，等待进入场景…
09-09 13:05:30 p19776 已重启为新进程 PID=18476，等待登录界面…
09-09 13:05:31 p17428 检测到已登录 ✓
09-09 13:05:32 p18476 检测到登录界面，开始播种…
09-09 13:05:33 [sat] p17624: 已点队长身体 (538,240)（第1次申请）
09-09 13:05:34 p16968 登录点击重放完毕，等待进入场景…
09-09 13:05:35 p4696 tp 状态消失（第1次，疑似服务器抹除）
09-09 13:05:37 p16968 检测到已登录 ✓
09-09 13:05:39 p18476 播种成功 ✓
09-09 13:05:39 p19776 → 新 PID=18476 播种/登录流程接管完成
09-09 13:05:39 p18476 重放 member#1 登录点击 4 步…
09-09 13:05:43 [看门狗] 队伍数据连续读不到（128 轮），检查通道/面板
09-09 13:05:44 [sat] p17428: 已点队长身体 (538,240)（第1次申请）
09-09 13:05:45 [sat] p17624: 已点队长身体 (416,338)（第2次申请）
09-09 13:05:47 p18476 登录点击重放完毕，等待进入场景…
09-09 13:05:49 [sat] p16968: 已点队长身体 (538,240)（第1次申请）
09-09 13:05:49 p18476 检测到已登录 ✓
09-09 13:05:51 p4696 tp 连续消失 3 次 → 杀游戏重启闭环
09-09 13:05:52 p4696 旧游戏进程卡死，已强制结束
09-09 13:05:53 p4696 已重启为新进程 PID=440，等待登录界面…
09-09 13:05:55 p440 检测到登录界面，开始播种…
09-09 13:05:58 [看门狗] 队长 PID 变更 4696 → 440，跟随新通道
09-09 13:05:58 [sat] p17624: 已点队长身体 (416,338)（第3次申请）
09-09 13:06:01 [sat] p17428: 已点队长身体 (418,340)（第2次申请）
09-09 13:06:01 [sat] p16968: 已点队长身体 (419,336)（第2次申请）
09-09 13:06:02 p440 播种成功 ✓
09-09 13:06:02 p440 重放 leader#1 登录点击 4 步…
09-09 13:06:02 p4696 → 新 PID=440 播种/登录流程接管完成
09-09 13:06:02 [sat] p18476: 已点队长身体 (538,240)（第1次申请）
09-09 13:06:04 [sat] p17624: 申请轮次结束（是否入队由队长批准裁决）
09-09 13:06:06 p17624 已拉起任务脚本（队员·这是猛男 gw=file://pzxy_p17624）
09-09 13:06:08 p440 登录点击重放完毕，等待进入场景…
09-09 13:06:09 p440 检测到已登录 ✓
09-09 13:06:09 [sat] 队长准备: 传送 大唐官府 + 走位 [139,80]
09-09 13:06:12 [sat] p17428: 已点队长身体 (418,340)（第3次申请）
09-09 13:06:14 [sat] p18476: 已点队长身体 (416,338)（第2次申请）
09-09 13:06:14 [sat] p16968: 已点队长身体 (419,336)（第3次申请）
09-09 13:06:18 [sat] p17428: 申请轮次结束（是否入队由队长批准裁决）
09-09 13:06:20 [sat] 队长当前位置: (2640.0, 1660.0)（第1次传送后）
09-09 13:06:20 [sat] 走位点击 (540,240)（偏差 140,-60）——途中不点组队图标
09-09 13:06:20 p17428 已拉起任务脚本（队员·一号美人 gw=file://pzxy_p17428）
09-09 13:06:21 [sat] p16968: 申请轮次结束（是否入队由队长批准裁决）
09-09 13:06:23 p16968 已拉起任务脚本（队员·这是帅哥 gw=file://pzxy_p16968）
09-09 13:06:24 [sat] p18476: 已点队长身体 (416,338)（第3次申请）
09-09 13:06:25 [sat] 队长已就位: (2777.9728656087, 1600.868771882)（目标 (2780.0, 1600.0)，±3 格容差）
09-09 13:06:27 p440 已拉起任务脚本（队长·二号美人 gw=file://pzxy_p440）
09-09 13:06:29 [看门狗] 检测到缺员 0/5 → 打断抓鬼，启动补组队
09-09 13:06:29 已打断 p440 任务脚本（系统 PID 14728）
09-09 13:06:29 [sat] 队长准备: 传送 大唐官府 + 走位 [139,80]
09-09 13:06:29 [sat] 队长已在锚点附近 (2777.9728656087, 1600.868771882)，跳过传送直接就位
09-09 13:06:29 [看门狗] 队伍已散（0 人）→ 重新建队
09-09 13:06:31 [sat] 建队第1次 脚底屏幕位 (417,292) → 身体点上移 50
09-09 13:06:32 [sat] p18476: 申请轮次结束（是否入队由队长批准裁决）
09-09 13:06:34 [sat] 建队第1次 顶栏stats（应为 1）: ((1, 0, '二号美人'),)
09-09 13:06:34 p18476 已拉起任务脚本（队员·三号美人 gw=file://pzxy_p18476）
09-09 13:06:35 [看门狗] 4 名在线队员并行申请归队
09-09 13:06:35 [sat] p18476: 已与队长同图(大唐官府)，直接申请
09-09 13:06:36 [sat] p17428: 已与队长同图(大唐官府)，直接申请
09-09 13:06:36 [sat] p17624: 已与队长同图(大唐官府)，直接申请
09-09 13:06:38 [sat] p16968: 已与队长同图(大唐官府)，直接申请
09-09 13:06:42 [sat] p17428: 已点队长身体 (417,340)（第1次申请）
09-09 13:06:42 [sat] p18476: 已点队长身体 (416,338)（第1次申请）
09-09 13:06:43 [sat] p16968: 已点队长身体 (419,337)（第1次申请）
09-09 13:06:43 [sat] p17624: 已点队长身体 (416,338)（第1次申请）
09-09 13:06:54 [sat] p17624: 已点队长身体 (416,338)（第2次申请）
09-09 13:06:54 [sat] p17428: 已点队长身体 (417,340)（第2次申请）
09-09 13:06:55 [sat] p16968: 已点队长身体 (419,337)（第2次申请）
09-09 13:06:55 [sat] p18476: 已点队长身体 (416,338)（第2次申请）
09-09 13:07:06 [sat] p17624: 已点队长身体 (416,338)（第3次申请）
09-09 13:07:06 [sat] p17428: 已点队长身体 (417,340)（第3次申请）
09-09 13:07:07 [sat] p18476: 已点队长身体 (416,338)（第3次申请）
09-09 13:07:07 [sat] p16968: 已点队长身体 (419,337)（第3次申请）
09-09 13:07:12 [sat] p17428: 申请轮次结束（是否入队由队长批准裁决）
09-09 13:07:13 [sat] p17624: 申请轮次结束（是否入队由队长批准裁决）
09-09 13:07:14 [sat] p16968: 申请轮次结束（是否入队由队长批准裁决）
09-09 13:07:14 [sat] p18476: 申请轮次结束（是否入队由队长批准裁决）
09-09 13:07:16 [sat] 当前成员数: 1（目标 5）
09-09 13:07:16 p440 任务脚本已死 → 自动补拉
09-09 13:07:16 p440 已拉起任务脚本（队长·二号美人 gw=file://pzxy_p440）
09-09 13:07:22 [sat] 当前成员数: 2（目标 5）
09-09 13:07:48 [看门狗] 心跳: 2/5
09-09 13:12:07 [看门狗] 心跳: 2/5
09-09 13:14:23 [看门狗] 补组批准结束: 2/5
09-09 13:14:24 [看门狗] 仍未满员，掉线队员回来后继续下一轮
09-09 13:14:31 [sat] 队长准备: 传送 大唐官府 + 走位 [139,80]
09-09 13:14:40 [sat] 队长当前位置: (1280.0, 1280.0)（第1次传送后）
09-09 13:14:40 [sat] [warn] 目标不在视野，改点视野边缘 (770,570) 逼近
09-09 13:14:40 [sat] 走位点击 (770,570)（偏差 1500,320）——途中不点组队图标
09-09 13:14:46 [sat] [warn] 第1次点击后位置未变 (1280,1280)
09-09 13:14:46 [sat] [warn] 目标不在视野，改点视野边缘 (770,570) 逼近
09-09 13:14:46 [sat] 走位点击 (770,570)（偏差 1500,320）——途中不点组队图标
09-09 13:14:54 p18476 tp 状态消失（第1次，疑似服务器抹除）
09-09 13:14:54 p440 tp 状态消失（第1次，疑似服务器抹除）
09-09 13:15:04 [sat] [fail] tp 不可用
09-09 13:15:04 [sat] [warn] 第1轮走位未到锚点（pos=None）→ 重传送再来
09-09 13:15:11 p18476 tp 连续消失 3 次 → 杀游戏重启闭环
09-09 13:15:12 p18476 旧游戏进程卡死，已强制结束
09-09 13:15:12 p440 tp 连续消失 3 次 → 杀游戏重启闭环
09-09 13:15:12 p440 旧游戏进程卡死，已强制结束
09-09 13:15:13 p18476 已重启为新进程 PID=6688，等待登录界面…
09-09 13:15:13 p440 已重启为新进程 PID=18212，等待登录界面…
09-09 13:15:14 p6688 检测到登录界面，开始播种…
09-09 13:15:15 p18212 检测到登录界面，开始播种…
09-09 13:15:19 [看门狗] 队长 PID 变更 440 → 18212，跟随新通道
09-09 13:15:19 [sat] 队长当前位置: None（第2次传送后）
09-09 13:15:19 [sat] 面板读不到，按传送统一落点 [132,83] 兜底走位
09-09 13:15:19 [sat] [fail] tp 不可用
09-09 13:15:19 [sat] [warn] 第2轮走位未到锚点（pos=None）→ 重传送再来
09-09 13:15:19 [sat] [fail] 队长两轮走位均未到达 [139,80]——本轮禁止队员归队（防打乱坐标）
09-09 13:15:19 [看门狗] 队长未就位 [139,80] → 本轮跳过队员归队（等下一轮，防打乱坐标）
09-09 13:15:20 p6688 播种成功 ✓
09-09 13:15:20 p6688 重放 member#1 登录点击 4 步…
09-09 13:15:20 p18476 → 新 PID=6688 播种/登录流程接管完成
09-09 13:15:22 p18212 播种成功 ✓
09-09 13:15:22 p440 → 新 PID=18212 播种/登录流程接管完成
09-09 13:15:28 p18212 登录点击重放完毕，等待进入场景…
09-09 13:15:29 p6688 登录点击重放完毕，等待进入场景…
09-09 13:15:31 p6688 检测到已登录 ✓
09-09 13:15:31 p18212 检测到已登录 ✓
09-09 13:15:31 [sat] 队长准备: 传送 大唐官府 + 走位 [139,80]
09-09 13:15:37 [sat] p6688: tp/窗口不可用
09-09 13:15:42 [sat] 队长当前位置: None（第1次传送后）
09-09 13:15:42 [sat] 面板读不到，按传送统一落点 [132,83] 兜底走位
09-09 13:15:42 [sat] [fail] tp 不可用
09-09 13:15:42 [sat] [warn] 第1轮走位未到锚点（pos=None）→ 重传送再来
09-09 13:15:43 [sat] p6688: tp/窗口不可用
09-09 13:15:47 [sat] 队长当前位置: None（第2次传送后）
09-09 13:15:47 [sat] 面板读不到，按传送统一落点 [132,83] 兜底走位
09-09 13:15:47 [sat] [fail] tp 不可用
09-09 13:15:47 [sat] [warn] 第2轮走位未到锚点（pos=None）→ 重传送再来
09-09 13:15:47 [sat] [fail] 队长两轮走位均未到达 [139,80]——本轮禁止队员归队（防打乱坐标）
09-09 13:15:48 p18212 tp 状态消失（第1次，疑似服务器抹除）
09-09 13:15:49 p18212 已拉起任务脚本（队长·二号美人 gw=file://pzxy_p18212）
09-09 13:15:50 [sat] p6688: tp/窗口不可用
09-09 13:15:55 p18212 tp 连续消失 3 次 → 杀游戏重启闭环
09-09 13:15:55 p18212 旧游戏进程卡死，已强制结束
09-09 13:15:56 [sat] p6688: 申请轮次结束（是否入队由队长批准裁决）
09-09 13:15:56 p18212 已重启为新进程 PID=16860，等待登录界面…
09-09 13:15:58 p16860 检测到登录界面，开始播种…
09-09 13:15:58 p6688 已拉起任务脚本（队员·三号美人 gw=file://pzxy_p6688）
09-09 13:16:04 p16860 播种成功 ✓
09-09 13:16:04 p16860 重放 leader#1 登录点击 4 步…
09-09 13:16:04 p18212 → 新 PID=16860 播种/登录流程接管完成
09-09 13:16:05 [看门狗] 队长 PID 变更 18212 → 16860，跟随新通道
09-09 13:16:11 p16860 登录点击重放完毕，等待进入场景…
09-09 13:16:13 p16860 检测到已登录 ✓
09-09 13:16:13 [sat] 队长准备: 传送 大唐官府 + 走位 [139,80]
09-09 13:16:23 [sat] 队长当前位置: None（第1次传送后）
09-09 13:16:23 [sat] 面板读不到，按传送统一落点 [132,83] 兜底走位
09-09 13:16:24 [sat] [fail] tp 不可用
09-09 13:16:24 [sat] [warn] 第1轮走位未到锚点（pos=None）→ 重传送再来
09-09 13:16:28 [sat] 队长当前位置: None（第2次传送后）
09-09 13:16:28 [sat] 面板读不到，按传送统一落点 [132,83] 兜底走位
09-09 13:16:28 [sat] [fail] tp 不可用
09-09 13:16:28 [sat] [warn] 第2轮走位未到锚点（pos=None）→ 重传送再来
09-09 13:16:28 [sat] [fail] 队长两轮走位均未到达 [139,80]——本轮禁止队员归队（防打乱坐标）
09-09 13:16:31 p16860 已拉起任务脚本（队长·二号美人 gw=file://pzxy_p16860）
09-09 13:16:35 p6688 tp 状态消失（第1次，疑似服务器抹除）
09-09 13:16:37 p16860 tp 状态消失（第1次，疑似服务器抹除）
09-09 13:16:55 p6688 tp 连续消失 3 次 → 杀游戏重启闭环
09-09 13:16:55 p16860 tp 连续消失 3 次 → 杀游戏重启闭环
09-09 13:16:55 p6688 旧游戏进程卡死，已强制结束
09-09 13:16:55 p16860 旧游戏进程卡死，已强制结束
09-09 13:16:56 p6688 已重启为新进程 PID=19124，等待登录界面…
09-09 13:16:56 p16860 已重启为新进程 PID=16612，等待登录界面…
09-09 13:16:58 p19124 检测到登录界面，开始播种…
09-09 13:16:58 p16612 检测到登录界面，开始播种…
09-09 13:17:04 p19124 播种成功 ✓
09-09 13:17:04 p19124 重放 member#1 登录点击 4 步…
09-09 13:17:04 p6688 → 新 PID=19124 播种/登录流程接管完成
09-09 13:17:05 p16612 播种成功 ✓
09-09 13:17:05 p16612 重放 leader#1 登录点击 4 步…
09-09 13:17:05 p16860 → 新 PID=16612 播种/登录流程接管完成
09-09 13:17:09 [看门狗] 队长 PID 变更 16860 → 16612，跟随新通道
09-09 13:17:11 p16612 登录点击重放完毕，等待进入场景…
09-09 13:17:13 p19124 登录点击重放完毕，等待进入场景…
09-09 13:17:14 p19124 检测到已登录 ✓
09-09 13:17:14 p16612 检测到已登录 ✓
09-09 13:17:14 [sat] 队长准备: 传送 大唐官府 + 走位 [139,80]
09-09 13:17:24 [sat] 队长当前位置: (2640.0, 1660.0)（第1次传送后）
09-09 13:17:24 [sat] 走位点击 (540,240)（偏差 140,-60）——途中不点组队图标
09-09 13:17:25 [sat] p19124: 已点队长身体 (537,240)（第1次申请）
09-09 13:17:28 [sat] 队长已就位: (2777.816611219, 1600.935738049)（目标 (2780.0, 1600.0)，±3 格容差）
09-09 13:17:31 p16612 已拉起任务脚本（队长·二号美人 gw=file://pzxy_p16612）
09-09 13:17:35 [sat] p19124: 已点队长身体 (419,338)（第2次申请）
09-09 13:17:39 [sat] 队长准备: 传送 大唐官府 + 走位 [139,80]
09-09 13:17:40 [sat] 队长已在锚点附近 (2777.816611219, 1600.935738049)，跳过传送直接就位
09-09 13:17:40 [看门狗] 队伍已散（0 人）→ 重新建队
09-09 13:17:41 [sat] 建队第1次 锚点不在视野 (-1062,-419)，跳过走回
09-09 13:17:42 [sat] 建队第1次 脚底屏幕位 (400,300) → 身体点上移 50
09-09 13:17:44 [sat] p19124: 已点队长身体 (419,338)（第3次申请）
09-09 13:17:46 [sat] 建队第1次 顶栏stats（应为 1）: ((1, 0, '二号美人'),)
09-09 13:17:46 [看门狗] 3 名在线队员并行申请归队
09-09 13:17:47 [sat] p16968: 异图(大唐官府≠队长长安城) 就地传送
09-09 13:17:47 [sat] p17428: 异图(大唐官府≠队长长安城) 就地传送
09-09 13:17:48 [sat] p17624: 异图(大唐官府≠队长长安城) 就地传送
09-09 13:17:53 [sat] p19124: 申请轮次结束（是否入队由队长批准裁决）
09-09 13:17:55 p19124 任务脚本已死 → 自动补拉
09-09 13:17:55 p19124 已拉起任务脚本（队员·三号美人 gw=file://pzxy_p19124）
09-09 13:17:55 p19124 任务脚本已在跑，跳过
09-09 13:18:00 [sat] p16968: 已点队长身体 (537,240)（第1次申请）
09-09 13:18:00 [sat] p17624: 已点队长身体 (537,240)（第1次申请）
09-09 13:18:00 [sat] p17428: 已点队长身体 (537,240)（第1次申请）
09-09 13:18:07 [sat] p17624: 异图(大唐官府≠队长傲来国) 就地传送
09-09 13:18:09 [sat] p16968: 异图(大唐官府≠队长傲来国) 就地传送
09-09 13:18:10 [sat] p17428: 异图(大唐官府≠队长傲来国) 就地传送
09-09 13:18:20 [sat] p17624: 已点队长身体 (537,240)（第2次申请）
09-09 13:18:21 [sat] p16968: 已点队长身体 (537,240)（第2次申请）
09-09 13:18:21 [sat] p17428: 已点队长身体 (537,240)（第2次申请）
09-09 13:18:27 [看门狗] 心跳: 1/5
09-09 13:18:29 [sat] p16968: 异图(大唐官府≠队长傲来国) 就地传送
09-09 13:18:29 [sat] p17624: 异图(大唐官府≠队长傲来国) 就地传送
09-09 13:18:31 [sat] p17428: 异图(大唐官府≠队长傲来国) 就地传送
09-09 13:18:42 [sat] p16968: 已点队长身体 (537,240)（第3次申请）
09-09 13:18:42 [sat] p17624: 已点队长身体 (537,240)（第3次申请）
09-09 13:18:42 [sat] p17428: 已点队长身体 (537,240)（第3次申请）
09-09 13:18:49 [sat] p17428: 申请轮次结束（是否入队由队长批准裁决）
09-09 13:18:49 [sat] p17624: 申请轮次结束（是否入队由队长批准裁决）
09-09 13:18:51 [sat] p16968: 申请轮次结束（是否入队由队长批准裁决）
09-09 13:18:53 [sat] 当前成员数: 1（目标 5）
09-09 13:20:37 [看门狗] 心跳: 1/5
09-09 13:22:45 [看门狗] 心跳: 1/5
09-09 13:25:55 [看门狗] 补组批准结束: 1/5
09-09 13:25:56 [看门狗] 仍未满员，掉线队员回来后继续下一轮
09-09 13:27:28 [sat] 队长准备: 传送 大唐官府 + 走位 [139,80]
09-09 13:27:38 [sat] 队长当前位置: (421.17740229251, 1339.999998908)（第1次传送后）
09-09 13:27:39 [sat] [warn] 目标不在视野，改点视野边缘 (770,560) 逼近
09-09 13:27:39 [sat] 走位点击 (770,560)（偏差 2359,260）——途中不点组队图标
09-09 13:27:44 [sat] [warn] 第1次点击后位置未变 (421,1340)
09-09 13:27:44 [sat] [warn] 目标不在视野，改点视野边缘 (770,560) 逼近
09-09 13:27:44 [sat] 走位点击 (770,560)（偏差 2359,260）——途中不点组队图标
09-09 13:27:49 [sat] [warn] 第2次点击后位置未变 (421,1340)
09-09 13:27:49 [sat] [warn] 连续 2 次点击无移动 → 重传送重置走位
09-09 13:27:49 [sat] [warn] 第1轮走位未到锚点（pos=(421.17740229251, 1339.999998908)）→ 重传送再来
09-09 13:28:00 [sat] 队长当前位置: (421.17740229251, 1339.999998908)（第2次传送后）
09-09 13:28:01 [sat] [warn] 目标不在视野，改点视野边缘 (770,560) 逼近
09-09 13:28:01 [sat] 走位点击 (770,560)（偏差 2359,260）——途中不点组队图标
09-09 13:28:07 [sat] [warn] 目标不在视野，改点视野边缘 (30,30) 逼近
09-09 13:28:07 [sat] 走位点击 (30,30)（偏差 -1460,-720）——途中不点组队图标
09-09 13:28:11 [sat] [warn] 第2次点击后位置未变 (4240,2320)
09-09 13:28:12 [sat] [warn] 目标不在视野，改点视野边缘 (30,30) 逼近
09-09 13:28:12 [sat] 走位点击 (30,30)（偏差 -1460,-720）——途中不点组队图标
09-09 13:28:17 [sat] [warn] 第3次点击后位置未变 (4240,2320)
09-09 13:28:17 [sat] [warn] 连续 2 次点击无移动 → 重传送重置走位
09-09 13:28:17 [sat] [warn] 第2轮走位未到锚点（pos=(4240.0, 2320.0)）→ 重传送再来
09-09 13:28:17 [sat] [fail] 队长两轮走位均未到达 [139,80]——本轮禁止队员归队（防打乱坐标）
09-09 13:28:17 [看门狗] 队长未就位 [139,80] → 本轮跳过队员归队（等下一轮，防打乱坐标）
09-09 13:28:18 [sat] 队长准备: 传送 大唐官府 + 走位 [139,80]
09-09 13:28:28 [sat] 队长当前位置: (4240.0, 2320.0)（第1次传送后）
09-09 13:28:28 [sat] [warn] 目标不在视野，改点视野边缘 (30,30) 逼近
09-09 13:28:28 [sat] 走位点击 (30,30)（偏差 -1460,-720）——途中不点组队图标
09-09 13:28:31 组队/补组流程进行中，等本轮结束再暂停
09-09 13:28:33 [sat] [warn] 第1次点击后位置未变 (4240,2320)
09-09 13:28:34 [sat] [warn] 目标不在视野，改点视野边缘 (30,30) 逼近
09-09 13:28:34 [sat] 走位点击 (30,30)（偏差 -1460,-720）——途中不点组队图标
09-09 13:28:38 [sat] [warn] 第2次点击后位置未变 (4240,2320)
09-09 13:28:38 [sat] [warn] 连续 2 次点击无移动 → 重传送重置走位
09-09 13:28:38 [sat] [warn] 第1轮走位未到锚点（pos=(4240.0, 2320.0)）→ 重传送再来
09-09 13:28:46 p19124 掉线判定: 窗口/标题异常 → 重启闭环
09-09 13:28:46 p16968 掉线判定: 窗口/标题异常 → 重启闭环
09-09 13:28:46 p16612 掉线判定: 窗口/标题异常 → 重启闭环
09-09 13:28:46 p19124 旧游戏进程卡死，已强制结束
09-09 13:28:46 p16968 旧游戏进程卡死，已强制结束
09-09 13:28:46 p16612 旧游戏进程卡死，已强制结束
09-09 13:28:47 p16612 已重启为新进程 PID=16500，等待登录界面…
09-09 13:28:47 p16968 已重启为新进程 PID=17184，等待登录界面…
09-09 13:28:47 p19124 已重启为新进程 PID=19532，等待登录界面…
09-09 13:28:48 p17624 进程消失，无同名(这是猛男)游离窗口 → 不收养（防误绑）
09-09 13:28:48 p17624 掉线判定: 窗口/标题异常 → 重启闭环
09-09 13:28:48 p17428 进程消失，无同名(一号美人)游离窗口 → 不收养（防误绑）
09-09 13:28:48 p17428 掉线判定: 窗口/标题异常 → 重启闭环
09-09 13:28:48 p17428 旧游戏进程卡死，已强制结束
09-09 13:28:48 p17624 旧游戏进程卡死，已强制结束
09-09 13:28:55 squad_auto_team 日志已桥接到 GUI（组队内部步骤可见）
09-09 13:29:03 已启动队长进程 PID=7988，等待登录界面窗口…
09-09 13:29:04 已启动队员进程 PID=17868，等待登录界面窗口…
09-09 13:29:05 已启动队员进程 PID=16808，等待登录界面窗口…
09-09 13:29:05 p7988 检测到登录界面，开始播种…
09-09 13:29:05 已启动队员进程 PID=15780，等待登录界面窗口…
09-09 13:29:06 p16808 检测到登录界面，开始播种…
09-09 13:29:06 已启动队员进程 PID=3040，等待登录界面窗口…
09-09 13:29:06 p17868 检测到登录界面，开始播种…
09-09 13:29:07 p15780 检测到登录界面，开始播种…
09-09 13:29:08 p3040 检测到登录界面，开始播种…
09-09 13:29:12 p7988 播种成功 ✓
09-09 13:29:12 p7988 重放 leader#1 登录点击 4 步…
09-09 13:29:12 p16808 播种成功 ✓
09-09 13:29:12 p16808 重放 member#2 登录点击 4 步…
09-09 13:29:13 p17868 播种成功 ✓
09-09 13:29:13 p17868 重放 member#1 登录点击 4 步…
09-09 13:29:14 p15780 播种成功 ✓
09-09 13:29:14 p15780 重放 member#3 登录点击 4 步…
09-09 13:29:14 p3040 播种成功 ✓
09-09 13:29:14 p3040 重放 member#4 登录点击 4 步…
09-09 13:29:18 p7988 登录点击重放完毕，等待进入场景…
09-09 13:29:19 p7988 检测到已登录 ✓
09-09 13:29:20 p16808 登录点击重放完毕，等待进入场景…
09-09 13:29:21 p16808 检测到已登录 ✓
09-09 13:29:21 p17868 登录点击重放完毕，等待进入场景…
09-09 13:29:22 p15780 登录点击重放完毕，等待进入场景…
09-09 13:29:22 p3040 登录点击重放完毕，等待进入场景…
09-09 13:29:23 p17868 检测到已登录 ✓
09-09 13:29:23 p15780 检测到已登录 ✓
09-09 13:29:25 p3040 检测到已登录 ✓
09-09 13:29:25 [内存] 已修剪 5 个游戏进程：1.6GB → 49.5MB（释放 1.6GB）
09-09 13:29:37 [autoTeam] Lua 队伍读数 0/5 未满员 → 走组队流程
09-09 13:29:37 [autoTeam] 阶段1: 4 名队员并行传送 大唐官府（队长由阶段2 负责）
09-09 13:29:45 p3040 传送完成 ✓
09-09 13:29:45 p17868 传送完成 ✓
09-09 13:29:45 p16808 传送完成 ✓
09-09 13:29:46 p15780 传送完成 ✓
09-09 13:29:46 [autoTeam] 阶段2: 队长走位[139,80]
09-09 13:29:46 [sat] 队长准备: 传送 大唐官府 + 走位 [139,80]
09-09 13:29:55 [sat] 队长当前位置: (2640.0, 1660.0)（第1次传送后）
09-09 13:29:56 [sat] 走位点击 (540,240)（偏差 140,-60）——途中不点组队图标
09-09 13:30:00 [sat] 队长已就位: (2778.1291197073, 1600.8018058397)（目标 (2780.0, 1600.0)，±3 格容差）
09-09 13:30:00 [autoTeam] 阶段3: 建队
09-09 13:30:02 [sat] 建队第1次 脚底屏幕位 (417,292) → 身体点上移 50
09-09 13:30:05 [sat] 建队第1次 顶栏stats（应为 1）: ((1, 0, '二号美人'),)
09-09 13:30:05 [autoTeam] 阶段4: 4 名队员并行申请入队
09-09 13:30:06 [sat] p17868: 已与队长同图(大唐官府)，直接申请
09-09 13:30:07 [sat] p15780: 已与队长同图(大唐官府)，直接申请
09-09 13:30:07 [sat] p16808: 已与队长同图(大唐官府)，直接申请
09-09 13:30:07 [sat] p3040: 已与队长同图(大唐官府)，直接申请
09-09 13:30:10 [sat] p17868: 已点队长身体 (538,240)（第1次申请）
09-09 13:30:11 [sat] p3040: 已点队长身体 (538,240)（第1次申请）
09-09 13:30:11 [sat] p15780: 已点队长身体 (538,240)（第1次申请）
09-09 13:30:11 [sat] p16808: 已点队长身体 (538,240)（第1次申请）
09-09 13:30:21 [sat] p16808: 已点队长身体 (538,240)（第2次申请）
09-09 13:30:22 [sat] p17868: 已点队长身体 (538,240)（第2次申请）
09-09 13:30:22 [sat] p3040: 已点队长身体 (538,240)（第2次申请）
09-09 13:30:22 [sat] p15780: 已点队长身体 (538,240)（第2次申请）
09-09 13:30:28 [sat] p16808: 申请轮次结束（是否入队由队长批准裁决）
09-09 13:30:28 [sat] p15780: 申请轮次结束（是否入队由队长批准裁决）
09-09 13:30:29 [sat] p17868: 申请轮次结束（是否入队由队长批准裁决）
09-09 13:30:31 [sat] p3040: 申请轮次结束（是否入队由队长批准裁决）
09-09 13:30:31 [autoTeam] 阶段5: 队长批准申请
09-09 13:30:33 [sat] 当前成员数: 1（目标 5）
09-09 13:30:38 [sat] 当前成员数: 2（目标 5）
09-09 13:30:43 [sat] 当前成员数: 3（目标 5）
09-09 13:30:47 [sat] 当前成员数: 4（目标 5）
09-09 13:30:52 [sat] 当前成员数: 5（目标 5）
09-09 13:30:52 [autoTeam] 批准结束: 成员=5/目标=5
09-09 13:31:00 [sat] 阵法验证: 天覆阵/4
09-09 13:31:00 [autoTeam] 天覆阵完成 ✓
09-09 13:31:00 p7988 已拉起任务脚本（队长·二号美人 gw=file://pzxy_p7988）
09-09 13:31:00 p17868 已拉起任务脚本（队员·三号美人 gw=file://pzxy_p17868）
09-09 13:31:00 p16808 已拉起任务脚本（队员·这是帅哥 gw=file://pzxy_p16808）
09-09 13:31:01 p15780 已拉起任务脚本（队员·这是猛男 gw=file://pzxy_p15780）
09-09 13:31:01 p3040 已拉起任务脚本（队员·一号美人 gw=file://pzxy_p3040）
09-09 13:31:01 [autoTeam] 组队+任务脚本启动完成
09-09 13:31:01 [看门狗] 启动（目标 5 人，每 15s 判定）
09-09 13:33:08 [看门狗] 心跳: 5/5
09-09 13:37:32 [看门狗] 心跳: 5/5
09-09 13:41:45 [看门狗] 心跳: 5/5
09-09 13:46:04 [看门狗] 心跳: 5/5
09-09 13:48:09 [看门狗] 心跳: 5/5
09-09 13:50:15 [看门狗] 心跳: 5/5
09-09 13:52:22 [看门狗] 心跳: 5/5
09-09 13:54:28 [看门狗] 心跳: 5/5
09-09 13:58:41 [看门狗] 心跳: 5/5
09-09 13:59:25 [内存] 已修剪 5 个游戏进程：3.1GB → 135.1MB（释放 3.0GB）
09-09 14:00:48 [看门狗] 心跳: 5/5
09-09 14:01:19 p7988 任务脚本已死 → 自动补拉
09-09 14:01:19 p7988 已拉起任务脚本（队长·二号美人 gw=file://pzxy_p7988）
09-09 14:05:02 [看门狗] 心跳: 5/5
09-09 14:08:53 p7988 tp 状态消失（第1次，疑似服务器抹除）
09-09 14:08:53 p3040 tp 状态消失（第1次，疑似服务器抹除）
09-09 14:08:55 p15780 tp 状态消失（第1次，疑似服务器抹除）
09-09 14:08:57 p16808 tp 状态消失（第1次，疑似服务器抹除）
09-09 14:09:00 p17868 tp 状态消失（第1次，疑似服务器抹除）
09-09 14:09:11 p7988 tp 连续消失 3 次 → 杀游戏重启闭环
09-09 14:09:11 p3040 tp 连续消失 3 次 → 杀游戏重启闭环
09-09 14:09:11 p7988 旧游戏进程卡死，已强制结束
09-09 14:09:11 p3040 旧游戏进程卡死，已强制结束
09-09 14:09:12 p7988 已重启为新进程 PID=17736，等待登录界面…
09-09 14:09:12 p3040 已重启为新进程 PID=12896，等待登录界面…
09-09 14:09:13 p12896 检测到登录界面，开始播种…
09-09 14:09:14 p17736 检测到登录界面，开始播种…
09-09 14:09:15 p17868 tp 连续消失 3 次 → 杀游戏重启闭环
09-09 14:09:15 [看门狗] 队长 PID 变更 7988 → 17736，跟随新通道
09-09 14:09:16 p17868 旧游戏进程卡死，已强制结束
09-09 14:09:17 p17868 已重启为新进程 PID=18188，等待登录界面…
09-09 14:09:17 p15780 tp 连续消失 3 次 → 杀游戏重启闭环
09-09 14:09:18 p18188 检测到登录界面，开始播种…
09-09 14:09:18 p15780 旧游戏进程卡死，已强制结束
09-09 14:09:19 p15780 已重启为新进程 PID=12680，等待登录界面…
09-09 14:09:21 p12680 检测到登录界面，开始播种…
09-09 14:09:24 p17736 播种成功 ✓
09-09 14:09:24 p17736 重放 leader#1 登录点击 4 步…
09-09 14:09:24 p7988 → 新 PID=17736 播种/登录流程接管完成
09-09 14:09:24 p12896 播种成功 ✓
09-09 14:09:24 p3040 → 新 PID=12896 播种/登录流程接管完成
09-09 14:09:24 p12896 重放 member#4 登录点击 4 步…
09-09 14:09:24 p18188 播种成功 ✓
09-09 14:09:24 p18188 重放 member#1 登录点击 4 步…
09-09 14:09:24 p17868 → 新 PID=18188 播种/登录流程接管完成
09-09 14:09:26 p16808 tp 连续消失 3 次 → 杀游戏重启闭环
09-09 14:09:26 p16808 旧游戏进程卡死，已强制结束
09-09 14:09:27 p16808 已重启为新进程 PID=18104，等待登录界面…
09-09 14:09:27 p12680 播种成功 ✓
09-09 14:09:27 p12680 重放 member#3 登录点击 4 步…
09-09 14:09:27 p15780 → 新 PID=12680 播种/登录流程接管完成
09-09 14:09:29 p18104 检测到登录界面，开始播种…
09-09 14:09:30 p17736 登录点击重放完毕，等待进入场景…
09-09 14:09:32 p17736 检测到已登录 ✓
09-09 14:09:32 [sat] 队长准备: 传送 大唐官府 + 走位 [139,80]
09-09 14:09:32 p12896 登录点击重放完毕，等待进入场景…
09-09 14:09:33 p18188 登录点击重放完毕，等待进入场景…
09-09 14:09:34 p12896 检测到已登录 ✓
09-09 14:09:35 p12680 登录点击重放完毕，等待进入场景…
09-09 14:09:35 p18104 播种成功 ✓
09-09 14:09:35 p18104 重放 member#2 登录点击 4 步…
09-09 14:09:35 p16808 → 新 PID=18104 播种/登录流程接管完成
09-09 14:09:36 p18188 检测到已登录 ✓
09-09 14:09:38 p12680 检测到已登录 ✓
09-09 14:09:40 [sat] p12896: tp/窗口不可用
09-09 14:09:41 [sat] p18188: tp/窗口不可用
09-09 14:09:43 [sat] 队长当前位置: None（第1次传送后）
09-09 14:09:43 [sat] 面板读不到，按传送统一落点 [132,83] 兜底走位
09-09 14:09:43 [sat] [fail] tp 不可用
09-09 14:09:43 [sat] [warn] 第1轮走位未到锚点（pos=None）→ 重传送再来
09-09 14:09:43 [sat] p12680: tp/窗口不可用
09-09 14:09:44 p18104 登录点击重放完毕，等待进入场景…
09-09 14:09:46 p18104 检测到已登录 ✓
09-09 14:09:46 [sat] p12896: tp/窗口不可用
09-09 14:09:48 [sat] p18188: tp/窗口不可用
09-09 14:09:48 [sat] 队长当前位置: None（第2次传送后）
09-09 14:09:48 [sat] 面板读不到，按传送统一落点 [132,83] 兜底走位
09-09 14:09:48 [sat] [fail] tp 不可用
09-09 14:09:48 [sat] [warn] 第2轮走位未到锚点（pos=None）→ 重传送再来
09-09 14:09:48 [sat] [fail] 队长两轮走位均未到达 [139,80]——本轮禁止队员归队（防打乱坐标）
09-09 14:09:50 [sat] p12680: tp/窗口不可用
09-09 14:09:50 p17736 已拉起任务脚本（队长·二号美人 gw=file://pzxy_p17736）
09-09 14:09:52 [sat] p18104: tp/窗口不可用
09-09 14:09:52 [sat] p12896: tp/窗口不可用
09-09 14:09:54 [sat] p18188: tp/窗口不可用
09-09 14:09:56 [sat] p12680: tp/窗口不可用
09-09 14:09:56 p17736 tp 状态消失（第1次，疑似服务器抹除）
09-09 14:09:58 [sat] p18104: tp/窗口不可用
09-09 14:09:58 [sat] p12896: 申请轮次结束（是否入队由队长批准裁决）
09-09 14:10:00 [sat] p18188: 申请轮次结束（是否入队由队长批准裁决）
09-09 14:10:00 p18188 tp 状态消失（第1次，疑似服务器抹除）
09-09 14:10:00 p12896 已拉起任务脚本（队员·一号美人 gw=file://pzxy_p12896）
09-09 14:10:02 [sat] p12680: 申请轮次结束（是否入队由队长批准裁决）
09-09 14:10:02 p18188 已拉起任务脚本（队员·三号美人 gw=file://pzxy_p18188）
09-09 14:10:02 p12680 tp 状态消失（第1次，疑似服务器抹除）
09-09 14:10:04 p12680 已拉起任务脚本（队员·这是猛男 gw=file://pzxy_p12680）
09-09 14:10:04 [sat] p18104: tp/窗口不可用
09-09 14:10:07 p12680 tp 连续消失 3 次 → 杀游戏重启闭环
09-09 14:10:08 p12680 旧游戏进程卡死，已强制结束
09-09 14:10:09 p12680 已重启为新进程 PID=20032，等待登录界面…
09-09 14:10:09 p12896 tp 状态消失（第1次，疑似服务器抹除）
09-09 14:10:10 p20032 检测到登录界面，开始播种…
09-09 14:10:10 [sat] p18104: 申请轮次结束（是否入队由队长批准裁决）
09-09 14:10:13 p18104 已拉起任务脚本（队员·这是帅哥 gw=file://pzxy_p18104）
09-09 14:10:14 p12896 tp 连续消失 3 次 → 杀游戏重启闭环
09-09 14:10:14 p12896 旧游戏进程卡死，已强制结束
09-09 14:10:15 p12896 已重启为新进程 PID=8048，等待登录界面…
09-09 14:10:16 p20032 播种成功 ✓
09-09 14:10:16 p20032 重放 member#3 登录点击 4 步…
09-09 14:10:16 p12680 → 新 PID=20032 播种/登录流程接管完成
09-09 14:10:17 p8048 检测到登录界面，开始播种…
09-09 14:10:17 [看门狗] 队伍数据连续读不到（148 轮），检查通道/面板
09-09 14:10:22 p18104 tp 状态消失（第1次，疑似服务器抹除）
09-09 14:10:24 p8048 播种成功 ✓
09-09 14:10:24 p8048 重放 member#4 登录点击 4 步…
09-09 14:10:24 p12896 → 新 PID=8048 播种/登录流程接管完成
09-09 14:10:24 p20032 登录点击重放完毕，等待进入场景…
09-09 14:10:26 p17736 tp 连续消失 3 次 → 杀游戏重启闭环
09-09 14:10:26 p20032 检测到已登录 ✓
09-09 14:10:27 p17736 旧游戏进程卡死，已强制结束
09-09 14:10:28 p17736 已重启为新进程 PID=16120，等待登录界面…
09-09 14:10:29 p16120 检测到登录界面，开始播种…
09-09 14:10:32 p8048 登录点击重放完毕，等待进入场景…
09-09 14:10:32 [看门狗] 队长 PID 变更 17736 → 16120，跟随新通道
09-09 14:10:33 p18104 tp 连续消失 3 次 → 杀游戏重启闭环
09-09 14:10:33 [sat] p20032: tp/窗口不可用
09-09 14:10:33 p18104 旧游戏进程卡死，已强制结束
09-09 14:10:34 p18104 已重启为新进程 PID=16000，等待登录界面…
09-09 14:10:35 p8048 检测到已登录 ✓
09-09 14:10:35 p16120 播种成功 ✓
09-09 14:10:35 p16120 重放 leader#1 登录点击 4 步…
09-09 14:10:35 p17736 → 新 PID=16120 播种/登录流程接管完成
09-09 14:10:36 p16000 检测到登录界面，开始播种…
09-09 14:10:39 [sat] p20032: tp/窗口不可用
09-09 14:10:41 [sat] p8048: tp/窗口不可用
09-09 14:10:41 p18188 tp 连续消失 3 次 → 杀游戏重启闭环
09-09 14:10:41 p18188 旧游戏进程卡死，已强制结束
09-09 14:10:42 p16120 登录点击重放完毕，等待进入场景…
09-09 14:10:42 p18188 已重启为新进程 PID=20124，等待登录界面…
09-09 14:10:43 p16000 播种成功 ✓
09-09 14:10:43 p16000 重放 member#2 登录点击 4 步…
09-09 14:10:43 p18104 → 新 PID=16000 播种/登录流程接管完成
09-09 14:10:44 p20124 检测到登录界面，开始播种…
09-09 14:10:45 p16120 检测到已登录 ✓
09-09 14:10:45 [sat] 队长准备: 传送 大唐官府 + 走位 [139,80]
09-09 14:10:45 [sat] p20032: tp/窗口不可用
09-09 14:10:47 [sat] p8048: tp/窗口不可用
09-09 14:10:51 p16000 登录点击重放完毕，等待进入场景…
09-09 14:10:51 p20124 播种成功 ✓
09-09 14:10:51 p20124 重放 member#1 登录点击 4 步…
09-09 14:10:51 p18188 → 新 PID=20124 播种/登录流程接管完成
09-09 14:10:51 [sat] p20032: 申请轮次结束（是否入队由队长批准裁决）
09-09 14:10:53 p16000 检测到已登录 ✓
09-09 14:10:53 [sat] p8048: tp/窗口不可用
09-09 14:10:54 p20032 已拉起任务脚本（队员·这是猛男 gw=file://pzxy_p20032）
09-09 14:10:56 [sat] 队长当前位置: None（第1次传送后）
09-09 14:10:56 [sat] 面板读不到，按传送统一落点 [132,83] 兜底走位
09-09 14:10:56 [sat] [fail] tp 不可用
09-09 14:10:56 [sat] [warn] 第1轮走位未到锚点（pos=None）→ 重传送再来
09-09 14:10:59 p20032 tp 状态消失（第1次，疑似服务器抹除）
09-09 14:10:59 [sat] p8048: 申请轮次结束（是否入队由队长批准裁决）
09-09 14:10:59 p20124 登录点击重放完毕，等待进入场景…
09-09 14:11:00 [sat] 队长当前位置: None（第2次传送后）
09-09 14:11:00 [sat] 面板读不到，按传送统一落点 [132,83] 兜底走位
09-09 14:11:00 [sat] [fail] tp 不可用
09-09 14:11:00 [sat] [warn] 第2轮走位未到锚点（pos=None）→ 重传送再来
09-09 14:11:00 [sat] [fail] 队长两轮走位均未到达 [139,80]——本轮禁止队员归队（防打乱坐标）
09-09 14:11:01 p20124 检测到已登录 ✓
09-09 14:11:02 p8048 已拉起任务脚本（队员·一号美人 gw=file://pzxy_p8048）
09-09 14:11:03 p16120 已拉起任务脚本（队长·二号美人 gw=file://pzxy_p16120）
09-09 14:11:03 p16120 tp 状态消失（第1次，疑似服务器抹除）
09-09 14:11:05 [sat] p16000: 已点队长身体 (538,240)（第1次申请）
09-09 14:11:08 p8048 tp 状态消失（第1次，疑似服务器抹除）
09-09 14:11:14 [sat] p20124: 已点队长身体 (538,240)（第1次申请）
09-09 14:11:15 p20032 tp 连续消失 3 次 → 杀游戏重启闭环
09-09 14:11:16 p20032 旧游戏进程卡死，已强制结束
09-09 14:11:17 p20032 已重启为新进程 PID=15000，等待登录界面…
09-09 14:11:18 [sat] p16000: 已点队长身体 (413,339)（第2次申请）
09-09 14:11:18 p15000 检测到登录界面，开始播种…
09-09 14:11:19 [看门狗] 队伍数据连续读不到（152 轮），检查通道/面板
09-09 14:11:20 p16120 tp 连续消失 3 次 → 杀游戏重启闭环
09-09 14:11:20 p16120 旧游戏进程卡死，已强制结束
09-09 14:11:21 p16120 已重启为新进程 PID=4108，等待登录界面…
09-09 14:11:23 p4108 检测到登录界面，开始播种…
09-09 14:11:24 p15000 播种成功 ✓
09-09 14:11:24 p15000 重放 member#3 登录点击 4 步…
09-09 14:11:24 p20032 → 新 PID=15000 播种/登录流程接管完成
09-09 14:11:29 p4108 播种成功 ✓
09-09 14:11:29 p4108 重放 leader#1 登录点击 4 步…
09-09 14:11:29 p16120 → 新 PID=4108 播种/登录流程接管完成
09-09 14:11:31 [sat] p16000: 已点队长身体 (413,339)（第3次申请）
09-09 14:11:31 [sat] p20124: 已点队长身体 (416,338)（第2次申请）
09-09 14:11:32 p15000 登录点击重放完毕，等待进入场景…
09-09 14:11:34 p15000 检测到已登录 ✓
09-09 14:11:34 [看门狗] 队长 PID 变更 16120 → 4108，跟随新通道
09-09 14:11:34 p8048 tp 连续消失 3 次 → 杀游戏重启闭环
09-09 14:11:34 p8048 旧游戏进程卡死，已强制结束
09-09 14:11:35 p8048 已重启为新进程 PID=12896，等待登录界面…
09-09 14:11:36 p4108 登录点击重放完毕，等待进入场景…
09-09 14:11:36 p12896 检测到登录界面，开始播种…
09-09 14:11:38 p4108 检测到已登录 ✓
09-09 14:11:38 [sat] 队长准备: 传送 大唐官府 + 走位 [139,80]
09-09 14:11:38 [sat] p16000: 申请轮次结束（是否入队由队长批准裁决）
09-09 14:11:40 p16000 已拉起任务脚本（队员·这是帅哥 gw=file://pzxy_p16000）
09-09 14:11:43 [sat] p20124: 已点队长身体 (416,338)（第3次申请）
09-09 14:11:43 p12896 播种成功 ✓
09-09 14:11:43 p12896 重放 member#4 登录点击 4 步…
09-09 14:11:43 p8048 → 新 PID=12896 播种/登录流程接管完成
09-09 14:11:46 [sat] p15000: 已点队长身体 (538,240)（第1次申请）
09-09 14:11:47 [sat] 队长当前位置: (2640.0, 1660.0)（第1次传送后）
09-09 14:11:47 [sat] 走位点击 (540,240)（偏差 140,-60）——途中不点组队图标
09-09 14:11:51 p12896 登录点击重放完毕，等待进入场景…
09-09 14:11:51 [sat] p20124: 申请轮次结束（是否入队由队长批准裁决）
09-09 14:11:52 [sat] 队长已就位: (2778.1291194163, 1600.8018059645)（目标 (2780.0, 1600.0)，±3 格容差）
09-09 14:11:52 p12896 检测到已登录 ✓
09-09 14:11:53 [sat] p12896: 异图(江南野外≠队长大唐官府) 就地传送
09-09 14:11:54 p20124 已拉起任务脚本（队员·三号美人 gw=file://pzxy_p20124）
09-09 14:11:54 p4108 已拉起任务脚本（队长·二号美人 gw=file://pzxy_p4108）
09-09 14:11:57 [sat] p15000: 已点队长身体 (419,337)（第2次申请）
09-09 14:12:05 [看门狗] 检测到缺员 0/5 → 打断抓鬼，启动补组队
09-09 14:12:05 [sat] p12896: 已点队长身体 (538,240)（第1次申请）
09-09 14:12:05 已打断 p4108 任务脚本（系统 PID 20220）
09-09 14:12:05 [sat] 队长准备: 传送 大唐官府 + 走位 [139,80]
09-09 14:12:08 [sat] p15000: 已点队长身体 (419,337)（第3次申请）
09-09 14:12:13 [sat] 队长当前位置: (2640.0, 1660.0)（第1次传送后）
09-09 14:12:13 [sat] 走位点击 (540,240)（偏差 140,-60）——途中不点组队图标
09-09 14:12:15 [sat] p15000: 申请轮次结束（是否入队由队长批准裁决）
09-09 14:12:16 [sat] p12896: 已点队长身体 (418,336)（第2次申请）
09-09 14:12:18 [sat] 队长已就位: (2777.8166103459, 1600.9357384232)（目标 (2780.0, 1600.0)，±3 格容差）
09-09 14:12:18 p15000 已拉起任务脚本（队员·这是猛男 gw=file://pzxy_p15000）
09-09 14:12:18 [看门狗] 队伍已散（0 人）→ 重新建队
09-09 14:12:19 [sat] 建队第1次 脚底屏幕位 (418,292) → 身体点上移 50
09-09 14:12:23 [sat] 建队第1次 顶栏stats（应为 1）: ((1, 0, '二号美人'),)
09-09 14:12:23 [看门狗] 3 名在线队员并行申请归队
09-09 14:12:24 [sat] p15000: 已与队长同图(大唐官府)，直接申请
09-09 14:12:24 [sat] p20124: 已与队长同图(大唐官府)，直接申请
09-09 14:12:24 [sat] p16000: 已与队长同图(大唐官府)，直接申请
09-09 14:12:28 [sat] p15000: 已点队长身体 (419,337)（第1次申请）
09-09 14:12:28 [sat] p20124: 已点队长身体 (415,338)（第1次申请）
09-09 14:12:29 [sat] p16000: 已点队长身体 (413,339)（第1次申请）
09-09 14:12:29 [sat] p12896: 已点队长身体 (418,336)（第3次申请）
09-09 14:12:36 [sat] p12896: 申请轮次结束（是否入队由队长批准裁决）
09-09 14:12:39 p12896 已拉起任务脚本（队员·一号美人 gw=file://pzxy_p12896）
09-09 14:12:40 [sat] p15000: 已点队长身体 (419,337)（第2次申请）
09-09 14:12:40 [sat] p16000: 已点队长身体 (413,339)（第2次申请）
09-09 14:12:40 [sat] p20124: 已点队长身体 (415,338)（第2次申请）
09-09 14:12:50 [sat] p15000: 已点队长身体 (419,337)（第3次申请）
09-09 14:12:51 [sat] p20124: 已点队长身体 (415,338)（第3次申请）
09-09 14:12:52 p4108 任务脚本已死 → 自动补拉
09-09 14:12:52 p4108 已拉起任务脚本（队长·二号美人 gw=file://pzxy_p4108）
09-09 14:12:52 [sat] p16000: 已点队长身体 (413,339)（第3次申请）
09-09 14:12:57 [sat] p15000: 申请轮次结束（是否入队由队长批准裁决）
09-09 14:12:58 [sat] p20124: 申请轮次结束（是否入队由队长批准裁决）
09-09 14:13:01 [sat] p16000: 申请轮次结束（是否入队由队长批准裁决）
09-09 14:13:03 [sat] 当前成员数: 1（目标 5）
09-09 14:13:25 [看门狗] 心跳: 1/5
09-09 14:15:34 [看门狗] 心跳: 1/5
09-09 14:17:43 [看门狗] 心跳: 1/5
09-09 14:19:51 [看门狗] 心跳: 1/5
09-09 14:20:10 [看门狗] 补组批准结束: 1/5
09-09 14:20:10 [看门狗] 仍未满员，掉线队员回来后继续下一轮
09-09 14:20:24 [sat] 队长准备: 传送 大唐官府 + 走位 [139,80]
09-09 14:20:33 [sat] 队长当前位置: (3973.779990878, 2320.0)（第1次传送后）
09-09 14:20:34 [sat] [warn] 目标不在视野，改点视野边缘 (30,30) 逼近
09-09 14:20:34 [sat] 走位点击 (30,30)（偏差 -1194,-720）——途中不点组队图标
09-09 14:20:38 [sat] [warn] 第1次点击后位置未变 (3974,2320)
09-09 14:20:39 [sat] [warn] 目标不在视野，改点视野边缘 (30,30) 逼近
09-09 14:20:39 [sat] 走位点击 (30,30)（偏差 -1194,-720）——途中不点组队图标
09-09 14:20:44 [sat] [warn] 目标不在视野，改点视野边缘 (30,200) 逼近
09-09 14:20:44 [sat] 走位点击 (30,200)（偏差 -5000,-100）——途中不点组队图标
09-09 14:20:49 [sat] [warn] 目标不在视野，改点视野边缘 (30,319) 逼近
09-09 14:20:49 [sat] 走位点击 (30,319)（偏差 -4641,20）——途中不点组队图标
09-09 14:20:54 [sat] [warn] 第4次点击后位置未变 (7421,1580)
09-09 14:20:54 [sat] [warn] 第1轮走位未到锚点（pos=(7421.323231165, 1580.0032989529)）→ 重传送再来
09-09 14:21:05 [sat] 队长当前位置: (7421.323231165, 1580.0032989529)（第2次传送后）
09-09 14:21:05 [sat] [warn] 目标不在视野，改点视野边缘 (30,319) 逼近
09-09 14:21:05 [sat] 走位点击 (30,319)（偏差 -4641,20）——途中不点组队图标
09-09 14:21:11 [sat] [warn] 目标不在视野，改点视野边缘 (30,275) 逼近
09-09 14:21:11 [sat] 走位点击 (30,275)（偏差 -4260,-0）——途中不点组队图标
09-09 14:21:16 [sat] [warn] 目标不在视野，改点视野边缘 (30,318) 逼近
09-09 14:21:16 [sat] 走位点击 (30,318)（偏差 -3901,20）——途中不点组队图标
09-09 14:21:21 [sat] [warn] 目标不在视野，改点视野边缘 (30,200) 逼近
09-09 14:21:21 [sat] 走位点击 (30,200)（偏差 -5000,-100）——途中不点组队图标
09-09 14:21:26 [sat] [warn] 第2轮走位未到锚点（pos=(7650.4281963018, 1560.0497584411)）→ 重传送再来
09-09 14:21:26 [sat] [fail] 队长两轮走位均未到达 [139,80]——本轮禁止队员归队（防打乱坐标）
09-09 14:21:26 [看门狗] 队长未就位 [139,80] → 本轮跳过队员归队（等下一轮，防打乱坐标）
09-09 14:21:43 [sat] 队长准备: 传送 大唐官府 + 走位 [139,80]
09-09 14:21:54 [sat] 队长当前位置: (4240.0, 2320.0)（第1次传送后）
09-09 14:21:54 [sat] [warn] 目标不在视野，改点视野边缘 (30,30) 逼近
09-09 14:21:54 [sat] 走位点击 (30,30)（偏差 -1460,-720）——途中不点组队图标
09-09 14:22:00 [sat] [warn] 第1次点击后位置未变 (4240,2320)
09-09 14:22:01 [看门狗] 心跳: 1/5
09-09 14:22:01 [sat] [warn] 目标不在视野，改点视野边缘 (30,30) 逼近
09-09 14:22:01 [sat] 走位点击 (30,30)（偏差 -1460,-720）——途中不点组队图标
09-09 14:22:06 [sat] [warn] 目标不在视野，改点视野边缘 (770,570) 逼近
09-09 14:22:06 [sat] 走位点击 (770,570)（偏差 2300,1360）——途中不点组队图标
09-09 14:22:11 [sat] [warn] 第3次点击后位置未变 (480,240)
09-09 14:22:11 [sat] [warn] 目标不在视野，改点视野边缘 (770,570) 逼近
09-09 14:22:11 [sat] 走位点击 (770,570)（偏差 2300,1360）——途中不点组队图标
09-09 14:22:16 [sat] [warn] 第4次点击后位置未变 (480,240)
09-09 14:22:16 [sat] [warn] 连续 2 次点击无移动 → 重传送重置走位
09-09 14:22:16 [sat] [warn] 第1轮走位未到锚点（pos=(480.0, 240.0)）→ 重传送再来
09-09 14:22:27 [sat] 队长当前位置: (480.0, 240.0)（第2次传送后）
09-09 14:22:28 [sat] [warn] 目标不在视野，改点视野边缘 (770,570) 逼近
09-09 14:22:28 [sat] 走位点击 (770,570)（偏差 2300,1360）——途中不点组队图标
09-09 14:22:32 [sat] [warn] 第1次点击后位置未变 (480,240)
09-09 14:22:33 [sat] [warn] 目标不在视野，改点视野边缘 (770,570) 逼近
09-09 14:22:33 [sat] 走位点击 (770,570)（偏差 2300,1360）——途中不点组队图标
09-09 14:22:38 [sat] [warn] 第2次点击后位置未变 (480,240)
09-09 14:22:38 [sat] [warn] 连续 2 次点击无移动 → 重传送重置走位
09-09 14:22:38 [sat] [warn] 第2轮走位未到锚点（pos=(480.0, 240.0)）→ 重传送再来
09-09 14:22:38 [sat] [fail] 队长两轮走位均未到达 [139,80]——本轮禁止队员归队（防打乱坐标）
09-09 14:22:38 [看门狗] 队长未就位 [139,80] → 本轮跳过队员归队（等下一轮，防打乱坐标）
09-09 14:22:49 [sat] 队长准备: 传送 大唐官府 + 走位 [139,80]
09-09 14:22:59 [sat] 队长当前位置: (221.52101444774, 298.65517662272)（第1次传送后）
09-09 14:22:59 [sat] [warn] 目标不在视野，改点视野边缘 (770,570) 逼近
09-09 14:22:59 [sat] 走位点击 (770,570)（偏差 2558,1301）——途中不点组队图标
09-09 14:23:04 [sat] [warn] 第1次点击后位置未变 (222,299)
09-09 14:23:04 [sat] [warn] 目标不在视野，改点视野边缘 (770,570) 逼近
09-09 14:23:04 [sat] 走位点击 (770,570)（偏差 2558,1301）——途中不点组队图标
09-09 14:23:09 [sat] [warn] 第2次点击后位置未变 (222,299)
09-09 14:23:09 [sat] [warn] 连续 2 次点击无移动 → 重传送重置走位
09-09 14:23:09 [sat] [warn] 第1轮走位未到锚点（pos=(221.52101444774, 298.65517662272)）→ 重传送再来
09-09 14:23:17 [sat] 队长当前位置: (4236.458980323, 2235.163275277)（第2次传送后）
09-09 14:23:17 [sat] [warn] 目标不在视野，改点视野边缘 (30,30) 逼近
09-09 14:23:17 [sat] 走位点击 (30,30)（偏差 -1456,-635）——途中不点组队图标
09-09 14:23:22 [sat] [warn] 第1次点击后位置未变 (4236,2235)
09-09 14:23:22 [sat] [warn] 目标不在视野，改点视野边缘 (30,30) 逼近
09-09 14:23:22 [sat] 走位点击 (30,30)（偏差 -1456,-635）——途中不点组队图标
09-09 14:23:27 [sat] [warn] 第2次点击后位置未变 (4236,2235)
09-09 14:23:27 [sat] [warn] 连续 2 次点击无移动 → 重传送重置走位
09-09 14:23:27 [sat] [warn] 第2轮走位未到锚点（pos=(4236.458980323, 2235.163275277)）→ 重传送再来
09-09 14:23:27 [sat] [fail] 队长两轮走位均未到达 [139,80]——本轮禁止队员归队（防打乱坐标）
09-09 14:23:27 [看门狗] 队长未就位 [139,80] → 本轮跳过队员归队（等下一轮，防打乱坐标）
09-09 14:23:52 [sat] 队长准备: 传送 大唐官府 + 走位 [139,80]
09-09 14:24:01 [sat] 队长当前位置: (4240.0, 2320.0)（第1次传送后）
09-09 14:24:01 [sat] [warn] 目标不在视野，改点视野边缘 (30,30) 逼近
09-09 14:24:01 [sat] 走位点击 (30,30)（偏差 -1460,-720）——途中不点组队图标
09-09 14:24:06 [sat] [warn] 第1次点击后位置未变 (4240,2320)
09-09 14:24:06 [sat] [warn] 目标不在视野，改点视野边缘 (30,30) 逼近
09-09 14:24:06 [sat] 走位点击 (30,30)（偏差 -1460,-720）——途中不点组队图标
09-09 14:24:08 [看门狗] 心跳: 1/5
09-09 14:24:11 [sat] [warn] 目标不在视野，改点视野边缘 (770,570) 逼近
09-09 14:24:11 [sat] 走位点击 (770,570)（偏差 1340,620）——途中不点组队图标
09-09 14:24:16 [sat] [warn] 第3次点击后位置未变 (1440,980)
09-09 14:24:16 [sat] [warn] 目标不在视野，改点视野边缘 (770,570) 逼近
09-09 14:24:16 [sat] 走位点击 (770,570)（偏差 1340,620）——途中不点组队图标
09-09 14:24:21 [sat] [warn] 第4次点击后位置未变 (1440,980)
09-09 14:24:21 [sat] [warn] 连续 2 次点击无移动 → 重传送重置走位
09-09 14:24:21 [sat] [warn] 第1轮走位未到锚点（pos=(1440.0, 980.0)）→ 重传送再来
09-09 14:24:32 [sat] 队长当前位置: (1440.0, 980.0)（第2次传送后）
09-09 14:24:32 [sat] [warn] 目标不在视野，改点视野边缘 (770,570) 逼近
09-09 14:24:32 [sat] 走位点击 (770,570)（偏差 1340,620）——途中不点组队图标
09-09 14:24:37 [sat] [warn] 第1次点击后位置未变 (1440,980)
09-09 14:24:37 [sat] [warn] 目标不在视野，改点视野边缘 (770,570) 逼近
09-09 14:24:37 [sat] 走位点击 (770,570)（偏差 1340,620）——途中不点组队图标
09-09 14:24:42 [sat] [warn] 第2次点击后位置未变 (1440,980)
09-09 14:24:42 [sat] [warn] 连续 2 次点击无移动 → 重传送重置走位
09-09 14:24:42 [sat] [warn] 第2轮走位未到锚点（pos=(1440.0, 980.0)）→ 重传送再来
09-09 14:24:42 [sat] [fail] 队长两轮走位均未到达 [139,80]——本轮禁止队员归队（防打乱坐标）
09-09 14:24:42 [看门狗] 队长未就位 [139,80] → 本轮跳过队员归队（等下一轮，防打乱坐标）
09-09 14:25:28 [sat] 队长准备: 传送 大唐官府 + 走位 [139,80]
09-09 14:25:37 [sat] 队长当前位置: (3957.121754166, 2320.9995697733)（第1次传送后）
09-09 14:25:38 [sat] [warn] 目标不在视野，改点视野边缘 (30,30) 逼近
09-09 14:25:38 [sat] 走位点击 (30,30)（偏差 -1177,-721）——途中不点组队图标
09-09 14:25:43 [sat] [warn] 目标不在视野，改点视野边缘 (30,30) 逼近
09-09 14:25:43 [sat] 走位点击 (30,30)（偏差 -968,-735）——途中不点组队图标
09-09 14:25:48 [sat] [warn] 第2次点击后位置未变 (3748,2335)
09-09 14:25:48 [sat] [warn] 目标不在视野，改点视野边缘 (30,30) 逼近
09-09 14:25:48 [sat] 走位点击 (30,30)（偏差 -968,-735）——途中不点组队图标
09-09 14:25:53 [sat] [warn] 目标不在视野，改点视野边缘 (30,30) 逼近
09-09 14:25:53 [sat] 走位点击 (30,30)（偏差 -1460,-720）——途中不点组队图标
09-09 14:25:58 [sat] [warn] 第4次点击后位置未变 (4240,2320)
09-09 14:25:58 [sat] [warn] 第1轮走位未到锚点（pos=(4240.0, 2320.0)）→ 重传送再来
09-09 14:26:06 [sat] 队长当前位置: (4240.0, 2320.0)（第2次传送后）
09-09 14:26:07 [sat] [warn] 目标不在视野，改点视野边缘 (30,30) 逼近
09-09 14:26:07 [sat] 走位点击 (30,30)（偏差 -1460,-720）——途中不点组队图标
09-09 14:26:11 [sat] [warn] 目标不在视野，改点视野边缘 (30,570) 逼近
09-09 14:26:11 [sat] 走位点击 (30,570)（偏差 -1480,820）——途中不点组队图标
09-09 14:26:16 [sat] [warn] 第2次点击后位置未变 (4260,780)
09-09 14:26:16 [sat] [warn] 目标不在视野，改点视野边缘 (30,570) 逼近
09-09 14:26:16 [sat] 走位点击 (30,570)（偏差 -1480,820）——途中不点组队图标
09-09 14:26:22 [sat] [warn] 第3次点击后位置未变 (4260,780)
09-09 14:26:22 [sat] [warn] 连续 2 次点击无移动 → 重传送重置走位
09-09 14:26:22 [sat] [warn] 第2轮走位未到锚点（pos=(4260.0, 780.0)）→ 重传送再来
09-09 14:26:22 [sat] [fail] 队长两轮走位均未到达 [139,80]——本轮禁止队员归队（防打乱坐标）
09-09 14:26:22 [看门狗] 队长未就位 [139,80] → 本轮跳过队员归队（等下一轮，防打乱坐标）
09-09 14:26:49 [sat] 队长准备: 传送 大唐官府 + 走位 [139,80]
09-09 14:26:58 [sat] 队长当前位置: (3983.1988886713, 2314.0509395059)（第1次传送后）
09-09 14:26:58 [sat] [warn] 目标不在视野，改点视野边缘 (30,30) 逼近
09-09 14:26:58 [sat] 走位点击 (30,30)（偏差 -1203,-714）——途中不点组队图标
09-09 14:27:03 [sat] [warn] 第1次点击后位置未变 (3983,2314)
09-09 14:27:03 [sat] [warn] 目标不在视野，改点视野边缘 (30,30) 逼近
09-09 14:27:03 [sat] 走位点击 (30,30)（偏差 -1203,-714）——途中不点组队图标
09-09 14:27:08 [sat] [warn] 目标不在视野，改点视野边缘 (30,320) 逼近
09-09 14:27:08 [sat] 走位点击 (30,320)（偏差 -1340,20）——途中不点组队图标
09-09 14:27:13 [sat] [warn] 目标不在视野，改点视野边缘 (30,300) 逼近
09-09 14:27:13 [sat] 走位点击 (30,300)（偏差 -932,0）——途中不点组队图标
09-09 14:27:19 [sat] [warn] 第4次点击后位置未变 (3712,1600)
09-09 14:27:19 [sat] [warn] 第1轮走位未到锚点（pos=(3712.4845467618, 1599.878802597)）→ 重传送再来
09-09 14:27:31 [sat] 队长当前位置: (3712.4845467618, 1599.878802597)（第2次传送后）
09-09 14:27:31 [sat] [warn] 目标不在视野，改点视野边缘 (30,300) 逼近
09-09 14:27:31 [sat] 走位点击 (30,300)（偏差 -932,0）——途中不点组队图标
09-09 14:27:38 [sat] [warn] 目标不在视野，改点视野边缘 (30,176) 逼近
09-09 14:27:38 [sat] 走位点击 (30,176)（偏差 -500,-120）——途中不点组队图标
09-09 14:27:44 [sat] 走位点击 (183,266)（偏差 -201,-21）——途中不点组队图标
09-09 14:27:49 [sat] [warn] 第3次点击后位置未变 (2981,1621)
09-09 14:27:49 [sat] 走位点击 (183,266)（偏差 -201,-21）——途中不点组队图标
09-09 14:27:54 [sat] [warn] 第2轮走位未到锚点（pos=(4240.0, 2320.0)）→ 重传送再来
09-09 14:27:54 [sat] [fail] 队长两轮走位均未到达 [139,80]——本轮禁止队员归队（防打乱坐标）
09-09 14:27:54 [看门狗] 队长未就位 [139,80] → 本轮跳过队员归队（等下一轮，防打乱坐标）
09-09 14:27:55 [sat] 队长准备: 传送 大唐官府 + 走位 [139,80]
09-09 14:28:05 [sat] 队长当前位置: (1560.0, 1220.0)（第1次传送后）
09-09 14:28:05 [sat] [warn] 目标不在视野，改点视野边缘 (770,570) 逼近
09-09 14:28:05 [sat] 走位点击 (770,570)（偏差 1220,380）——途中不点组队图标
09-09 14:28:10 [sat] [warn] 第1次点击后位置未变 (1560,1220)
09-09 14:28:11 [sat] [warn] 目标不在视野，改点视野边缘 (770,570) 逼近
09-09 14:28:11 [sat] 走位点击 (770,570)（偏差 1220,380）——途中不点组队图标
09-09 14:28:16 [sat] [warn] 第2次点击后位置未变 (1560,1220)
09-09 14:28:16 [sat] [warn] 连续 2 次点击无移动 → 重传送重置走位
09-09 14:28:16 [sat] [warn] 第1轮走位未到锚点（pos=(1560.0, 1220.0)）→ 重传送再来
09-09 14:28:24 [sat] 队长当前位置: (1560.0, 1220.0)（第2次传送后）
09-09 14:28:25 [sat] [warn] 目标不在视野，改点视野边缘 (770,570) 逼近
09-09 14:28:25 [sat] 走位点击 (770,570)（偏差 1220,380）——途中不点组队图标
09-09 14:28:27 [看门狗] 心跳: 1/5
09-09 14:28:29 [sat] [warn] 第1次点击后位置未变 (1560,1220)
09-09 14:28:30 [sat] [warn] 目标不在视野，改点视野边缘 (770,570) 逼近
09-09 14:28:30 [sat] 走位点击 (770,570)（偏差 1220,380）——途中不点组队图标
09-09 14:28:35 [sat] [warn] 第2次点击后位置未变 (1560,1220)
09-09 14:28:35 [sat] [warn] 连续 2 次点击无移动 → 重传送重置走位
09-09 14:28:35 [sat] [warn] 第2轮走位未到锚点（pos=(1560.0, 1220.0)）→ 重传送再来
09-09 14:28:35 [sat] [fail] 队长两轮走位均未到达 [139,80]——本轮禁止队员归队（防打乱坐标）
09-09 14:28:35 [看门狗] 队长未就位 [139,80] → 本轮跳过队员归队（等下一轮，防打乱坐标）
09-09 14:28:43 [sat] 队长准备: 传送 大唐官府 + 走位 [139,80]
09-09 14:28:52 [sat] 队长当前位置: (260.0, 100.0)（第1次传送后）
09-09 14:28:52 [sat] [warn] 目标不在视野，改点视野边缘 (770,570) 逼近
09-09 14:28:52 [sat] 走位点击 (770,570)（偏差 2520,1500）——途中不点组队图标
09-09 14:28:57 [sat] [warn] 第1次点击后位置未变 (260,100)
09-09 14:28:57 [sat] [warn] 目标不在视野，改点视野边缘 (770,570) 逼近
09-09 14:28:57 [sat] 走位点击 (770,570)（偏差 2520,1500）——途中不点组队图标
09-09 14:29:02 [sat] [warn] 第2次点击后位置未变 (260,100)
09-09 14:29:02 [sat] [warn] 连续 2 次点击无移动 → 重传送重置走位
09-09 14:29:02 [sat] [warn] 第1轮走位未到锚点（pos=(260.0, 100.0)）→ 重传送再来
09-09 14:29:10 [sat] 队长当前位置: (260.0, 100.0)（第2次传送后）
09-09 14:29:10 [sat] [warn] 目标不在视野，改点视野边缘 (770,570) 逼近
09-09 14:29:10 [sat] 走位点击 (770,570)（偏差 2520,1500）——途中不点组队图标
09-09 14:29:15 [sat] [warn] 第1次点击后位置未变 (260,100)
09-09 14:29:15 [sat] [warn] 目标不在视野，改点视野边缘 (770,570) 逼近
09-09 14:29:15 [sat] 走位点击 (770,570)（偏差 2520,1500）——途中不点组队图标
09-09 14:29:21 [sat] [warn] 第2次点击后位置未变 (260,100)
09-09 14:29:21 [sat] [warn] 连续 2 次点击无移动 → 重传送重置走位
09-09 14:29:21 [sat] [warn] 第2轮走位未到锚点（pos=(260.0, 100.0)）→ 重传送再来
09-09 14:29:21 [sat] [fail] 队长两轮走位均未到达 [139,80]——本轮禁止队员归队（防打乱坐标）
09-09 14:29:21 [看门狗] 队长未就位 [139,80] → 本轮跳过队员归队（等下一轮，防打乱坐标）
09-09 14:29:26 [内存] 已修剪 5 个游戏进程：1.9GB → 76.0MB（释放 1.9GB）
09-09 14:29:31 [sat] 队长准备: 传送 大唐官府 + 走位 [139,80]
09-09 14:29:43 [sat] 队长当前位置: (1120.0, 460.0)（第1次传送后）
09-09 14:29:43 [sat] [warn] 目标不在视野，改点视野边缘 (770,570) 逼近
09-09 14:29:43 [sat] 走位点击 (770,570)（偏差 1660,1140）——途中不点组队图标
09-09 14:29:48 [sat] [warn] 第1次点击后位置未变 (1120,460)
09-09 14:29:48 [sat] [warn] 目标不在视野，改点视野边缘 (770,570) 逼近
09-09 14:29:48 [sat] 走位点击 (770,570)（偏差 1660,1140）——途中不点组队图标
09-09 14:29:53 [sat] [warn] 第2次点击后位置未变 (1120,460)
09-09 14:29:53 [sat] [warn] 连续 2 次点击无移动 → 重传送重置走位
09-09 14:29:53 [sat] [warn] 第1轮走位未到锚点（pos=(1120.0, 460.0)）→ 重传送再来
09-09 14:30:04 [sat] 队长当前位置: None（第2次传送后）
09-09 14:30:04 [sat] 面板读不到，按传送统一落点 [132,83] 兜底走位
09-09 14:30:04 [sat] [fail] tp 不可用
09-09 14:30:04 [sat] [warn] 第2轮走位未到锚点（pos=None）→ 重传送再来
09-09 14:30:04 [sat] [fail] 队长两轮走位均未到达 [139,80]——本轮禁止队员归队（防打乱坐标）
09-09 14:30:04 [看门狗] 队长未就位 [139,80] → 本轮跳过队员归队（等下一轮，防打乱坐标）
09-09 14:30:07 p4108 tp 状态消失（第1次，疑似服务器抹除）
09-09 14:30:26 p4108 tp 连续消失 3 次 → 杀游戏重启闭环
09-09 14:30:26 p4108 旧游戏进程卡死，已强制结束
09-09 14:30:27 p4108 已重启为新进程 PID=18696，等待登录界面…
09-09 14:30:29 p18696 检测到登录界面，开始播种…
09-09 14:30:33 [看门狗] 队长 PID 变更 4108 → 18696，跟随新通道
09-09 14:30:36 p18696 播种成功 ✓
09-09 14:30:36 p18696 重放 leader#1 登录点击 4 步…
09-09 14:30:36 p4108 → 新 PID=18696 播种/登录流程接管完成
09-09 14:30:42 p18696 登录点击重放完毕，等待进入场景…
09-09 14:30:44 p18696 检测到已登录 ✓
09-09 14:30:44 [sat] 队长准备: 传送 大唐官府 + 走位 [139,80]
09-09 14:30:55 [sat] 队长当前位置: None（第1次传送后）
09-09 14:30:55 [sat] 面板读不到，按传送统一落点 [132,83] 兜底走位
09-09 14:30:56 [sat] [fail] tp 不可用
09-09 14:30:56 [sat] [warn] 第1轮走位未到锚点（pos=None）→ 重传送再来
09-09 14:31:00 [sat] 队长当前位置: None（第2次传送后）
09-09 14:31:00 [sat] 面板读不到，按传送统一落点 [132,83] 兜底走位
09-09 14:31:00 [sat] [fail] tp 不可用
09-09 14:31:00 [sat] [warn] 第2轮走位未到锚点（pos=None）→ 重传送再来
09-09 14:31:00 [sat] [fail] 队长两轮走位均未到达 [139,80]——本轮禁止队员归队（防打乱坐标）
09-09 14:31:03 p18696 已拉起任务脚本（队长·二号美人 gw=file://pzxy_p18696）
09-09 14:31:09 p18696 tp 状态消失（第1次，疑似服务器抹除）
09-09 14:31:26 p18696 tp 连续消失 3 次 → 杀游戏重启闭环
09-09 14:31:27 p18696 旧游戏进程卡死，已强制结束
09-09 14:31:28 p18696 已重启为新进程 PID=12988，等待登录界面…
09-09 14:31:29 p12988 检测到登录界面，开始播种…
09-09 14:31:35 p12988 播种成功 ✓
09-09 14:31:35 p18696 → 新 PID=12988 播种/登录流程接管完成
09-09 14:31:35 p12988 重放 leader#1 登录点击 4 步…
09-09 14:31:36 [看门狗] 队长 PID 变更 18696 → 12988，跟随新通道
09-09 14:31:42 p12988 登录点击重放完毕，等待进入场景…
09-09 14:31:45 p12988 检测到已登录 ✓
09-09 14:31:45 [sat] 队长准备: 传送 大唐官府 + 走位 [139,80]
09-09 14:31:56 [sat] 队长当前位置: None（第1次传送后）
09-09 14:31:56 [sat] 面板读不到，按传送统一落点 [132,83] 兜底走位
09-09 14:31:56 [sat] [fail] tp 不可用
09-09 14:31:56 [sat] [warn] 第1轮走位未到锚点（pos=None）→ 重传送再来
09-09 14:32:01 [sat] 队长当前位置: None（第2次传送后）
09-09 14:32:01 [sat] 面板读不到，按传送统一落点 [132,83] 兜底走位
09-09 14:32:01 [sat] [fail] tp 不可用
09-09 14:32:01 [sat] [warn] 第2轮走位未到锚点（pos=None）→ 重传送再来
09-09 14:32:01 [sat] [fail] 队长两轮走位均未到达 [139,80]——本轮禁止队员归队（防打乱坐标）
09-09 14:32:03 p12988 已拉起任务脚本（队长·二号美人 gw=file://pzxy_p12988）
09-09 14:32:10 p12988 tp 状态消失（第1次，疑似服务器抹除）
09-09 14:32:27 p12988 tp 连续消失 3 次 → 杀游戏重启闭环
09-09 14:32:27 p12988 旧游戏进程卡死，已强制结束
09-09 14:32:29 p12988 已重启为新进程 PID=5728，等待登录界面…
09-09 14:32:30 p5728 检测到登录界面，开始播种…
09-09 14:32:36 p5728 播种成功 ✓
09-09 14:32:36 p12988 → 新 PID=5728 播种/登录流程接管完成
09-09 14:32:36 p5728 重放 leader#1 登录点击 4 步…
09-09 14:32:40 [看门狗] 队长 PID 变更 12988 → 5728，跟随新通道
09-09 14:32:43 p5728 登录点击重放完毕，等待进入场景…
09-09 14:32:45 p5728 检测到已登录 ✓
09-09 14:32:45 [sat] 队长准备: 传送 大唐官府 + 走位 [139,80]
09-09 14:32:54 [sat] 队长当前位置: (2640.0, 1660.0)（第1次传送后）
09-09 14:32:55 [sat] 走位点击 (540,240)（偏差 140,-60）——途中不点组队图标
09-09 14:32:59 [sat] 队长已就位: (2777.8166100548, 1600.9357385479)（目标 (2780.0, 1600.0)，±3 格容差）
09-09 14:33:02 p5728 已拉起任务脚本（队长·二号美人 gw=file://pzxy_p5728）
09-09 14:33:12 [sat] 队长准备: 传送 大唐官府 + 走位 [139,80]
09-09 15:05:24 squad_auto_team 日志已桥接到 GUI（组队内部步骤可见）
09-09 15:05:40 已启动队员进程 PID=11408，等待登录界面窗口…
09-09 15:05:41 已启动队员进程 PID=3348，等待登录界面窗口…
09-09 15:05:41 已启动队员进程 PID=8656，等待登录界面窗口…
09-09 15:05:42 p3348 检测到登录界面，开始播种…
09-09 15:05:42 已启动队员进程 PID=6884，等待登录界面窗口…
09-09 15:05:42 p11408 检测到登录界面，开始播种…
09-09 15:05:43 已启动队长进程 PID=7280，等待登录界面窗口…
09-09 15:05:43 p8656 检测到登录界面，开始播种…
09-09 15:05:44 p7280 检测到登录界面，开始播种…
09-09 15:05:44 p6884 检测到登录界面，开始播种…
09-09 15:05:49 p3348 播种成功 ✓
09-09 15:05:49 p3348 重放 member#2 登录点击 4 步…
09-09 15:05:50 p11408 播种成功 ✓
09-09 15:05:50 p11408 重放 member#1 登录点击 4 步…
09-09 15:05:51 p8656 播种成功 ✓
09-09 15:05:51 p8656 重放 member#3 登录点击 4 步…
09-09 15:05:51 p6884 播种成功 ✓
09-09 15:05:51 p6884 重放 member#4 登录点击 4 步…
09-09 15:05:51 p7280 播种成功 ✓
09-09 15:05:51 p7280 重放 leader#1 登录点击 4 步…
09-09 15:05:55 [内存] 已修剪 5 个游戏进程：1.5GB → 23.8MB（释放 1.5GB）
09-09 15:05:57 p3348 登录点击重放完毕，等待进入场景…
09-09 15:05:57 p7280 登录点击重放完毕，等待进入场景…
09-09 15:05:58 p8656 登录点击重放完毕，等待进入场景…
09-09 15:05:59 p3348 检测到已登录 ✓
09-09 15:05:59 p8656 检测到已登录 ✓
09-09 15:05:59 p7280 检测到已登录 ✓
09-09 15:05:59 p6884 登录点击重放完毕，等待进入场景…
09-09 15:05:59 p11408 登录点击重放完毕，等待进入场景…
09-09 15:06:01 p11408 检测到已登录 ✓
09-09 15:06:01 p6884 检测到已登录 ✓
09-09 15:06:15 [autoTeam] Lua 队伍读数 0/5 未满员 → 走组队流程
09-09 15:06:15 [autoTeam] 阶段1: 队长先行 传送+走位[139,80]
09-09 15:06:15 [sat] 队长准备: 传送 大唐官府 + 走位 [139,80]
09-09 15:06:29 squad_auto_team 日志已桥接到 GUI（组队内部步骤可见）
09-09 15:06:34 已启动队员进程 PID=1448，等待登录界面窗口…
09-09 15:06:34 已启动队员进程 PID=10484，等待登录界面窗口…
09-09 15:06:35 已启动队员进程 PID=4692，等待登录界面窗口…
09-09 15:06:35 已启动队员进程 PID=5320，等待登录界面窗口…
09-09 15:06:36 p4692 检测到登录界面，开始播种…
09-09 15:06:36 p1448 检测到登录界面，开始播种…
09-09 15:06:36 已启动队长进程 PID=18424，等待登录界面窗口…
09-09 15:06:36 p10484 检测到登录界面，开始播种…
09-09 15:06:37 p5320 检测到登录界面，开始播种…
09-09 15:06:38 p18424 检测到登录界面，开始播种…
09-09 15:06:43 p4692 播种成功 ✓
09-09 15:06:43 p4692 重放 member#3 登录点击 4 步…
09-09 15:06:44 p5320 播种成功 ✓
09-09 15:06:44 p5320 重放 member#4 登录点击 4 步…
09-09 15:06:44 p10484 播种成功 ✓
09-09 15:06:44 p10484 重放 member#2 登录点击 4 步…
09-09 15:06:44 p1448 播种成功 ✓
09-09 15:06:44 p1448 重放 member#1 登录点击 4 步…
09-09 15:06:44 p18424 播种成功 ✓
09-09 15:06:44 p18424 重放 leader#1 登录点击 4 步…
09-09 15:06:51 p4692 登录点击重放完毕，等待进入场景…
09-09 15:06:51 p18424 登录点击重放完毕，等待进入场景…
09-09 15:06:52 p5320 登录点击重放完毕，等待进入场景…
09-09 15:06:52 p10484 登录点击重放完毕，等待进入场景…
09-09 15:06:53 p1448 登录点击重放完毕，等待进入场景…
09-09 15:06:53 p4692 检测到已登录 ✓
09-09 15:06:53 p18424 检测到已登录 ✓
09-09 15:06:55 p1448 检测到已登录 ✓
09-09 15:06:55 p10484 检测到已登录 ✓
09-09 15:06:55 p5320 检测到已登录 ✓
09-09 15:06:57 [autoTeam] Lua 队伍读数 0/5 未满员 → 走组队流程
09-09 15:06:57 [autoTeam] 阶段1: 队长先行 传送+走位[139,80]
09-09 15:06:57 [sat] 队长准备: 传送 大唐官府 + 走位 [139,80]
09-09 15:07:00 [内存] 已修剪 5 个游戏进程：1.5GB → 39.0MB（释放 1.5GB）
09-09 15:07:07 [sat] 队长当前位置: (2640.0, 1660.0)（第1次传送后）
09-09 15:07:07 [sat] 走位点击 (540,240)（偏差 140,-60）——途中不点组队图标
09-09 15:07:12 [sat] 队长已就位: (2777.6603568294, 1601.002704216)（目标 (2780.0, 1600.0)，±3 格容差）
09-09 15:07:12 [autoTeam] 阶段2: 建队
09-09 15:07:14 [sat] 建队第1次 脚底屏幕位 (418,292) → 身体点上移 50
09-09 15:07:17 [sat] 建队第1次 顶栏stats（应为 1）: ((1, 0, '二号美人'),)
09-09 15:07:18 [sat] 联动信号已发布: 队长 p18424 就位 (2778, 1601)（队员凭此行动）
09-09 15:07:18 [autoTeam] 阶段3: 4 名队员并行传送+申请入队
09-09 15:07:31 [sat] p1448: 已点队长身体 (537,241)（第1次申请）
09-09 15:07:31 [sat] p10484: 已点队长身体 (537,241)（第1次申请）
09-09 15:07:31 [sat] p5320: 已点队长身体 (537,241)（第1次申请）
09-09 15:07:32 [sat] p4692: 已点队长身体 (537,241)（第1次申请）
09-09 15:07:42 [sat] p10484: 已点队长身体 (537,241)（第2次申请）
09-09 15:07:42 [sat] p5320: 已点队长身体 (537,241)（第2次申请）
09-09 15:07:44 [sat] p1448: 已点队长身体 (537,241)（第2次申请）
09-09 15:07:45 [sat] p4692: 已点队长身体 (537,241)（第2次申请）
09-09 15:07:48 [sat] p10484: 申请轮次结束（是否入队由队长批准裁决）
09-09 15:07:51 [sat] p5320: 申请轮次结束（是否入队由队长批准裁决）
09-09 15:07:53 [sat] p1448: 申请轮次结束（是否入队由队长批准裁决）
09-09 15:07:53 [sat] p4692: 申请轮次结束（是否入队由队长批准裁决）
09-09 15:07:53 [autoTeam] 阶段4: 队长批准申请
09-09 15:07:56 [sat] 当前成员数: 1（目标 5）
09-09 15:08:01 [sat] 当前成员数: 2（目标 5）
09-09 15:08:05 [sat] 当前成员数: 3（目标 5）
09-09 15:08:10 [sat] 当前成员数: 4（目标 5）
09-09 15:08:15 [sat] 当前成员数: 5（目标 5）
09-09 15:08:15 [autoTeam] 批准结束: 成员=5/目标=5
09-09 15:08:23 [sat] 阵法验证: 天覆阵/4
09-09 15:08:23 [autoTeam] 天覆阵完成 ✓
09-09 15:08:23 p1448 已拉起任务脚本（队员·三号美人 gw=file://pzxy_p1448）
09-09 15:08:23 p10484 已拉起任务脚本（队员·这是帅哥 gw=file://pzxy_p10484）
09-09 15:08:24 p4692 已拉起任务脚本（队员·这是猛男 gw=file://pzxy_p4692）
09-09 15:08:24 p5320 已拉起任务脚本（队员·一号美人 gw=file://pzxy_p5320）
09-09 15:08:24 p18424 已拉起任务脚本（队长·二号美人 gw=file://pzxy_p18424）
09-09 15:08:24 [autoTeam] 组队+任务脚本启动完成
09-09 15:08:24 [看门狗] 启动（目标 5 人，每 15s 判定）
09-09 15:08:25 已清理残留任务脚本（绑定死 PID 16000，系统 PID 16756）
09-09 15:08:25 已清理残留任务脚本（绑定死 PID 20124，系统 PID 3756）
09-09 15:08:25 已清理残留任务脚本（绑定死 PID 15000，系统 PID 15948）
09-09 15:08:25 已清理残留任务脚本（绑定死 PID 12896，系统 PID 8540）
09-09 15:08:25 已清理残留任务脚本（绑定死 PID 5728，系统 PID 15376）
09-09 15:10:37 [看门狗] 心跳: 5/5
09-09 15:12:44 [看门狗] 心跳: 5/5
09-09 15:14:50 [看门狗] 心跳: 5/5
09-09 15:16:57 [看门狗] 心跳: 5/5
09-09 15:21:10 [看门狗] 心跳: 5/5
09-09 15:27:28 [看门狗] 心跳: 5/5
09-09 15:31:40 [看门狗] 心跳: 5/5
09-09 15:32:12 p18424 任务脚本已死 → 自动补拉
09-09 15:32:12 p18424 已拉起任务脚本（队长·二号美人 gw=file://pzxy_p18424）
09-09 15:33:08 p4692 tp 状态消失（第1次，疑似服务器抹除）
09-09 15:33:10 p10484 tp 状态消失（第1次，疑似服务器抹除）
09-09 15:33:12 p1448 tp 状态消失（第1次，疑似服务器抹除）
09-09 15:33:13 p18424 tp 状态消失（第1次，疑似服务器抹除）
09-09 15:33:15 p5320 tp 状态消失（第1次，疑似服务器抹除）
09-09 15:33:25 p4692 tp 连续消失 3 次 → 杀游戏重启闭环
09-09 15:33:26 p4692 旧游戏进程卡死，已强制结束
09-09 15:33:27 p4692 已重启为新进程 PID=9504，等待登录界面…
09-09 15:33:28 p10484 tp 连续消失 3 次 → 杀游戏重启闭环
09-09 15:33:28 p9504 检测到登录界面，开始播种…
09-09 15:33:28 p10484 旧游戏进程卡死，已强制结束
09-09 15:33:29 p10484 已重启为新进程 PID=9368，等待登录界面…
09-09 15:33:30 p5320 tp 连续消失 3 次 → 杀游戏重启闭环
09-09 15:33:30 p9368 检测到登录界面，开始播种…
09-09 15:33:31 p5320 旧游戏进程卡死，已强制结束
09-09 15:33:32 p5320 已重启为新进程 PID=18528，等待登录界面…
09-09 15:33:33 p18528 检测到登录界面，开始播种…
09-09 15:33:34 p1448 tp 连续消失 3 次 → 杀游戏重启闭环
09-09 15:33:34 p9504 播种成功 ✓
09-09 15:33:34 p9504 重放 member#3 登录点击 4 步…
09-09 15:33:34 p4692 → 新 PID=9504 播种/登录流程接管完成
09-09 15:33:34 p1448 旧游戏进程卡死，已强制结束
09-09 15:33:35 p1448 已重启为新进程 PID=7684，等待登录界面…
09-09 15:33:37 p9368 播种成功 ✓
09-09 15:33:37 p9368 重放 member#2 登录点击 4 步…
09-09 15:33:37 p10484 → 新 PID=9368 播种/登录流程接管完成
09-09 15:33:37 p7684 检测到登录界面，开始播种…
09-09 15:33:39 p18528 播种成功 ✓
09-09 15:33:39 p5320 → 新 PID=18528 播种/登录流程接管完成
09-09 15:33:39 p18528 重放 member#4 登录点击 4 步…
09-09 15:33:40 p18424 tp 连续消失 3 次 → 杀游戏重启闭环
09-09 15:33:41 p18424 旧游戏进程卡死，已强制结束
09-09 15:33:42 p18424 已重启为新进程 PID=9156，等待登录界面…
09-09 15:33:42 p9504 登录点击重放完毕，等待进入场景…
09-09 15:33:43 p9156 检测到登录界面，开始播种…
09-09 15:33:44 p7684 播种成功 ✓
09-09 15:33:44 p7684 重放 member#1 登录点击 4 步…
09-09 15:33:44 p1448 → 新 PID=7684 播种/登录流程接管完成
09-09 15:33:44 p9504 检测到已登录 ✓
09-09 15:33:44 p9504 重登待命：等队长联动信号（队长未就位/未建队则不动）
09-09 15:33:44 p9504 收到队长联动 → 传送+申请归队
09-09 15:33:45 p9368 登录点击重放完毕，等待进入场景…
09-09 15:33:46 p9368 检测到已登录 ✓
09-09 15:33:46 p9368 重登待命：等队长联动信号（队长未就位/未建队则不动）
09-09 15:33:46 p9368 收到队长联动 → 传送+申请归队
09-09 15:33:47 p18528 登录点击重放完毕，等待进入场景…
09-09 15:33:48 [看门狗] 队长 PID 变更 18424 → 9156，跟随新通道
09-09 15:33:48 p18528 检测到已登录 ✓
09-09 15:33:48 p18528 重登待命：等队长联动信号（队长未就位/未建队则不动）
09-09 15:33:48 p18528 收到队长联动 → 传送+申请归队
09-09 15:33:49 p9156 播种成功 ✓
09-09 15:33:49 p9156 重放 leader#1 登录点击 4 步…
09-09 15:33:49 p18424 → 新 PID=9156 播种/登录流程接管完成
09-09 15:33:50 [sat] p9504: tp/窗口不可用
09-09 15:33:52 [sat] p9368: tp/窗口不可用
09-09 15:33:53 p7684 登录点击重放完毕，等待进入场景…
09-09 15:33:54 [sat] p18528: tp/窗口不可用
09-09 15:33:54 p7684 检测到已登录 ✓
09-09 15:33:54 p7684 重登待命：等队长联动信号（队长未就位/未建队则不动）
09-09 15:33:54 p7684 收到队长联动 → 传送+申请归队
09-09 15:33:56 p9156 登录点击重放完毕，等待进入场景…
09-09 15:33:57 [sat] p9504: tp/窗口不可用
09-09 15:33:58 [sat] p9368: tp/窗口不可用
09-09 15:33:58 p9156 检测到已登录 ✓
09-09 15:33:58 [sat] 队长准备: 传送 大唐官府 + 走位 [139,80]
09-09 15:34:00 [sat] p7684: tp/窗口不可用
09-09 15:34:00 [sat] p18528: tp/窗口不可用
09-09 15:34:03 [sat] p9504: tp/窗口不可用
09-09 15:34:05 [sat] p9368: tp/窗口不可用
09-09 15:34:06 [sat] p7684: tp/窗口不可用
09-09 15:34:06 [sat] p18528: tp/窗口不可用
09-09 15:34:09 [sat] 队长当前位置: None（第1次传送后）
09-09 15:34:09 [sat] 面板读不到，按传送统一落点 [132,83] 兜底走位
09-09 15:34:09 [sat] p9504: 申请轮次结束（是否入队由队长批准裁决）
09-09 15:34:09 [sat] [fail] tp 不可用
09-09 15:34:09 [sat] [warn] 第1轮走位未到锚点（pos=None）→ 重传送再来
09-09 15:34:11 [sat] p9368: 申请轮次结束（是否入队由队长批准裁决）
09-09 15:34:11 p9504 已拉起任务脚本（队员·这是猛男 gw=file://pzxy_p9504）
09-09 15:34:12 [sat] p18528: 申请轮次结束（是否入队由队长批准裁决）
09-09 15:34:13 [sat] p7684: tp/窗口不可用
09-09 15:34:13 p9368 已拉起任务脚本（队员·这是帅哥 gw=file://pzxy_p9368）
09-09 15:34:14 [sat] 队长当前位置: None（第2次传送后）
09-09 15:34:14 [sat] 面板读不到，按传送统一落点 [132,83] 兜底走位
09-09 15:34:14 [sat] [fail] tp 不可用
09-09 15:34:14 [sat] [warn] 第2轮走位未到锚点（pos=None）→ 重传送再来
09-09 15:34:14 [sat] [fail] 队长两轮走位均未到达 [139,80]——本轮禁止队员归队（防打乱坐标）
09-09 15:34:14 p9368 tp 状态消失（第1次，疑似服务器抹除）
09-09 15:34:15 p18528 已拉起任务脚本（队员·一号美人 gw=file://pzxy_p18528）
09-09 15:34:16 [任务闸] 队长任务暂不启动：未到齐：p7684 p7684（掉线/未登录）（队伍 ?/5）——请先完成组队或确认队友在线
09-09 15:34:19 [sat] p7684: 申请轮次结束（是否入队由队长批准裁决）
09-09 15:34:19 p7684 tp 状态消失（第1次，疑似服务器抹除）
09-09 15:34:19 p9156 tp 状态消失（第1次，疑似服务器抹除）
09-09 15:34:19 p9156 任务脚本已死 → 自动补拉
09-09 15:34:19 [任务闸] 队长任务暂不启动：队长顶栏队伍数据读不到（通道/面板），暂缓启动
09-09 15:34:21 p7684 已拉起任务脚本（队员·三号美人 gw=file://pzxy_p7684）
09-09 15:34:21 p18528 tp 状态消失（第1次，疑似服务器抹除）
09-09 15:34:23 p9504 tp 状态消失（第1次，疑似服务器抹除）
09-09 15:34:26 p9368 tp 连续消失 3 次 → 杀游戏重启闭环
09-09 15:34:26 p9368 旧游戏进程卡死，已强制结束
09-09 15:34:27 p9368 已重启为新进程 PID=19568，等待登录界面…
09-09 15:34:29 p19568 检测到登录界面，开始播种…
09-09 15:34:30 p7684 tp 连续消失 3 次 → 杀游戏重启闭环
09-09 15:34:30 p7684 旧游戏进程卡死，已强制结束
09-09 15:34:31 p7684 已重启为新进程 PID=1448，等待登录界面…
09-09 15:34:34 p1448 检测到登录界面，开始播种…
09-09 15:34:36 p19568 播种成功 ✓
09-09 15:34:36 p19568 重放 member#2 登录点击 4 步…
09-09 15:34:36 p9368 → 新 PID=19568 播种/登录流程接管完成
09-09 15:34:40 p1448 播种成功 ✓
09-09 15:34:40 p1448 重放 member#1 登录点击 4 步…
09-09 15:34:40 p7684 → 新 PID=1448 播种/登录流程接管完成
09-09 15:34:41 p9504 tp 连续消失 3 次 → 杀游戏重启闭环
09-09 15:34:41 p9504 旧游戏进程卡死，已强制结束
09-09 15:34:42 p9504 已重启为新进程 PID=6364，等待登录界面…
09-09 15:34:43 p9156 tp 连续消失 3 次 → 杀游戏重启闭环
09-09 15:34:43 p9156 旧游戏进程卡死，已强制结束
09-09 15:34:44 p19568 登录点击重放完毕，等待进入场景…
09-09 15:34:44 p6364 检测到登录界面，开始播种…
09-09 15:34:44 p9156 已重启为新进程 PID=12136，等待登录界面…
09-09 15:34:45 p19568 检测到已登录 ✓
09-09 15:34:45 p19568 重登待命：等队长联动信号（队长未就位/未建队则不动）
09-09 15:34:45 p19568 收到队长联动 → 传送+申请归队
09-09 15:34:46 p12136 检测到登录界面，开始播种…
09-09 15:34:49 p1448 登录点击重放完毕，等待进入场景…
09-09 15:34:51 p6364 播种成功 ✓
09-09 15:34:51 p6364 重放 member#3 登录点击 4 步…
09-09 15:34:51 p9504 → 新 PID=6364 播种/登录流程接管完成
09-09 15:34:51 [看门狗] 队长 PID 变更 9156 → 12136，跟随新通道
09-09 15:34:51 p1448 检测到已登录 ✓
09-09 15:34:51 p1448 重登待命：等队长联动信号（队长未就位/未建队则不动）
09-09 15:34:51 p1448 收到队长联动 → 传送+申请归队
09-09 15:34:51 p18528 tp 连续消失 3 次 → 杀游戏重启闭环
09-09 15:34:51 [sat] p19568: tp/窗口不可用
09-09 15:34:51 p18528 旧游戏进程卡死，已强制结束
09-09 15:34:52 p18528 已重启为新进程 PID=9840，等待登录界面…
09-09 15:34:53 p12136 播种成功 ✓
09-09 15:34:53 p12136 重放 leader#1 登录点击 4 步…
09-09 15:34:53 p9156 → 新 PID=12136 播种/登录流程接管完成
09-09 15:34:54 p9840 检测到登录界面，开始播种…
09-09 15:34:57 [sat] p1448: tp/窗口不可用
09-09 15:34:57 [sat] p19568: tp/窗口不可用
09-09 15:34:58 p6364 登录点击重放完毕，等待进入场景…
09-09 15:34:59 p6364 检测到已登录 ✓
09-09 15:34:59 p6364 重登待命：等队长联动信号（队长未就位/未建队则不动）
09-09 15:34:59 p6364 收到队长联动 → 传送+申请归队
09-09 15:34:59 p12136 登录点击重放完毕，等待进入场景…
09-09 15:35:01 p12136 检测到已登录 ✓
09-09 15:35:01 [sat] 队长准备: 传送 大唐官府 + 走位 [139,80]
09-09 15:35:02 p9840 播种成功 ✓
09-09 15:35:02 p9840 重放 member#4 登录点击 4 步…
09-09 15:35:02 p18528 → 新 PID=9840 播种/登录流程接管完成
09-09 15:35:03 [sat] p1448: tp/窗口不可用
09-09 15:35:04 [sat] p19568: tp/窗口不可用
09-09 15:35:05 [sat] p6364: tp/窗口不可用
09-09 15:35:09 [sat] p1448: tp/窗口不可用
09-09 15:35:10 [sat] p19568: 申请轮次结束（是否入队由队长批准裁决）
09-09 15:35:10 p9840 登录点击重放完毕，等待进入场景…
09-09 15:35:11 p9840 检测到已登录 ✓
09-09 15:35:11 p9840 重登待命：等队长联动信号（队长未就位/未建队则不动）
09-09 15:35:11 p9840 收到队长联动 → 传送+申请归队
09-09 15:35:12 [sat] p6364: tp/窗口不可用
09-09 15:35:12 p19568 已拉起任务脚本（队员·这是帅哥 gw=file://pzxy_p19568）
09-09 15:35:12 [sat] 队长当前位置: None（第1次传送后）
09-09 15:35:12 [sat] 面板读不到，按传送统一落点 [132,83] 兜底走位
09-09 15:35:12 [sat] [fail] tp 不可用
09-09 15:35:12 [sat] [warn] 第1轮走位未到锚点（pos=None）→ 重传送再来
09-09 15:35:15 [sat] p1448: 申请轮次结束（是否入队由队长批准裁决）
09-09 15:35:17 [sat] 队长当前位置: None（第2次传送后）
09-09 15:35:17 [sat] 面板读不到，按传送统一落点 [132,83] 兜底走位
09-09 15:35:17 [sat] [fail] tp 不可用
09-09 15:35:17 [sat] [warn] 第2轮走位未到锚点（pos=None）→ 重传送再来
09-09 15:35:17 [sat] [fail] 队长两轮走位均未到达 [139,80]——本轮禁止队员归队（防打乱坐标）
09-09 15:35:17 p1448 tp 状态消失（第1次，疑似服务器抹除）
09-09 15:35:18 p1448 已拉起任务脚本（队员·三号美人 gw=file://pzxy_p1448）
09-09 15:35:18 [sat] p6364: tp/窗口不可用
09-09 15:35:19 [任务闸] 队长任务暂不启动：未到齐：p6364 p6364（掉线/未登录）、p9840 p9840（掉线/未登录）（队伍 ?/5）——请先完成组队或确认队友在线
09-09 15:35:19 p19568 tp 状态消失（第1次，疑似服务器抹除）
09-09 15:35:21 p12136 任务脚本已死 → 自动补拉
09-09 15:35:22 [任务闸] 队长任务暂不启动：未到齐：p6364 p6364（掉线/未登录）、p9840 p9840（掉线/未登录）（队伍 ?/5）——请先完成组队或确认队友在线
09-09 15:35:22 p12136 tp 状态消失（第1次，疑似服务器抹除）
09-09 15:35:23 [sat] p9840: 已点队长身体 (537,241)（第1次申请）
09-09 15:35:24 [sat] p6364: 申请轮次结束（是否入队由队长批准裁决）
09-09 15:35:26 p6364 已拉起任务脚本（队员·这是猛男 gw=file://pzxy_p6364）
09-09 15:35:27 p12136 tp 连续消失 3 次 → 杀游戏重启闭环
09-09 15:35:27 p12136 旧游戏进程卡死，已强制结束
09-09 15:35:28 p12136 已重启为新进程 PID=2648，等待登录界面…
09-09 15:35:30 p2648 检测到登录界面，开始播种…
09-09 15:35:34 [sat] p9840: 已点队长身体 (417,335)（第2次申请）
09-09 15:35:36 p6364 tp 状态消失（第1次，疑似服务器抹除）
09-09 15:35:37 p2648 播种成功 ✓
09-09 15:35:37 p2648 重放 leader#1 登录点击 4 步…
09-09 15:35:37 p12136 → 新 PID=2648 播种/登录流程接管完成
09-09 15:35:37 [看门狗] 队长 PID 变更 12136 → 2648，跟随新通道
09-09 15:35:40 p1448 tp 连续消失 3 次 → 杀游戏重启闭环
09-09 15:35:40 p1448 旧游戏进程卡死，已强制结束
09-09 15:35:41 p1448 已重启为新进程 PID=18080，等待登录界面…
09-09 15:35:43 p18080 检测到登录界面，开始播种…
09-09 15:35:43 p2648 登录点击重放完毕，等待进入场景…
09-09 15:35:44 p2648 检测到已登录 ✓
09-09 15:35:44 [sat] 队长准备: 传送 大唐官府 + 走位 [139,80]
09-09 15:35:46 p6364 tp 连续消失 3 次 → 杀游戏重启闭环
09-09 15:35:46 [sat] p9840: 已点队长身体 (417,335)（第3次申请）
09-09 15:35:46 p6364 旧游戏进程卡死，已强制结束
09-09 15:35:47 p6364 已重启为新进程 PID=500，等待登录界面…
09-09 15:35:49 p500 检测到登录界面，开始播种…
09-09 15:35:50 p18080 播种成功 ✓
09-09 15:35:50 p18080 重放 member#1 登录点击 4 步…
09-09 15:35:50 p1448 → 新 PID=18080 播种/登录流程接管完成
09-09 15:35:54 [sat] 队长当前位置: (2640.0, 1660.0)（第1次传送后）
09-09 15:35:54 [sat] p9840: 申请轮次结束（是否入队由队长批准裁决）
09-09 15:35:54 [sat] 走位点击 (540,240)（偏差 140,-60）——途中不点组队图标
09-09 15:35:54 p19568 tp 连续消失 3 次 → 杀游戏重启闭环
09-09 15:35:55 p19568 旧游戏进程卡死，已强制结束
09-09 15:35:56 p19568 已重启为新进程 PID=8048，等待登录界面…
09-09 15:35:56 p500 播种成功 ✓
09-09 15:35:56 p6364 → 新 PID=500 播种/登录流程接管完成
09-09 15:35:56 p500 重放 member#3 登录点击 4 步…
09-09 15:35:56 p9840 已拉起任务脚本（队员·一号美人 gw=file://pzxy_p9840）
09-09 15:35:57 p8048 检测到登录界面，开始播种…
09-09 15:35:58 p18080 登录点击重放完毕，等待进入场景…
09-09 15:35:59 [sat] 队长已就位: (2777.9728650266, 1600.8687721315)（目标 (2780.0, 1600.0)，±3 格容差）
09-09 15:36:00 p18080 检测到已登录 ✓
09-09 15:36:00 p18080 重登待命：等队长联动信号（队长p2648 未就位/未建队则不动）
09-09 15:36:00 p18080 收到队长联动 → 传送+申请归队
09-09 15:36:01 [sat] p18080: 异图(江南野外≠队长大唐官府) 就地传送
09-09 15:36:01 [任务闸] 队长任务暂不启动：未到齐：p18080 p18080（掉线/未登录）、p8048 p8048（掉线/未登录）、p500 p500（掉线/未登录）、p9840 p9840（在线但未入队）（队伍 0/5）——请先完成组队或确认队友在线
09-09 15:36:03 p8048 播种成功 ✓
09-09 15:36:03 p8048 重放 member#2 登录点击 4 步…
09-09 15:36:03 p19568 → 新 PID=8048 播种/登录流程接管完成
09-09 15:36:04 p500 登录点击重放完毕，等待进入场景…
09-09 15:36:07 p500 检测到已登录 ✓
09-09 15:36:07 p500 重登待命：等队长联动信号（队长p2648 未就位/未建队则不动）
09-09 15:36:07 p500 收到队长联动 → 传送+申请归队
09-09 15:36:07 [sat] p500: 异图(江南野外≠队长大唐官府) 就地传送
09-09 15:36:08 [看门狗] 检测到缺员 0/5 → 打断抓鬼，启动补组队
09-09 15:36:08 [sat] 队长准备: 传送 大唐官府 + 走位 [139,80]
09-09 15:36:09 [sat] 队长已在锚点附近 (2777.9728650266, 1600.8687721315)，跳过传送直接就位
09-09 15:36:09 [看门狗] 队伍已散（0 人）→ 重新建队
09-09 15:36:10 [sat] 建队第1次 脚底屏幕位 (417,292) → 身体点上移 50
09-09 15:36:11 p8048 登录点击重放完毕，等待进入场景…
09-09 15:36:13 [sat] p18080: 已点队长身体 (537,241)（第1次申请）
09-09 15:36:13 p8048 检测到已登录 ✓
09-09 15:36:13 p8048 重登待命：等队长联动信号（队长p2648 未就位/未建队则不动）
09-09 15:36:13 p8048 收到队长联动 → 传送+申请归队
09-09 15:36:13 [sat] p8048: 异图(江南野外≠队长大唐官府) 就地传送
09-09 15:36:14 [sat] 建队第1次 顶栏stats（应为 1）: ((1, 0, '二号美人'),)
09-09 15:36:14 [sat] 联动信号已发布: 队长 p2648 就位 (2778, 1601)（队员凭此行动）
09-09 15:36:14 [看门狗] 1 名在线队员并行申请归队
09-09 15:36:15 [sat] p9840: 已与队长同图(大唐官府)，直接申请
09-09 15:36:19 [sat] p9840: 已点队长身体 (417,335)（第1次申请）
09-09 15:36:20 [sat] p500: 已点队长身体 (537,241)（第1次申请）
09-09 15:36:24 p2648 任务脚本已死 → 自动补拉
09-09 15:36:24 [任务闸] 队长任务暂不启动：未到齐：p18080 p18080（掉线/未登录）、p8048 p8048（掉线/未登录）、p500 p500（掉线/未登录）、p9840 p9840（在线但未入队）（队伍 1/5）——请先完成组队或确认队友在线
09-09 15:36:25 [sat] p18080: 已点队长身体 (537,241)（第2次申请）
09-09 15:36:26 [sat] p8048: 已点队长身体 (537,241)（第1次申请）
09-09 15:36:30 [sat] p500: 已点队长身体 (537,241)（第2次申请）
09-09 15:36:31 [sat] p9840: 已点队长身体 (417,335)（第2次申请）
09-09 15:36:36 [sat] p18080: 已点队长身体 (537,241)（第3次申请）
09-09 15:36:36 [sat] p8048: 已点队长身体 (537,241)（第2次申请）
09-09 15:36:40 [sat] p500: 已点队长身体 (537,241)（第3次申请）
09-09 15:36:41 [sat] p9840: 已点队长身体 (417,335)（第3次申请）
09-09 15:36:43 [sat] p18080: 申请轮次结束（是否入队由队长批准裁决）
09-09 15:36:45 p18080 已拉起任务脚本（队员·三号美人 gw=file://pzxy_p18080）
09-09 15:36:47 [sat] p8048: 已点队长身体 (537,241)（第3次申请）
09-09 15:36:48 [sat] p9840: 申请轮次结束（是否入队由队长批准裁决）
09-09 15:36:49 [sat] p500: 申请轮次结束（是否入队由队长批准裁决）
09-09 15:36:50 [sat] 当前成员数: 1（目标 5）
09-09 15:36:51 p500 已拉起任务脚本（队员·这是猛男 gw=file://pzxy_p500）
09-09 15:36:53 [sat] p8048: 申请轮次结束（是否入队由队长批准裁决）
09-09 15:36:55 [sat] 当前成员数: 2（目标 5）
09-09 15:36:55 p8048 已拉起任务脚本（队员·这是帅哥 gw=file://pzxy_p8048）
09-09 15:36:59 [sat] 当前成员数: 3（目标 5）
09-09 15:37:00 [内存] 已修剪 5 个游戏进程：1.7GB → 54.6MB（释放 1.7GB）
09-09 15:37:04 [sat] 当前成员数: 4（目标 5）
09-09 15:37:09 [sat] 当前成员数: 5（目标 5）
09-09 15:37:09 [看门狗] 补组批准结束: 5/5
09-09 15:37:11 [看门狗] 队伍满员 5/5，恢复抓鬼
09-09 15:37:12 p18080 任务脚本已在跑，跳过
09-09 15:37:12 p8048 任务脚本已在跑，跳过
09-09 15:37:12 p500 任务脚本已在跑，跳过
09-09 15:37:12 p9840 任务脚本已在跑，跳过
09-09 15:37:13 p2648 已拉起任务脚本（队长·二号美人 gw=file://pzxy_p2648）
09-09 15:37:16 [sat] 阵法验证: 天覆阵/4
09-09 15:37:16 p18080 任务脚本已在跑，跳过
09-09 15:37:17 p8048 任务脚本已在跑，跳过
09-09 15:37:17 p500 任务脚本已在跑，跳过
09-09 15:37:17 p9840 任务脚本已在跑，跳过
09-09 15:37:19 p2648 任务脚本已在跑，跳过
09-09 15:37:19 [看门狗] 满员，抓鬼已恢复 ✓
09-09 15:44:25 [看门狗] 心跳: 5/5
09-09 15:46:33 [看门狗] 心跳: 5/5
09-09 15:48:43 [看门狗] 心跳: 5/5
09-09 15:50:53 [看门狗] 心跳: 5/5
09-09 15:53:03 [看门狗] 心跳: 5/5
09-09 15:55:12 [看门狗] 心跳: 5/5
09-09 15:59:26 [看门狗] 心跳: 5/5
09-09 16:05:46 [看门狗] 心跳: 5/5
09-09 16:07:00 [内存] 已修剪 5 个游戏进程：3.2GB → 129.8MB（释放 3.1GB）
09-09 16:07:52 [看门狗] 心跳: 5/5
09-09 16:09:59 [看门狗] 心跳: 5/5
09-09 16:12:05 [看门狗] 心跳: 5/5
09-09 16:13:40 p2648 任务脚本已死 → 自动补拉
09-09 16:13:40 p2648 已拉起任务脚本（队长·二号美人 gw=file://pzxy_p2648）
09-09 16:18:27 [看门狗] 心跳: 5/5
09-09 16:18:32 p8048 tp 状态消失（第1次，疑似服务器抹除）
09-09 16:18:34 p18080 tp 状态消失（第1次，疑似服务器抹除）
09-09 16:18:34 p2648 tp 状态消失（第1次，疑似服务器抹除）
09-09 16:18:36 p9840 tp 状态消失（第1次，疑似服务器抹除）
09-09 16:18:39 p500 tp 状态消失（第1次，疑似服务器抹除）
09-09 16:18:50 p8048 tp 连续消失 3 次 → 杀游戏重启闭环
09-09 16:18:50 p8048 旧游戏进程卡死，已强制结束
09-09 16:18:51 p8048 已重启为新进程 PID=17192，等待登录界面…
09-09 16:18:52 p18080 tp 连续消失 3 次 → 杀游戏重启闭环
09-09 16:18:52 p18080 旧游戏进程卡死，已强制结束
09-09 16:18:53 p17192 检测到登录界面，开始播种…
09-09 16:18:53 p18080 已重启为新进程 PID=16468，等待登录界面…
09-09 16:18:54 p500 tp 连续消失 3 次 → 杀游戏重启闭环
09-09 16:18:55 p500 旧游戏进程卡死，已强制结束
09-09 16:18:55 p16468 检测到登录界面，开始播种…
09-09 16:18:56 p500 已重启为新进程 PID=19604，等待登录界面…
09-09 16:18:56 p2648 tp 连续消失 3 次 → 杀游戏重启闭环
09-09 16:18:57 p2648 旧游戏进程卡死，已强制结束
09-09 16:18:58 p19604 检测到登录界面，开始播种…
09-09 16:18:58 p2648 已重启为新进程 PID=16988，等待登录界面…
09-09 16:19:00 p17192 播种成功 ✓
09-09 16:19:00 p17192 重放 member#2 登录点击 4 步…
09-09 16:19:00 p8048 → 新 PID=17192 播种/登录流程接管完成
09-09 16:19:00 p16988 检测到登录界面，开始播种…
09-09 16:19:02 p16468 播种成功 ✓
09-09 16:19:02 p18080 → 新 PID=16468 播种/登录流程接管完成
09-09 16:19:02 p16468 重放 member#1 登录点击 4 步…
09-09 16:19:04 p19604 播种成功 ✓
09-09 16:19:04 p19604 重放 member#3 登录点击 4 步…
09-09 16:19:04 p500 → 新 PID=19604 播种/登录流程接管完成
09-09 16:19:05 p9840 tp 连续消失 3 次 → 杀游戏重启闭环
09-09 16:19:05 p9840 旧游戏进程卡死，已强制结束
09-09 16:19:06 p9840 已重启为新进程 PID=19280，等待登录界面…
09-09 16:19:06 p16988 播种成功 ✓
09-09 16:19:06 p16988 重放 leader#1 登录点击 4 步…
09-09 16:19:06 p2648 → 新 PID=16988 播种/登录流程接管完成
09-09 16:19:07 p19280 检测到登录界面，开始播种…
09-09 16:19:08 p17192 登录点击重放完毕，等待进入场景…
09-09 16:19:11 p17192 检测到已登录 ✓
09-09 16:19:11 p17192 重登待命：等队长联动信号（队长未就位/未建队则不动）
09-09 16:19:11 p16468 登录点击重放完毕，等待进入场景…
09-09 16:19:12 p19604 登录点击重放完毕，等待进入场景…
09-09 16:19:13 p16468 检测到已登录 ✓
09-09 16:19:13 p16468 重登待命：等队长联动信号（队长未就位/未建队则不动）
09-09 16:19:13 [看门狗] 队长 PID 变更 2648 → 16988，跟随新通道
09-09 16:19:13 p16988 登录点击重放完毕，等待进入场景…
09-09 16:19:13 p19280 播种成功 ✓
09-09 16:19:13 p19280 重放 member#4 登录点击 4 步…
09-09 16:19:13 p9840 → 新 PID=19280 播种/登录流程接管完成
09-09 16:19:15 p19604 检测到已登录 ✓
09-09 16:19:15 p19604 重登待命：等队长联动信号（队长未就位/未建队则不动）
09-09 16:19:15 p16988 检测到已登录 ✓
09-09 16:19:15 [sat] 队长准备: 传送 大唐官府 + 走位 [139,80]
09-09 16:19:22 p19280 登录点击重放完毕，等待进入场景…
09-09 16:19:23 p19280 检测到已登录 ✓
09-09 16:19:23 p19280 重登待命：等队长联动信号（队长未就位/未建队则不动）
09-09 16:19:26 [sat] 队长当前位置: None（第1次传送后）
09-09 16:19:26 [sat] 面板读不到，按传送统一落点 [132,83] 兜底走位
09-09 16:19:26 [sat] [fail] tp 不可用
09-09 16:19:26 [sat] [warn] 第1轮走位未到锚点（pos=None）→ 重传送再来
09-09 16:19:31 [sat] 队长当前位置: None（第2次传送后）
09-09 16:19:31 [sat] 面板读不到，按传送统一落点 [132,83] 兜底走位
09-09 16:19:31 [sat] [fail] tp 不可用
09-09 16:19:31 [sat] [warn] 第2轮走位未到锚点（pos=None）→ 重传送再来
09-09 16:19:31 [sat] [fail] 队长两轮走位均未到达 [139,80]——本轮禁止队员归队（防打乱坐标）
09-09 16:19:33 [任务闸] 队长任务暂不启动：未到齐：p16468 p16468（掉线/未登录）、p17192 p17192（掉线/未登录）、p19604 p19604（掉线/未登录）、p19280 p19280（掉线/未登录）（队伍 ?/5）——请先完成组队或确认队友在线
09-09 16:19:39 p16988 tp 状态消失（第1次，疑似服务器抹除）
09-09 16:19:55 p16988 tp 连续消失 3 次 → 杀游戏重启闭环
09-09 16:19:56 p16988 旧游戏进程卡死，已强制结束
09-09 16:19:57 p16988 已重启为新进程 PID=19100，等待登录界面…
09-09 16:19:59 p19100 检测到登录界面，开始播种…
09-09 16:20:05 p19100 播种成功 ✓
09-09 16:20:05 p19100 重放 leader#1 登录点击 4 步…
09-09 16:20:05 p16988 → 新 PID=19100 播种/登录流程接管完成
09-09 16:20:12 p19100 登录点击重放完毕，等待进入场景…
09-09 16:20:13 p19100 检测到已登录 ✓
09-09 16:20:13 [sat] 队长准备: 传送 大唐官府 + 走位 [139,80]
09-09 16:20:13 [看门狗] 队长 PID 变更 16988 → 19100，跟随新通道
09-09 16:20:25 [sat] 队长当前位置: None（第1次传送后）
09-09 16:20:25 [sat] 面板读不到，按传送统一落点 [132,83] 兜底走位
09-09 16:20:25 [sat] [fail] tp 不可用
09-09 16:20:25 [sat] [warn] 第1轮走位未到锚点（pos=None）→ 重传送再来
09-09 16:20:29 [sat] 队长当前位置: None（第2次传送后）
09-09 16:20:29 [sat] 面板读不到，按传送统一落点 [132,83] 兜底走位
09-09 16:20:30 [sat] [fail] tp 不可用
09-09 16:20:30 [sat] [warn] 第2轮走位未到锚点（pos=None）→ 重传送再来
09-09 16:20:30 [sat] [fail] 队长两轮走位均未到达 [139,80]——本轮禁止队员归队（防打乱坐标）
09-09 16:20:32 [任务闸] 队长任务暂不启动：未到齐：p16468 p16468（掉线/未登录）、p17192 p17192（掉线/未登录）、p19604 p19604（掉线/未登录）、p19280 p19280（掉线/未登录）（队伍 ?/5）——请先完成组队或确认队友在线
09-09 16:20:38 p19100 tp 状态消失（第1次，疑似服务器抹除）
09-09 16:20:54 p19100 tp 连续消失 3 次 → 杀游戏重启闭环
09-09 16:20:54 p19100 旧游戏进程卡死，已强制结束
09-09 16:20:55 p19100 已重启为新进程 PID=19624，等待登录界面…
09-09 16:20:57 p19624 检测到登录界面，开始播种…
09-09 16:20:59 [看门狗] 队长 PID 变更 19100 → 19624，跟随新通道
09-09 16:21:04 p19624 播种成功 ✓
09-09 16:21:04 p19624 重放 leader#1 登录点击 4 步…
09-09 16:21:04 p19100 → 新 PID=19624 播种/登录流程接管完成
09-09 16:21:10 p19624 登录点击重放完毕，等待进入场景…
09-09 16:21:12 p19624 检测到已登录 ✓
09-09 16:21:12 [sat] 队长准备: 传送 大唐官府 + 走位 [139,80]
09-09 16:21:21 [sat] 队长当前位置: (2640.0, 1660.0)（第1次传送后）
09-09 16:21:22 [sat] 走位点击 (540,240)（偏差 140,-60）——途中不点组队图标
09-09 16:21:26 [sat] 队长已就位: (2777.8166106369, 1600.9357382985)（目标 (2780.0, 1600.0)，±3 格容差）
09-09 16:21:29 [任务闸] 队长任务暂不启动：未到齐：p16468 p16468（掉线/未登录）、p17192 p17192（掉线/未登录）、p19604 p19604（掉线/未登录）、p19280 p19280（掉线/未登录）（队伍 0/5）——请先完成组队或确认队友在线
09-09 16:21:30 [看门狗] 检测到缺员 0/5 → 打断抓鬼，启动补组队
09-09 16:21:30 [sat] 队长准备: 传送 大唐官府 + 走位 [139,80]
09-09 16:21:31 [sat] 队长已在锚点附近 (2777.8166106369, 1600.9357382985)，跳过传送直接就位
09-09 16:21:31 [看门狗] 队伍已散（0 人）→ 重新建队
09-09 16:21:32 [sat] 建队第1次 脚底屏幕位 (418,292) → 身体点上移 50
09-09 16:21:36 [sat] 建队第1次 顶栏stats（应为 1）: ((1, 0, '二号美人'),)
09-09 16:21:36 [sat] 联动信号已发布: 队长 p19624 就位 (2778, 1601)（队员凭此行动）
09-09 16:21:38 [sat] 当前成员数: 1（目标 5）
09-09 16:21:43 p19280 收到队长联动 → 传送+申请归队
09-09 16:21:50 [sat] p19280: tp/窗口不可用
09-09 16:21:51 p17192 收到队长联动 → 传送+申请归队
09-09 16:21:53 p16468 收到队长联动 → 传送+申请归队
09-09 16:21:55 p19604 收到队长联动 → 传送+申请归队
09-09 16:21:57 [sat] p17192: tp/窗口不可用
09-09 16:21:57 [sat] p19280: tp/窗口不可用
09-09 16:21:59 [sat] p16468: tp/窗口不可用
09-09 16:22:01 p19624 任务脚本已死 → 自动补拉
09-09 16:22:01 [sat] p19604: tp/窗口不可用
09-09 16:22:02 [任务闸] 队长任务暂不启动：未到齐：p16468 p16468（掉线/未登录）、p17192 p17192（掉线/未登录）、p19604 p19604（掉线/未登录）、p19280 p19280（掉线/未登录）（队伍 1/5）——请先完成组队或确认队友在线
09-09 16:22:04 [sat] p17192: tp/窗口不可用
09-09 16:22:04 [sat] p19280: tp/窗口不可用
09-09 16:22:06 [sat] p16468: tp/窗口不可用
09-09 16:22:08 [sat] p19604: tp/窗口不可用
09-09 16:22:10 [sat] p19280: 申请轮次结束（是否入队由队长批准裁决）
09-09 16:22:10 [sat] p17192: tp/窗口不可用
09-09 16:22:12 p19280 已拉起任务脚本（队员·一号美人 gw=file://pzxy_p19280）
09-09 16:22:13 [sat] p16468: tp/窗口不可用
09-09 16:22:13 p19280 tp 状态消失（第1次，疑似服务器抹除）
09-09 16:22:14 [sat] p19604: tp/窗口不可用
09-09 16:22:16 [sat] p17192: 申请轮次结束（是否入队由队长批准裁决）
09-09 16:22:18 p17192 tp 状态消失（第1次，疑似服务器抹除）
09-09 16:22:19 [sat] p16468: 申请轮次结束（是否入队由队长批准裁决）
09-09 16:22:19 p17192 已拉起任务脚本（队员·这是帅哥 gw=file://pzxy_p17192）
09-09 16:22:20 [sat] p19604: 申请轮次结束（是否入队由队长批准裁决）
09-09 16:22:21 p16468 已拉起任务脚本（队员·三号美人 gw=file://pzxy_p16468）
09-09 16:22:22 p17192 tp 连续消失 3 次 → 杀游戏重启闭环
09-09 16:22:22 p17192 旧游戏进程卡死，已强制结束
09-09 16:22:23 p19604 已拉起任务脚本（队员·这是猛男 gw=file://pzxy_p19604）
09-09 16:22:23 p17192 已重启为新进程 PID=17212，等待登录界面…
09-09 16:22:24 p16468 tp 状态消失（第1次，疑似服务器抹除）
09-09 16:22:25 p17212 检测到登录界面，开始播种…
09-09 16:22:29 p16468 tp 连续消失 3 次 → 杀游戏重启闭环
09-09 16:22:29 p16468 旧游戏进程卡死，已强制结束
09-09 16:22:30 p16468 已重启为新进程 PID=17320，等待登录界面…
09-09 16:22:31 p19604 tp 状态消失（第1次，疑似服务器抹除）
09-09 16:22:31 p17320 检测到登录界面，开始播种…
09-09 16:22:33 p17212 播种成功 ✓
09-09 16:22:33 p17212 重放 member#2 登录点击 4 步…
09-09 16:22:33 p17192 → 新 PID=17212 播种/登录流程接管完成
09-09 16:22:34 [看门狗] 心跳: 1/5
09-09 16:22:39 p17320 播种成功 ✓
09-09 16:22:39 p17320 重放 member#1 登录点击 4 步…
09-09 16:22:39 p16468 → 新 PID=17320 播种/登录流程接管完成
09-09 16:22:41 p19280 tp 连续消失 3 次 → 杀游戏重启闭环
09-09 16:22:41 p19280 旧游戏进程卡死，已强制结束
09-09 16:22:41 p17212 登录点击重放完毕，等待进入场景…
09-09 16:22:42 p19280 已重启为新进程 PID=18020，等待登录界面…
09-09 16:22:43 p17212 检测到已登录 ✓
09-09 16:22:43 p17212 重登待命：等队长联动信号（队长p19624 未就位/未建队则不动）
09-09 16:22:43 p17212 收到队长联动 → 传送+申请归队
09-09 16:22:43 [sat] p17212: 异图(江南野外≠队长大唐官府) 就地传送
09-09 16:22:44 p18020 检测到登录界面，开始播种…
09-09 16:22:45 p19604 tp 连续消失 3 次 → 杀游戏重启闭环
09-09 16:22:46 p19604 旧游戏进程卡死，已强制结束
09-09 16:22:47 p19604 已重启为新进程 PID=20000，等待登录界面…
09-09 16:22:47 p17320 登录点击重放完毕，等待进入场景…
09-09 16:22:49 p20000 检测到登录界面，开始播种…
09-09 16:22:49 p17320 检测到已登录 ✓
09-09 16:22:49 p17320 重登待命：等队长联动信号（队长p19624 未就位/未建队则不动）
09-09 16:22:49 p17320 收到队长联动 → 传送+申请归队
09-09 16:22:50 [sat] p17320: 异图(江南野外≠队长大唐官府) 就地传送
09-09 16:22:52 p18020 播种成功 ✓
09-09 16:22:52 p18020 重放 member#4 登录点击 4 步…
09-09 16:22:52 p19280 → 新 PID=18020 播种/登录流程接管完成
09-09 16:22:54 [sat] p17212: 已点队长身体 (537,240)（第1次申请）
09-09 16:22:56 p20000 播种成功 ✓
09-09 16:22:56 p20000 重放 member#3 登录点击 4 步…
09-09 16:22:56 p19604 → 新 PID=20000 播种/登录流程接管完成
09-09 16:23:00 p18020 登录点击重放完毕，等待进入场景…
09-09 16:23:02 p18020 检测到已登录 ✓
09-09 16:23:02 p18020 重登待命：等队长联动信号（队长p19624 未就位/未建队则不动）
09-09 16:23:02 p18020 收到队长联动 → 传送+申请归队
09-09 16:23:02 [sat] p17320: 已点队长身体 (537,240)（第1次申请）
09-09 16:23:02 [sat] p18020: 异图(江南野外≠队长大唐官府) 就地传送
09-09 16:23:03 p20000 登录点击重放完毕，等待进入场景…
09-09 16:23:05 [sat] p17212: 已点队长身体 (537,240)（第2次申请）
09-09 16:23:05 p19624 任务脚本已死 → 自动补拉
09-09 16:23:05 [任务闸] 队长任务暂不启动：未到齐：p17320 p17320（掉线/未登录）、p17212 p17212（掉线/未登录）、p20000 p20000（掉线/未登录）、p18020 p18020（掉线/未登录）（队伍 1/5）——请先完成组队或确认队友在线
09-09 16:23:06 p20000 检测到已登录 ✓
09-09 16:23:06 p20000 重登待命：等队长联动信号（队长p19624 未就位/未建队则不动）
09-09 16:23:06 p20000 收到队长联动 → 传送+申请归队
09-09 16:23:06 [sat] p20000: 异图(江南野外≠队长大唐官府) 就地传送
09-09 16:23:08 [sat] 当前成员数: 2（目标 5）
09-09 16:23:13 [sat] p17320: 已点队长身体 (537,240)（第2次申请）
09-09 16:23:13 [sat] 当前成员数: 3（目标 5）
09-09 16:23:13 [sat] p18020: 已点队长身体 (537,240)（第1次申请）
09-09 16:23:14 [sat] p17212: 已点队长身体 (537,240)（第3次申请）
09-09 16:23:17 [sat] p20000: 已点队长身体 (537,240)（第1次申请）
09-09 16:23:23 [sat] p17212: 申请轮次结束（是否入队由队长批准裁决）
09-09 16:23:25 [sat] p17320: 已点队长身体 (537,240)（第3次申请）
09-09 16:23:26 p17212 已拉起任务脚本（队员·这是帅哥 gw=file://pzxy_p17212）
09-09 16:23:26 [sat] p18020: 已点队长身体 (537,240)（第2次申请）
09-09 16:23:27 [sat] p20000: 已点队长身体 (537,240)（第2次申请）
09-09 16:23:27 [sat] 当前成员数: 4（目标 5）
09-09 16:23:31 [sat] 当前成员数: 5（目标 5）
09-09 16:23:31 [看门狗] 补组批准结束: 5/5
09-09 16:23:32 [sat] p17320: 申请轮次结束（是否入队由队长批准裁决）
09-09 16:23:35 p17320 已拉起任务脚本（队员·三号美人 gw=file://pzxy_p17320）
09-09 16:23:37 [看门狗] 队伍满员 5/5，恢复抓鬼
09-09 16:23:37 p17320 任务脚本已在跑，跳过
09-09 16:23:37 [sat] p18020: 已点队长身体 (537,240)（第3次申请）
09-09 16:23:37 p17212 任务脚本已在跑，跳过
09-09 16:23:38 [任务闸] 队长任务暂不启动：未到齐：p20000 p20000（掉线/未登录）、p18020 p18020（掉线/未登录）（队伍 5/5）——请先完成组队或确认队友在线
09-09 16:23:38 [sat] 阵法验证: 天覆阵/4
09-09 16:23:39 p17320 任务脚本已在跑，跳过
09-09 16:23:39 p17212 任务脚本已在跑，跳过
09-09 16:23:39 [任务闸] 队长任务暂不启动：未到齐：p20000 p20000（掉线/未登录）、p18020 p18020（掉线/未登录）（队伍 5/5）——请先完成组队或确认队友在线
09-09 16:23:39 [看门狗] 满员，抓鬼已恢复 ✓
09-09 16:23:39 [sat] p20000: 已点队长身体 (537,240)（第3次申请）
09-09 16:23:43 [sat] p18020: 申请轮次结束（是否入队由队长批准裁决）
09-09 16:23:46 [sat] p20000: 申请轮次结束（是否入队由队长批准裁决）
09-09 16:23:46 p18020 已拉起任务脚本（队员·一号美人 gw=file://pzxy_p18020）
09-09 16:23:48 p20000 已拉起任务脚本（队员·这是猛男 gw=file://pzxy_p20000）
09-09 16:24:10 p19624 任务脚本已死 → 自动补拉
09-09 16:24:10 p19624 已拉起任务脚本（队长·二号美人 gw=file://pzxy_p19624）
09-09 16:28:56 [看门狗] 心跳: 5/5
09-09 16:31:03 [看门狗] 心跳: 5/5
09-09 16:37:01 [内存] 已修剪 5 个游戏进程：3.3GB → 134.8MB（释放 3.2GB）
09-09 16:37:25 [看门狗] 心跳: 5/5
09-09 16:41:37 [看门狗] 心跳: 5/5
09-09 16:43:44 [看门狗] 心跳: 5/5
09-09 16:45:51 [看门狗] 心跳: 5/5
09-09 16:50:03 [看门狗] 心跳: 5/5
09-09 16:50:34 p19624 任务脚本已死 → 自动补拉
09-09 16:50:35 p19624 已拉起任务脚本（队长·二号美人 gw=file://pzxy_p19624）
09-09 16:56:28 [看门狗] 心跳: 5/5
09-09 16:58:39 [看门狗] 心跳: 5/5
09-09 17:05:05 [看门狗] 心跳: 5/5
09-09 17:07:01 [内存] 已修剪 5 个游戏进程：3.2GB → 146.9MB（释放 3.1GB）
09-09 17:09:22 [看门狗] 心跳: 5/5
09-09 17:13:35 [看门狗] 心跳: 5/5
09-09 17:15:40 [看门狗] 心跳: 5/5
09-09 17:17:46 [看门狗] 心跳: 5/5
09-09 17:24:04 [看门狗] 心跳: 5/5
09-09 17:26:10 [看门狗] 心跳: 5/5
09-09 17:26:42 p19624 任务脚本已死 → 自动补拉
09-09 17:26:42 p19624 已拉起任务脚本（队长·二号美人 gw=file://pzxy_p19624）
09-09 17:30:29 [看门狗] 心跳: 5/5
09-09 17:32:37 [看门狗] 心跳: 5/5
09-09 17:34:49 [看门狗] 心跳: 5/5
09-09 17:37:00 [看门狗] 心跳: 5/5
09-09 17:37:02 [内存] 已修剪 5 个游戏进程：2.9GB → 194.7MB（释放 2.7GB）
09-09 17:39:09 [看门狗] 心跳: 5/5
09-09 17:43:33 [看门狗] 心跳: 5/5
09-09 17:45:48 [看门狗] 心跳: 5/5
09-09 17:47:56 [看门狗] 心跳: 5/5
09-09 17:50:03 [看门狗] 心跳: 5/5
09-09 17:54:16 [看门狗] 心跳: 5/5
09-09 17:54:48 p19624 任务脚本已死 → 自动补拉
09-09 17:54:49 p19624 已拉起任务脚本（队长·二号美人 gw=file://pzxy_p19624）
09-09 17:58:39 [看门狗] 心跳: 5/5
09-09 18:00:45 [看门狗] 心跳: 5/5
09-09 18:07:02 [内存] 已修剪 5 个游戏进程：3.2GB → 171.4MB（释放 3.0GB）
09-09 18:11:30 [看门狗] 心跳: 5/5
09-09 18:13:40 [看门狗] 心跳: 5/5
09-09 18:15:47 [看门狗] 心跳: 5/5
09-09 18:17:57 [看门狗] 心跳: 5/5
09-09 18:18:23 p17212 tp 状态消失（第1次，疑似服务器抹除）
09-09 18:18:25 p17320 tp 状态消失（第1次，疑似服务器抹除）
09-09 18:18:25 p19624 tp 状态消失（第1次，疑似服务器抹除）
09-09 18:18:27 p18020 tp 状态消失（第1次，疑似服务器抹除）
09-09 18:18:29 p20000 tp 状态消失（第1次，疑似服务器抹除）
09-09 18:18:40 p17212 tp 连续消失 3 次 → 杀游戏重启闭环
09-09 18:18:40 p17212 旧游戏进程卡死，已强制结束
09-09 18:18:41 p17212 已重启为新进程 PID=16500，等待登录界面…
09-09 18:18:42 p17320 tp 连续消失 3 次 → 杀游戏重启闭环
09-09 18:18:42 p17320 旧游戏进程卡死，已强制结束
09-09 18:18:43 p17320 已重启为新进程 PID=9108，等待登录界面…
09-09 18:18:44 p16500 检测到登录界面，开始播种…
09-09 18:18:44 p20000 tp 连续消失 3 次 → 杀游戏重启闭环
09-09 18:18:45 p20000 旧游戏进程卡死，已强制结束
09-09 18:18:45 p9108 检测到登录界面，开始播种…
09-09 18:18:46 p20000 已重启为新进程 PID=21928，等待登录界面…
09-09 18:18:46 p19624 tp 连续消失 3 次 → 杀游戏重启闭环
09-09 18:18:47 p19624 旧游戏进程卡死，已强制结束
09-09 18:18:48 p21928 检测到登录界面，开始播种…
09-09 18:18:48 p19624 已重启为新进程 PID=21700，等待登录界面…
09-09 18:18:50 p21700 检测到登录界面，开始播种…
09-09 18:18:53 p9108 播种成功 ✓
09-09 18:18:53 p9108 重放 member#1 登录点击 4 步…
09-09 18:18:53 p17320 → 新 PID=9108 播种/登录流程接管完成
09-09 18:18:53 p16500 播种成功 ✓
09-09 18:18:53 p16500 重放 member#2 登录点击 4 步…
09-09 18:18:53 p17212 → 新 PID=16500 播种/登录流程接管完成
09-09 18:18:54 p21928 播种成功 ✓
09-09 18:18:54 p21928 重放 member#3 登录点击 4 步…
09-09 18:18:54 p20000 → 新 PID=21928 播种/登录流程接管完成
09-09 18:18:55 p18020 tp 连续消失 3 次 → 杀游戏重启闭环
09-09 18:18:55 p18020 旧游戏进程卡死，已强制结束
09-09 18:18:56 p18020 已重启为新进程 PID=16492，等待登录界面…
09-09 18:18:56 p21700 播种成功 ✓
09-09 18:18:56 p21700 重放 leader#1 登录点击 4 步…
09-09 18:18:56 p19624 → 新 PID=21700 播种/登录流程接管完成
09-09 18:18:57 p16492 检测到登录界面，开始播种…
09-09 18:19:00 [看门狗] 队长 PID 变更 19624 → 21700，跟随新通道
09-09 18:19:01 p16500 登录点击重放完毕，等待进入场景…
09-09 18:19:01 p9108 登录点击重放完毕，等待进入场景…
09-09 18:19:02 p21928 登录点击重放完毕，等待进入场景…
09-09 18:19:03 p9108 检测到已登录 ✓
09-09 18:19:03 p9108 重登待命：等队长联动信号（队长未就位/未建队则不动）
09-09 18:19:03 p16500 检测到已登录 ✓
09-09 18:19:03 p16500 重登待命：等队长联动信号（队长未就位/未建队则不动）
09-09 18:19:03 p21700 登录点击重放完毕，等待进入场景…
09-09 18:19:05 p21700 检测到已登录 ✓
09-09 18:19:05 [sat] 队长准备: 传送 大唐官府 + 走位 [139,80]
09-09 18:19:05 p16492 播种成功 ✓
09-09 18:19:05 p16492 重放 member#4 登录点击 4 步…
09-09 18:19:05 p18020 → 新 PID=16492 播种/登录流程接管完成
09-09 18:19:07 p21928 检测到系统弹窗(下线通知) → 已点确定/关闭
09-09 18:19:09 p21928 进程已死（状态=待登录）→ 重启闭环
09-09 18:19:09 p21928 已重启为新进程 PID=9112，等待登录界面…
09-09 18:19:10 p9112 检测到登录界面，开始播种…
09-09 18:19:13 p16492 登录点击重放完毕，等待进入场景…
09-09 18:19:15 p16492 检测到已登录 ✓
09-09 18:19:15 p16492 重登待命：等队长联动信号（队长未就位/未建队则不动）
09-09 18:19:15 [sat] 队长当前位置: None（第1次传送后）
09-09 18:19:15 [sat] 面板读不到，按传送统一落点 [132,83] 兜底走位
09-09 18:19:16 [sat] [fail] tp 不可用
09-09 18:19:16 [sat] [warn] 第1轮走位未到锚点（pos=None）→ 重传送再来
09-09 18:19:17 p9112 播种成功 ✓
09-09 18:19:17 p21928 → 新 PID=9112 播种/登录流程接管完成
09-09 18:19:17 p9112 重放 member#3 登录点击 4 步…
09-09 18:19:20 [sat] 队长当前位置: None（第2次传送后）
09-09 18:19:20 [sat] 面板读不到，按传送统一落点 [132,83] 兜底走位
09-09 18:19:20 [sat] [fail] tp 不可用
09-09 18:19:20 [sat] [warn] 第2轮走位未到锚点（pos=None）→ 重传送再来
09-09 18:19:20 [sat] [fail] 队长两轮走位均未到达 [139,80]——本轮禁止队员归队（防打乱坐标）
09-09 18:19:23 [任务闸] 队长任务暂不启动：未到齐：p9108 p9108（掉线/未登录）、p16500 p16500（掉线/未登录）、p9112 p9112（掉线/未登录）、p16492 p16492（掉线/未登录）（队伍 ?/5）——请先完成组队或确认队友在线
09-09 18:19:25 p9112 登录点击重放完毕，等待进入场景…
09-09 18:19:27 p9112 检测到已登录 ✓
09-09 18:19:27 p9112 重登待命：等队长联动信号（队长p21700 未就位/未建队则不动）
09-09 18:19:27 p21700 tp 状态消失（第1次，疑似服务器抹除）
09-09 18:19:30 p21700 任务脚本已死 → 自动补拉
09-09 18:19:31 [任务闸] 队长任务暂不启动：未到齐：p9108 p9108（掉线/未登录）、p16500 p16500（掉线/未登录）、p9112 p9112（掉线/未登录）、p16492 p16492（掉线/未登录）（队伍 ?/5）——请先完成组队或确认队友在线
09-09 18:19:43 p21700 tp 连续消失 3 次 → 杀游戏重启闭环
09-09 18:19:44 p21700 旧游戏进程卡死，已强制结束
09-09 18:19:45 p21700 已重启为新进程 PID=19720，等待登录界面…
09-09 18:19:47 p19720 检测到登录界面，开始播种…
09-09 18:19:53 p19720 播种成功 ✓
09-09 18:19:53 p21700 → 新 PID=19720 播种/登录流程接管完成
09-09 18:19:53 p19720 重放 leader#1 登录点击 4 步…
09-09 18:20:00 p19720 登录点击重放完毕，等待进入场景…
09-09 18:20:01 [看门狗] 队长 PID 变更 21700 → 19720，跟随新通道
09-09 18:20:01 p19720 检测到已登录 ✓
09-09 18:20:01 [sat] 队长准备: 传送 大唐官府 + 走位 [139,80]
09-09 18:20:11 [sat] 队长当前位置: (2640.0, 1660.0)（第1次传送后）
09-09 18:20:12 [sat] 走位点击 (540,240)（偏差 140,-60）——途中不点组队图标
09-09 18:20:16 [sat] 队长已就位: (2777.9728661908, 1600.8687716325)（目标 (2780.0, 1600.0)，±3 格容差）
09-09 18:20:17 [看门狗] 检测到缺员 0/5 → 打断抓鬼，启动补组队
09-09 18:20:17 [sat] 队长准备: 传送 大唐官府 + 走位 [139,80]
09-09 18:20:17 [sat] 队长已在锚点附近 (2777.9728661908, 1600.8687716325)，跳过传送直接就位
09-09 18:20:18 [看门狗] 队伍已散（0 人）→ 重新建队
09-09 18:20:19 [任务闸] 队长任务暂不启动：未到齐：p9108 p9108（掉线/未登录）、p16500 p16500（掉线/未登录）、p9112 p9112（掉线/未登录）、p16492 p16492（掉线/未登录）（队伍 0/5）——请先完成组队或确认队友在线
09-09 18:20:19 [sat] 建队第1次 脚底屏幕位 (417,292) → 身体点上移 50
09-09 18:20:23 [sat] 建队第1次 顶栏stats（应为 1）: ((1, 0, '二号美人'),)
09-09 18:20:23 [sat] 联动信号已发布: 队长 p19720 就位 (2778, 1601)（队员凭此行动）
09-09 18:20:25 [sat] 当前成员数: 1（目标 5）
09-09 18:20:27 p9112 收到队长联动 → 传送+申请归队
09-09 18:20:33 p19720 任务脚本已死 → 自动补拉
09-09 18:20:33 [任务闸] 队长任务暂不启动：未到齐：p9108 p9108（掉线/未登录）、p16500 p16500（掉线/未登录）、p9112 p9112（掉线/未登录）、p16492 p16492（掉线/未登录）（队伍 1/5）——请先完成组队或确认队友在线
09-09 18:20:34 [sat] p9112: tp/窗口不可用
09-09 18:20:35 p16492 收到队长联动 → 传送+申请归队
09-09 18:20:40 [sat] p9112: tp/窗口不可用
09-09 18:20:40 [sat] p16492: tp/窗口不可用
09-09 18:20:43 p9108 收到队长联动 → 传送+申请归队
09-09 18:20:43 p16500 收到队长联动 → 传送+申请归队
09-09 18:20:47 [sat] p9112: tp/窗口不可用
09-09 18:20:48 [sat] p16492: tp/窗口不可用
09-09 18:20:51 [sat] p9108: tp/窗口不可用
09-09 18:20:51 [sat] p16500: tp/窗口不可用
09-09 18:20:53 [sat] p9112: 申请轮次结束（是否入队由队长批准裁决）
09-09 18:20:54 [sat] p16492: tp/窗口不可用
09-09 18:20:55 p9112 已拉起任务脚本（队员·这是猛男 gw=file://pzxy_p9112）
09-09 18:20:57 [sat] p9108: tp/窗口不可用
09-09 18:20:58 [sat] p16500: tp/窗口不可用
09-09 18:21:00 [sat] p16492: 申请轮次结束（是否入队由队长批准裁决）
09-09 18:21:03 p16492 已拉起任务脚本（队员·一号美人 gw=file://pzxy_p16492）
09-09 18:21:03 p9112 tp 状态消失（第1次，疑似服务器抹除）
09-09 18:21:04 [sat] p9108: tp/窗口不可用
09-09 18:21:04 [sat] p16500: tp/窗口不可用
09-09 18:21:06 p16492 tp 状态消失（第1次，疑似服务器抹除）
09-09 18:21:10 [sat] p9108: 申请轮次结束（是否入队由队长批准裁决）
09-09 18:21:10 [sat] p16500: 申请轮次结束（是否入队由队长批准裁决）
09-09 18:21:12 p9108 tp 状态消失（第1次，疑似服务器抹除）
09-09 18:21:12 p9108 已拉起任务脚本（队员·三号美人 gw=file://pzxy_p9108）
09-09 18:21:13 p16500 已拉起任务脚本（队员·这是帅哥 gw=file://pzxy_p16500）
09-09 18:21:18 p16500 tp 状态消失（第1次，疑似服务器抹除）
09-09 18:21:23 p16492 tp 连续消失 3 次 → 杀游戏重启闭环
09-09 18:21:24 p16492 旧游戏进程卡死，已强制结束
09-09 18:21:25 p16492 已重启为新进程 PID=19228，等待登录界面…
09-09 18:21:25 p9112 tp 连续消失 3 次 → 杀游戏重启闭环
09-09 18:21:26 p9112 旧游戏进程卡死，已强制结束
09-09 18:21:27 p19228 检测到登录界面，开始播种…
09-09 18:21:27 p9112 已重启为新进程 PID=17228，等待登录界面…
09-09 18:21:29 p17228 检测到登录界面，开始播种…
09-09 18:21:32 p9108 tp 连续消失 3 次 → 杀游戏重启闭环
09-09 18:21:32 p9108 旧游戏进程卡死，已强制结束
09-09 18:21:33 p19228 播种成功 ✓
09-09 18:21:33 p19228 重放 member#4 登录点击 4 步…
09-09 18:21:33 p16492 → 新 PID=19228 播种/登录流程接管完成
09-09 18:21:33 p9108 已重启为新进程 PID=2748，等待登录界面…
09-09 18:21:34 p2748 检测到登录界面，开始播种…
09-09 18:21:35 p17228 播种成功 ✓
09-09 18:21:35 p9112 → 新 PID=17228 播种/登录流程接管完成
09-09 18:21:35 p17228 重放 member#3 登录点击 4 步…
09-09 18:21:36 p19720 任务脚本已死 → 自动补拉
09-09 18:21:37 [任务闸] 队长任务暂不启动：未到齐：p2748 p2748（掉线/未登录）、p17228 p17228（掉线/未登录）、p19228 p19228（掉线/未登录）、p16500 p16500（在线但未入队）（队伍 1/5）——请先完成组队或确认队友在线
09-09 18:21:41 p2748 播种成功 ✓
09-09 18:21:41 p2748 重放 member#1 登录点击 4 步…
09-09 18:21:41 p9108 → 新 PID=2748 播种/登录流程接管完成
09-09 18:21:41 p19228 登录点击重放完毕，等待进入场景…
09-09 18:21:43 p19228 检测到已登录 ✓
09-09 18:21:43 p19228 重登待命：等队长联动信号（队长p19720 未就位/未建队则不动）
09-09 18:21:43 p19228 收到队长联动 → 传送+申请归队
09-09 18:21:43 p17228 登录点击重放完毕，等待进入场景…
09-09 18:21:43 [sat] p19228: 异图(江南野外≠队长大唐官府) 就地传送
09-09 18:21:45 p17228 检测到已登录 ✓
09-09 18:21:45 p17228 重登待命：等队长联动信号（队长p19720 未就位/未建队则不动）
09-09 18:21:45 p17228 收到队长联动 → 传送+申请归队
09-09 18:21:45 [sat] p17228: 异图(江南野外≠队长大唐官府) 就地传送
09-09 18:21:49 p2748 登录点击重放完毕，等待进入场景…
09-09 18:21:51 p2748 检测到已登录 ✓
09-09 18:21:51 p2748 重登待命：等队长联动信号（队长p19720 未就位/未建队则不动）
09-09 18:21:51 p2748 收到队长联动 → 传送+申请归队
09-09 18:21:52 [sat] p2748: 异图(江南野外≠队长大唐官府) 就地传送
09-09 18:21:54 [sat] p19228: 已点队长身体 (537,240)（第1次申请）
09-09 18:21:57 [sat] p17228: 已点队长身体 (537,240)（第1次申请）
09-09 18:22:03 [sat] p2748: 已点队长身体 (537,240)（第1次申请）
09-09 18:22:05 [sat] p19228: 已点队长身体 (537,240)（第2次申请）
09-09 18:22:07 [sat] 当前成员数: 2（目标 5）
09-09 18:22:07 [sat] p17228: 已点队长身体 (537,240)（第2次申请）
09-09 18:22:09 [看门狗] 心跳: 2/5
09-09 18:22:11 [sat] 当前成员数: 3（目标 5）
09-09 18:22:15 [sat] p2748: 已点队长身体 (537,240)（第2次申请）
09-09 18:22:15 [sat] p19228: 已点队长身体 (537,240)（第3次申请）
09-09 18:22:16 [sat] 当前成员数: 4（目标 5）
09-09 18:22:17 [sat] p17228: 已点队长身体 (537,240)（第3次申请）
09-09 18:22:24 [sat] p19228: 申请轮次结束（是否入队由队长批准裁决）
09-09 18:22:25 [sat] p17228: 申请轮次结束（是否入队由队长批准裁决）
09-09 18:22:26 p19228 已拉起任务脚本（队员·一号美人 gw=file://pzxy_p19228）
09-09 18:22:27 p17228 已拉起任务脚本（队员·这是猛男 gw=file://pzxy_p17228）
09-09 18:22:28 [sat] p2748: 已点队长身体 (537,240)（第3次申请）
09-09 18:22:35 [sat] p2748: 申请轮次结束（是否入队由队长批准裁决）
09-09 18:22:37 p2748 已拉起任务脚本（队员·三号美人 gw=file://pzxy_p2748）
09-09 18:22:41 p19720 任务脚本已死 → 自动补拉
09-09 18:22:41 [任务闸] 队长任务暂不启动：未到齐：p2748 p2748（在线但未入队）（队伍 4/5）——请先完成组队或确认队友在线
09-09 18:22:47 p16500 tp 连续消失 3 次 → 杀游戏重启闭环
09-09 18:22:47 p16500 旧游戏进程卡死，已强制结束
09-09 18:22:48 p16500 已重启为新进程 PID=21492，等待登录界面…
09-09 18:22:50 p21492 检测到登录界面，开始播种…
09-09 18:22:57 p21492 播种成功 ✓
09-09 18:22:57 p21492 重放 member#2 登录点击 4 步…
09-09 18:22:57 p16500 → 新 PID=21492 播种/登录流程接管完成
09-09 18:23:05 p21492 登录点击重放完毕，等待进入场景…
09-09 18:23:07 p21492 检测到已登录 ✓
09-09 18:23:07 p21492 重登待命：等队长联动信号（队长p19720 未就位/未建队则不动）
09-09 18:23:07 p21492 收到队长联动 → 传送+申请归队
09-09 18:23:07 [sat] p21492: 异图(江南野外≠队长大唐官府) 就地传送
09-09 18:23:19 [sat] p21492: 已点队长身体 (537,240)（第1次申请）
09-09 18:23:24 [sat] 当前成员数: 5（目标 5）
09-09 18:23:24 [看门狗] 补组批准结束: 5/5
09-09 18:23:29 [看门狗] 队伍满员 5/5，恢复抓鬼
09-09 18:23:29 p2748 任务脚本已在跑，跳过
09-09 18:23:29 [sat] p21492: 已点队长身体 (537,240)（第2次申请）
09-09 18:23:30 p17228 任务脚本已在跑，跳过
09-09 18:23:30 p19228 任务脚本已在跑，跳过
09-09 18:23:30 [任务闸] 队长任务暂不启动：未到齐：p21492 p21492（掉线/未登录）（队伍 5/5）——请先完成组队或确认队友在线
09-09 18:23:31 [sat] 阵法验证: 天覆阵/4
09-09 18:23:31 p2748 任务脚本已在跑，跳过
09-09 18:23:32 p17228 任务脚本已在跑，跳过
09-09 18:23:32 p19228 任务脚本已在跑，跳过
09-09 18:23:32 [任务闸] 队长任务暂不启动：未到齐：p21492 p21492（掉线/未登录）（队伍 5/5）——请先完成组队或确认队友在线
09-09 18:23:32 [看门狗] 满员，抓鬼已恢复 ✓
09-09 18:23:42 [sat] p21492: 已点队长身体 (537,240)（第3次申请）
09-09 18:23:46 p19720 任务脚本已死 → 自动补拉
09-09 18:23:46 [任务闸] 队长任务暂不启动：未到齐：p21492 p21492（掉线/未登录）（队伍 5/5）——请先完成组队或确认队友在线
09-09 18:23:51 [sat] p21492: 申请轮次结束（是否入队由队长批准裁决）
09-09 18:23:53 p21492 已拉起任务脚本（队员·这是帅哥 gw=file://pzxy_p21492）
09-09 18:24:18 [看门狗] 心跳: 5/5
09-09 18:24:50 p19720 任务脚本已死 → 自动补拉
09-09 18:24:50 p19720 已拉起任务脚本（队长·二号美人 gw=file://pzxy_p19720）
09-09 18:26:25 [看门狗] 心跳: 5/5
09-09 18:28:25 p19720 tp 状态消失（第1次，疑似服务器抹除）
09-09 18:28:28 p19228 tp 状态消失（第1次，疑似服务器抹除）
09-09 18:28:30 p17228 tp 状态消失（第1次，疑似服务器抹除）
09-09 18:28:32 p21492 tp 状态消失（第1次，疑似服务器抹除）
09-09 18:28:34 p2748 tp 状态消失（第1次，疑似服务器抹除）
09-09 18:28:35 [看门狗] 队伍数据连续读不到（752 轮），检查通道/面板
09-09 18:28:45 p19720 tp 连续消失 3 次 → 杀游戏重启闭环
09-09 18:28:46 p19720 旧游戏进程卡死，已强制结束
09-09 18:28:47 p19720 已重启为新进程 PID=5304，等待登录界面…
09-09 18:28:48 p19228 tp 连续消失 3 次 → 杀游戏重启闭环
09-09 18:28:48 p19228 旧游戏进程卡死，已强制结束
09-09 18:28:49 p5304 检测到登录界面，开始播种…
09-09 18:28:49 p19228 已重启为新进程 PID=2096，等待登录界面…
09-09 18:28:50 [看门狗] 队长 PID 变更 19720 → 5304，跟随新通道
09-09 18:28:50 p2096 检测到登录界面，开始播种…
09-09 18:28:52 p2748 tp 连续消失 3 次 → 杀游戏重启闭环
09-09 18:28:52 p2748 旧游戏进程卡死，已强制结束
09-09 18:28:53 p2748 已重启为新进程 PID=10556，等待登录界面…
09-09 18:28:54 p17228 tp 连续消失 3 次 → 杀游戏重启闭环
09-09 18:28:54 p10556 检测到登录界面，开始播种…
09-09 18:28:55 p17228 旧游戏进程卡死，已强制结束
09-09 18:28:56 p17228 已重启为新进程 PID=5552，等待登录界面…
09-09 18:28:56 p5304 播种成功 ✓
09-09 18:28:56 p5304 重放 leader#1 登录点击 4 步…
09-09 18:28:56 p19720 → 新 PID=5304 播种/登录流程接管完成
09-09 18:28:58 p5552 检测到登录界面，开始播种…
09-09 18:28:58 p2096 播种成功 ✓
09-09 18:28:58 p2096 重放 member#4 登录点击 4 步…
09-09 18:28:58 p19228 → 新 PID=2096 播种/登录流程接管完成
09-09 18:29:02 p5304 登录点击重放完毕，等待进入场景…
09-09 18:29:03 p21492 tp 连续消失 3 次 → 杀游戏重启闭环
09-09 18:29:03 p21492 旧游戏进程卡死，已强制结束
09-09 18:29:04 p21492 已重启为新进程 PID=22244，等待登录界面…
09-09 18:29:04 p10556 播种成功 ✓
09-09 18:29:04 p10556 重放 member#1 登录点击 4 步…
09-09 18:29:04 p2748 → 新 PID=10556 播种/登录流程接管完成
09-09 18:29:05 p5304 检测到已登录 ✓
09-09 18:29:05 [sat] 队长准备: 传送 大唐官府 + 走位 [139,80]
09-09 18:29:05 p22244 检测到登录界面，开始播种…
09-09 18:29:06 p5552 播种成功 ✓
09-09 18:29:06 p5552 重放 member#3 登录点击 4 步…
09-09 18:29:06 p17228 → 新 PID=5552 播种/登录流程接管完成
09-09 18:29:07 p2096 登录点击重放完毕，等待进入场景…
09-09 18:29:09 p2096 检测到已登录 ✓
09-09 18:29:09 p2096 重登待命：等队长联动信号（队长未就位/未建队则不动）
09-09 18:29:09 p2096 收到队长联动 → 传送+申请归队
09-09 18:29:13 p10556 登录点击重放完毕，等待进入场景…
09-09 18:29:13 p22244 播种成功 ✓
09-09 18:29:13 p21492 → 新 PID=22244 播种/登录流程接管完成
09-09 18:29:13 p22244 重放 member#2 登录点击 4 步…
09-09 18:29:13 p5552 登录点击重放完毕，等待进入场景…
09-09 18:29:15 p10556 检测到已登录 ✓
09-09 18:29:15 p10556 重登待命：等队长联动信号（队长未就位/未建队则不动）
09-09 18:29:15 p5552 检测到已登录 ✓
09-09 18:29:15 p5552 重登待命：等队长联动信号（队长未就位/未建队则不动）
09-09 18:29:15 p10556 收到队长联动 → 传送+申请归队
09-09 18:29:15 p5552 收到队长联动 → 传送+申请归队
09-09 18:29:15 [sat] p2096: tp/窗口不可用
09-09 18:29:16 [sat] 队长当前位置: None（第1次传送后）
09-09 18:29:16 [sat] 面板读不到，按传送统一落点 [132,83] 兜底走位
09-09 18:29:16 [sat] [fail] tp 不可用
09-09 18:29:16 [sat] [warn] 第1轮走位未到锚点（pos=None）→ 重传送再来
09-09 18:29:20 [sat] p10556: tp/窗口不可用
09-09 18:29:21 [sat] p5552: tp/窗口不可用
09-09 18:29:21 [sat] 队长当前位置: None（第2次传送后）
09-09 18:29:21 [sat] 面板读不到，按传送统一落点 [132,83] 兜底走位
09-09 18:29:21 [sat] p2096: tp/窗口不可用
09-09 18:29:21 [sat] [fail] tp 不可用
09-09 18:29:21 [sat] [warn] 第2轮走位未到锚点（pos=None）→ 重传送再来
09-09 18:29:21 [sat] [fail] 队长两轮走位均未到达 [139,80]——本轮禁止队员归队（防打乱坐标）
09-09 18:29:21 p22244 登录点击重放完毕，等待进入场景…
09-09 18:29:23 p22244 检测到已登录 ✓
09-09 18:29:23 p22244 重登待命：等队长联动信号（队长p5304 未就位/未建队则不动）
09-09 18:29:23 p22244 收到队长联动 → 传送+申请归队
09-09 18:29:23 [任务闸] 队长任务暂不启动：未到齐：p10556 p10556（掉线/未登录）、p22244 p22244（掉线/未登录）、p5552 p5552（掉线/未登录）、p2096 p2096（掉线/未登录）（队伍 ?/5）——请先完成组队或确认队友在线
09-09 18:29:27 [sat] p10556: tp/窗口不可用
09-09 18:29:27 [sat] p5552: tp/窗口不可用
09-09 18:29:27 [sat] p2096: tp/窗口不可用
09-09 18:29:29 [sat] p22244: tp/窗口不可用
09-09 18:29:29 p5304 tp 状态消失（第1次，疑似服务器抹除）
09-09 18:29:33 [sat] p10556: tp/窗口不可用
09-09 18:29:33 [sat] p5552: tp/窗口不可用
09-09 18:29:33 [sat] p2096: 申请轮次结束（是否入队由队长批准裁决）
09-09 18:29:35 p2096 已拉起任务脚本（队员·一号美人 gw=file://pzxy_p2096）
09-09 18:29:36 [看门狗] 队伍数据连续读不到（756 轮），检查通道/面板
09-09 18:29:36 [sat] p22244: tp/窗口不可用
09-09 18:29:39 [sat] p10556: 申请轮次结束（是否入队由队长批准裁决）
09-09 18:29:39 [sat] p5552: 申请轮次结束（是否入队由队长批准裁决）
09-09 18:29:39 p2096 tp 状态消失（第1次，疑似服务器抹除）
09-09 18:29:41 p10556 已拉起任务脚本（队员·三号美人 gw=file://pzxy_p10556）
09-09 18:29:41 p5552 已拉起任务脚本（队员·这是猛男 gw=file://pzxy_p5552）
09-09 18:29:43 [sat] p22244: tp/窗口不可用
09-09 18:29:44 p2096 tp 连续消失 3 次 → 杀游戏重启闭环
09-09 18:29:44 p2096 旧游戏进程卡死，已强制结束
09-09 18:29:45 p2096 已重启为新进程 PID=15404，等待登录界面…
09-09 18:29:46 p5304 tp 连续消失 3 次 → 杀游戏重启闭环
09-09 18:29:46 p15404 检测到登录界面，开始播种…
09-09 18:29:46 p5304 旧游戏进程卡死，已强制结束
09-09 18:29:47 p5304 已重启为新进程 PID=20988，等待登录界面…
09-09 18:29:48 p20988 检测到登录界面，开始播种…
09-09 18:29:49 [sat] p22244: 申请轮次结束（是否入队由队长批准裁决）
09-09 18:29:50 p22244 tp 状态消失（第1次，疑似服务器抹除）
09-09 18:29:51 [看门狗] 队长 PID 变更 5304 → 20988，跟随新通道
09-09 18:29:51 p22244 已拉起任务脚本（队员·这是帅哥 gw=file://pzxy_p22244）
09-09 18:29:52 p5552 tp 状态消失（第1次，疑似服务器抹除）
09-09 18:29:53 p15404 播种成功 ✓
09-09 18:29:53 p15404 重放 member#4 登录点击 4 步…
09-09 18:29:53 p2096 → 新 PID=15404 播种/登录流程接管完成
09-09 18:29:55 p20988 播种成功 ✓
09-09 18:29:55 p20988 重放 leader#1 登录点击 4 步…
09-09 18:29:55 p5304 → 新 PID=20988 播种/登录流程接管完成
09-09 18:29:56 p10556 tp 状态消失（第1次，疑似服务器抹除）
09-09 18:30:01 p15404 登录点击重放完毕，等待进入场景…
09-09 18:30:01 p20988 登录点击重放完毕，等待进入场景…
09-09 18:30:02 p15404 检测到已登录 ✓
09-09 18:30:02 p15404 重登待命：等队长联动信号（队长未就位/未建队则不动）
09-09 18:30:02 p20988 检测到已登录 ✓
09-09 18:30:02 p15404 收到队长联动 → 传送+申请归队
09-09 18:30:02 [sat] 队长准备: 传送 大唐官府 + 走位 [139,80]
09-09 18:30:07 p22244 tp 连续消失 3 次 → 杀游戏重启闭环
09-09 18:30:07 p22244 旧游戏进程卡死，已强制结束
09-09 18:30:08 p22244 已重启为新进程 PID=20980，等待登录界面…
09-09 18:30:08 [sat] p15404: tp/窗口不可用
09-09 18:30:09 p20980 检测到登录界面，开始播种…
09-09 18:30:11 p10556 tp 连续消失 3 次 → 杀游戏重启闭环
09-09 18:30:11 p10556 旧游戏进程卡死，已强制结束
09-09 18:30:12 p10556 已重启为新进程 PID=16152，等待登录界面…
09-09 18:30:13 p16152 检测到登录界面，开始播种…
09-09 18:30:13 [sat] 队长当前位置: None（第1次传送后）
09-09 18:30:13 [sat] 面板读不到，按传送统一落点 [132,83] 兜底走位
09-09 18:30:14 [sat] [fail] tp 不可用
09-09 18:30:14 [sat] [warn] 第1轮走位未到锚点（pos=None）→ 重传送再来
09-09 18:30:15 [sat] p15404: tp/窗口不可用
09-09 18:30:15 p20980 播种成功 ✓
09-09 18:30:15 p20980 重放 member#2 登录点击 4 步…
09-09 18:30:15 p22244 → 新 PID=20980 播种/登录流程接管完成
09-09 18:30:17 p5552 tp 连续消失 3 次 → 杀游戏重启闭环
09-09 18:30:17 p5552 旧游戏进程卡死，已强制结束
09-09 18:30:18 [sat] 队长当前位置: None（第2次传送后）
09-09 18:30:18 [sat] 面板读不到，按传送统一落点 [132,83] 兜底走位
09-09 18:30:18 p5552 已重启为新进程 PID=7456，等待登录界面…
09-09 18:30:18 [sat] [fail] tp 不可用
09-09 18:30:18 [sat] [warn] 第2轮走位未到锚点（pos=None）→ 重传送再来
09-09 18:30:18 [sat] [fail] 队长两轮走位均未到达 [139,80]——本轮禁止队员归队（防打乱坐标）
09-09 18:30:19 p7456 检测到登录界面，开始播种…
09-09 18:30:20 p16152 播种成功 ✓
09-09 18:30:20 p16152 重放 member#1 登录点击 4 步…
09-09 18:30:20 p10556 → 新 PID=16152 播种/登录流程接管完成
09-09 18:30:21 [任务闸] 队长任务暂不启动：未到齐：p16152 p16152（掉线/未登录）、p20980 p20980（掉线/未登录）、p7456 p7456（掉线/未登录）、p15404 p15404（掉线/未登录）（队伍 ?/5）——请先完成组队或确认队友在线
09-09 18:30:21 [sat] p15404: tp/窗口不可用
09-09 18:30:23 p20980 登录点击重放完毕，等待进入场景…
09-09 18:30:25 p20980 检测到已登录 ✓
09-09 18:30:25 p20980 重登待命：等队长联动信号（队长p20988 未就位/未建队则不动）
09-09 18:30:25 p20980 收到队长联动 → 传送+申请归队
09-09 18:30:25 p20988 tp 状态消失（第1次，疑似服务器抹除）
09-09 18:30:26 p7456 播种成功 ✓
09-09 18:30:26 p7456 重放 member#3 登录点击 4 步…
09-09 18:30:26 p5552 → 新 PID=7456 播种/登录流程接管完成
09-09 18:30:27 [sat] p15404: 申请轮次结束（是否入队由队长批准裁决）
09-09 18:30:28 p16152 登录点击重放完毕，等待进入场景…
09-09 18:30:29 p15404 已拉起任务脚本（队员·一号美人 gw=file://pzxy_p15404）
09-09 18:30:29 p16152 检测到已登录 ✓
09-09 18:30:29 p16152 重登待命：等队长联动信号（队长p20988 未就位/未建队则不动）
09-09 18:30:29 p16152 收到队长联动 → 传送+申请归队
09-09 18:30:31 [sat] p20980: tp/窗口不可用
09-09 18:30:34 p7456 登录点击重放完毕，等待进入场景…
09-09 18:30:34 p20988 tp 连续消失 3 次 → 杀游戏重启闭环
09-09 18:30:34 p20988 旧游戏进程卡死，已强制结束
09-09 18:30:35 p20988 已重启为新进程 PID=17576，等待登录界面…
09-09 18:30:36 p7456 检测到已登录 ✓
09-09 18:30:36 p7456 重登待命：等队长联动信号（队长未就位/未建队则不动）
09-09 18:30:36 p7456 收到队长联动 → 传送+申请归队
09-09 18:30:36 [sat] p16152: tp/窗口不可用
09-09 18:30:36 p17576 检测到登录界面，开始播种…
09-09 18:30:37 [看门狗] 队长 PID 变更 20988 → 17576，跟随新通道
09-09 18:30:42 p15404 tp 状态消失（第1次，疑似服务器抹除）
09-09 18:30:42 p17576 播种成功 ✓
09-09 18:30:42 p17576 重放 leader#1 登录点击 4 步…
09-09 18:30:42 p20988 → 新 PID=17576 播种/登录流程接管完成
09-09 18:30:43 [sat] p20980: tp/窗口不可用
09-09 18:30:43 [sat] p16152: tp/窗口不可用
09-09 18:30:46 [sat] p7456: tp/窗口不可用
09-09 18:30:49 p17576 登录点击重放完毕，等待进入场景…
09-09 18:30:50 [sat] p20980: tp/窗口不可用
09-09 18:30:50 [sat] p16152: tp/窗口不可用
09-09 18:30:52 p17576 检测到已登录 ✓
09-09 18:30:52 [sat] 队长准备: 传送 大唐官府 + 走位 [139,80]
09-09 18:30:52 [sat] p7456: tp/窗口不可用
09-09 18:30:56 [sat] p20980: 申请轮次结束（是否入队由队长批准裁决）
09-09 18:30:56 [sat] p16152: 申请轮次结束（是否入队由队长批准裁决）
09-09 18:30:58 p16152 tp 状态消失（第1次，疑似服务器抹除）
09-09 18:30:58 p20980 已拉起任务脚本（队员·这是帅哥 gw=file://pzxy_p20980）
09-09 18:30:58 p16152 已拉起任务脚本（队员·三号美人 gw=file://pzxy_p16152）
09-09 18:30:59 [sat] p7456: tp/窗口不可用
09-09 18:31:00 p20980 tp 状态消失（第1次，疑似服务器抹除）
09-09 18:31:03 p15404 tp 连续消失 3 次 → 杀游戏重启闭环
09-09 18:31:03 p15404 旧游戏进程卡死，已强制结束
09-09 18:31:03 [sat] 队长当前位置: None（第1次传送后）
09-09 18:31:03 [sat] 面板读不到，按传送统一落点 [132,83] 兜底走位
09-09 18:31:03 [sat] [fail] tp 不可用
09-09 18:31:03 [sat] [warn] 第1轮走位未到锚点（pos=None）→ 重传送再来
09-09 18:31:04 p15404 已重启为新进程 PID=17144，等待登录界面…
09-09 18:31:05 [sat] p7456: 申请轮次结束（是否入队由队长批准裁决）
09-09 18:31:05 p17144 检测到登录界面，开始播种…
09-09 18:31:07 p7456 已拉起任务脚本（队员·这是猛男 gw=file://pzxy_p7456）
09-09 18:31:08 [sat] 队长当前位置: None（第2次传送后）
09-09 18:31:08 [sat] 面板读不到，按传送统一落点 [132,83] 兜底走位
09-09 18:31:08 [sat] [fail] tp 不可用
09-09 18:31:08 [sat] [warn] 第2轮走位未到锚点（pos=None）→ 重传送再来
09-09 18:31:08 [sat] [fail] 队长两轮走位均未到达 [139,80]——本轮禁止队员归队（防打乱坐标）
09-09 18:31:10 [任务闸] 队长任务暂不启动：未到齐：p17144 p17144（掉线/未登录）（队伍 ?/5）——请先完成组队或确认队友在线
09-09 18:31:11 p17144 播种成功 ✓
09-09 18:31:11 p17144 重放 member#4 登录点击 4 步…
09-09 18:31:11 p15404 → 新 PID=17144 播种/登录流程接管完成
09-09 18:31:12 p20980 tp 连续消失 3 次 → 杀游戏重启闭环
09-09 18:31:12 p20980 旧游戏进程卡死，已强制结束
09-09 18:31:13 p20980 已重启为新进程 PID=9456，等待登录界面…
09-09 18:31:14 p7456 tp 状态消失（第1次，疑似服务器抹除）
09-09 18:31:14 p9456 检测到登录界面，开始播种…
09-09 18:31:16 p17576 tp 状态消失（第1次，疑似服务器抹除）
09-09 18:31:20 p17144 登录点击重放完毕，等待进入场景…
09-09 18:31:20 p16152 tp 连续消失 3 次 → 杀游戏重启闭环
09-09 18:31:20 p9456 播种成功 ✓
09-09 18:31:20 p9456 重放 member#2 登录点击 4 步…
09-09 18:31:20 p20980 → 新 PID=9456 播种/登录流程接管完成
09-09 18:31:21 p16152 旧游戏进程卡死，已强制结束
09-09 18:31:22 p16152 已重启为新进程 PID=14464，等待登录界面…
09-09 18:31:22 p17144 检测到已登录 ✓
09-09 18:31:22 p17144 重登待命：等队长联动信号（队长p17576 未就位/未建队则不动）
09-09 18:31:22 p17144 收到队长联动 → 传送+申请归队
09-09 18:31:24 p14464 检测到登录界面，开始播种…
09-09 18:31:27 p17576 tp 连续消失 3 次 → 杀游戏重启闭环
09-09 18:31:27 p17576 旧游戏进程卡死，已强制结束
09-09 18:31:28 p17576 已重启为新进程 PID=21376，等待登录界面…
09-09 18:31:29 p9456 登录点击重放完毕，等待进入场景…
09-09 18:31:29 p21376 检测到登录界面，开始播种…
09-09 18:31:30 p14464 播种成功 ✓
09-09 18:31:30 p14464 重放 member#1 登录点击 4 步…
09-09 18:31:30 p16152 → 新 PID=14464 播种/登录流程接管完成
09-09 18:31:31 p9456 检测到已登录 ✓
09-09 18:31:31 p9456 重登待命：等队长联动信号（队长未就位/未建队则不动）
09-09 18:31:31 p9456 收到队长联动 → 传送+申请归队
09-09 18:31:34 [sat] p17144: 已点队长身体 (537,240)（第1次申请）
09-09 18:31:39 p21376 播种成功 ✓
09-09 18:31:39 p21376 重放 leader#1 登录点击 4 步…
09-09 18:31:39 p17576 → 新 PID=21376 播种/登录流程接管完成
09-09 18:31:39 p14464 登录点击重放完毕，等待进入场景…
09-09 18:31:39 [看门狗] 队长 PID 变更 17576 → 21376，跟随新通道
09-09 18:31:41 p14464 检测到已登录 ✓
09-09 18:31:41 p14464 重登待命：等队长联动信号（队长未就位/未建队则不动）
09-09 18:31:41 p14464 收到队长联动 → 传送+申请归队
09-09 18:31:43 p7456 tp 连续消失 3 次 → 杀游戏重启闭环
09-09 18:31:43 [sat] p9456: 已点队长身体 (537,240)（第1次申请）
09-09 18:31:43 p7456 旧游戏进程卡死，已强制结束
09-09 18:31:44 p7456 已重启为新进程 PID=19600，等待登录界面…
09-09 18:31:45 p21376 登录点击重放完毕，等待进入场景…
09-09 18:31:46 [sat] p17144: 已点队长身体 (417,339)（第2次申请）
09-09 18:31:46 p19600 检测到登录界面，开始播种…
09-09 18:31:47 p21376 检测到已登录 ✓
09-09 18:31:47 [sat] 队长准备: 传送 大唐官府 + 走位 [139,80]
09-09 18:31:52 [sat] p14464: 已点队长身体 (537,240)（第1次申请）
09-09 18:31:54 p19600 播种成功 ✓
09-09 18:31:54 p19600 重放 member#3 登录点击 4 步…
09-09 18:31:54 p7456 → 新 PID=19600 播种/登录流程接管完成
09-09 18:31:55 [sat] p9456: 已点队长身体 (414,340)（第2次申请）
09-09 18:31:55 [sat] 队长当前位置: (2640.0, 1660.0)（第1次传送后）
09-09 18:31:55 [sat] 走位点击 (540,240)（偏差 140,-60）——途中不点组队图标
09-09 18:31:57 [sat] p17144: 已点队长身体 (417,339)（第3次申请）
09-09 18:32:00 [sat] 队长已就位: (2777.816610928, 1600.9357381737)（目标 (2780.0, 1600.0)，±3 格容差）
09-09 18:32:02 p19600 登录点击重放完毕，等待进入场景…
09-09 18:32:02 [任务闸] 队长任务暂不启动：未到齐：p14464 p14464（掉线/未登录）、p9456 p9456（掉线/未登录）、p19600 p19600（掉线/未登录）、p17144 p17144（掉线/未登录）（队伍 0/5）——请先完成组队或确认队友在线
09-09 18:32:02 [sat] p14464: 已点队长身体 (415,338)（第2次申请）
09-09 18:32:03 p19600 检测到已登录 ✓
09-09 18:32:03 p19600 重登待命：等队长联动信号（队长p21376 未就位/未建队则不动）
09-09 18:32:03 p19600 收到队长联动 → 传送+申请归队
09-09 18:32:04 [sat] p19600: 异图(江南野外≠队长大唐官府) 就地传送
09-09 18:32:04 [sat] p17144: 申请轮次结束（是否入队由队长批准裁决）
09-09 18:32:06 p17144 已拉起任务脚本（队员·一号美人 gw=file://pzxy_p17144）
09-09 18:32:07 [sat] p9456: 已点队长身体 (414,340)（第3次申请）
09-09 18:32:10 p21376 任务脚本已死 → 自动补拉
09-09 18:32:10 [任务闸] 队长任务暂不启动：未到齐：p14464 p14464（掉线/未登录）、p9456 p9456（掉线/未登录）、p19600 p19600（掉线/未登录）、p17144 p17144（在线但未入队）（队伍 0/5）——请先完成组队或确认队友在线
09-09 18:32:10 [看门狗] 检测到缺员 0/5 → 打断抓鬼，启动补组队
09-09 18:32:11 [sat] 队长准备: 传送 大唐官府 + 走位 [139,80]
09-09 18:32:11 [sat] 队长已在锚点附近 (2777.816610928, 1600.9357381737)，跳过传送直接就位
09-09 18:32:11 [看门狗] 队伍已散（0 人）→ 重新建队
09-09 18:32:13 [sat] 建队第1次 脚底屏幕位 (418,292) → 身体点上移 50
09-09 18:32:13 [sat] p14464: 已点队长身体 (415,338)（第3次申请）
09-09 18:32:15 [sat] p19600: 已点队长身体 (537,240)（第1次申请）
09-09 18:32:15 [sat] p9456: 申请轮次结束（是否入队由队长批准裁决）
09-09 18:32:16 [sat] 建队第1次 顶栏stats（应为 1）: ((1, 0, '二号美人'),)
09-09 18:32:16 [sat] 联动信号已发布: 队长 p21376 就位 (2778, 1601)（队员凭此行动）
09-09 18:32:16 [看门狗] 2 名在线队员并行申请归队
09-09 18:32:17 [sat] p9456: 已与队长同图(大唐官府)，直接申请
09-09 18:32:17 [sat] p17144: 已与队长同图(大唐官府)，直接申请
09-09 18:32:18 p9456 已拉起任务脚本（队员·这是帅哥 gw=file://pzxy_p9456）
09-09 18:32:20 [sat] p14464: 申请轮次结束（是否入队由队长批准裁决）
09-09 18:32:21 [sat] p17144: 已点队长身体 (416,339)（第1次申请）
09-09 18:32:21 [sat] p9456: 已点队长身体 (414,340)（第1次申请）
09-09 18:32:23 p14464 已拉起任务脚本（队员·三号美人 gw=file://pzxy_p14464）
09-09 18:32:26 [sat] p19600: 已点队长身体 (537,240)（第2次申请）
09-09 18:32:32 [sat] p9456: 已点队长身体 (414,340)（第2次申请）
09-09 18:32:33 [sat] p17144: 已点队长身体 (416,339)（第2次申请）
09-09 18:32:37 [sat] p19600: 已点队长身体 (537,240)（第3次申请）
09-09 18:32:42 [看门狗] 心跳: 1/5
09-09 18:32:44 [sat] p9456: 已点队长身体 (414,340)（第3次申请）
09-09 18:32:45 [sat] p17144: 已点队长身体 (416,339)（第3次申请）
09-09 18:32:45 [sat] p19600: 申请轮次结束（是否入队由队长批准裁决）
09-09 18:32:47 p19600 已拉起任务脚本（队员·这是猛男 gw=file://pzxy_p19600）
09-09 18:32:51 [sat] p9456: 申请轮次结束（是否入队由队长批准裁决）
09-09 18:32:51 [sat] p17144: 申请轮次结束（是否入队由队长批准裁决）
09-09 18:32:54 [sat] 当前成员数: 1（目标 5）
09-09 18:32:59 [sat] 当前成员数: 2（目标 5）
09-09 18:33:04 [sat] 当前成员数: 3（目标 5）
09-09 18:33:08 [sat] 当前成员数: 4（目标 5）
09-09 18:33:14 p21376 任务脚本已死 → 自动补拉
09-09 18:33:14 [任务闸] 队长任务暂不启动：未到齐：p14464 p14464（在线但未入队）（队伍 4/5）——请先完成组队或确认队友在线
09-09 18:34:18 p21376 任务脚本已死 → 自动补拉
09-09 18:34:18 [任务闸] 队长任务暂不启动：未到齐：p14464 p14464（在线但未入队）（队伍 4/5）——请先完成组队或确认队友在线
09-09 18:34:50 [看门狗] 心跳: 4/5
09-09 18:35:22 p21376 任务脚本已死 → 自动补拉
09-09 18:35:23 [任务闸] 队长任务暂不启动：未到齐：p14464 p14464（在线但未入队）（队伍 4/5）——请先完成组队或确认队友在线
09-09 18:36:27 p21376 任务脚本已死 → 自动补拉
09-09 18:36:27 [任务闸] 队长任务暂不启动：未到齐：p14464 p14464（在线但未入队）（队伍 4/5）——请先完成组队或确认队友在线
09-09 18:36:59 [看门狗] 心跳: 4/5
09-09 18:37:03 [内存] 已修剪 5 个游戏进程：1.7GB → 57.0MB（释放 1.7GB）
09-09 18:37:31 p21376 任务脚本已死 → 自动补拉
09-09 18:37:31 [任务闸] 队长任务暂不启动：未到齐：p14464 p14464（在线但未入队）（队伍 4/5）——请先完成组队或确认队友在线
09-09 18:38:35 p21376 任务脚本已死 → 自动补拉
09-09 18:38:35 [任务闸] 队长任务暂不启动：未到齐：p14464 p14464（在线但未入队）（队伍 4/5）——请先完成组队或确认队友在线
09-09 18:39:07 [看门狗] 心跳: 4/5
09-09 18:39:39 p21376 任务脚本已死 → 自动补拉
09-09 18:39:39 [任务闸] 队长任务暂不启动：未到齐：p14464 p14464（在线但未入队）（队伍 4/5）——请先完成组队或确认队友在线
09-09 18:40:01 [看门狗] 补组批准结束: 4/5
09-09 18:40:02 [看门狗] 仍未满员，掉线队员回来后继续下一轮
09-09 18:40:11 [sat] 队长准备: 传送 大唐官府 + 走位 [139,80]
09-09 18:40:11 [sat] 队长已在锚点附近 (2777.0045250164, 1550.2822458551)，跳过传送直接就位
09-09 18:40:11 [sat] 联动信号已发布: 队长 p21376 就位 (2777, 1550)（队员凭此行动）
09-09 18:40:11 [看门狗] 4 名在线队员并行申请归队
09-09 18:40:12 [sat] p14464: 已与队长同图(大唐官府)，直接申请
09-09 18:40:12 [sat] p9456: 已与队长同图(大唐官府)，直接申请
09-09 18:40:13 [sat] p19600: 已与队长同图(大唐官府)，直接申请
09-09 18:40:13 [sat] p17144: 已与队长同图(大唐官府)，直接申请
09-09 18:40:17 [sat] p19600: 已点队长身体 (537,190)（第1次申请）
09-09 18:40:18 [sat] p14464: 已点队长身体 (415,287)（第1次申请）
09-09 18:40:18 [sat] p9456: 已点队长身体 (413,290)（第1次申请）
09-09 18:40:18 [sat] p17144: 已点队长身体 (416,288)（第1次申请）
09-09 18:40:30 [sat] p19600: 已点队长身体 (537,190)（第2次申请）
09-09 18:40:31 [sat] p9456: 已点队长身体 (413,290)（第2次申请）
09-09 18:40:31 [sat] p14464: 已点队长身体 (415,287)（第2次申请）
09-09 18:40:32 [sat] p17144: 已点队长身体 (416,288)（第2次申请）
09-09 18:40:41 [sat] p19600: 已点队长身体 (537,190)（第3次申请）
09-09 18:40:41 [sat] p9456: 已点队长身体 (413,290)（第3次申请）
09-09 18:40:42 [sat] p14464: 已点队长身体 (415,287)（第3次申请）
09-09 18:40:44 [sat] p17144: 已点队长身体 (416,288)（第3次申请）
09-09 18:40:45 p21376 任务脚本已死 → 自动补拉
09-09 18:40:45 [任务闸] 队长任务暂不启动：未到齐：p14464 p14464（在线但未入队）（队伍 4/5）——请先完成组队或确认队友在线
09-09 18:40:48 [sat] p19600: 申请轮次结束（是否入队由队长批准裁决）
09-09 18:40:49 [sat] p9456: 申请轮次结束（是否入队由队长批准裁决）
09-09 18:40:49 [sat] p14464: 申请轮次结束（是否入队由队长批准裁决）
09-09 18:40:53 [sat] p17144: 申请轮次结束（是否入队由队长批准裁决）
09-09 18:40:55 [sat] 当前成员数: 4（目标 5）
09-09 18:41:00 [sat] 当前成员数: 5（目标 5）
09-09 18:41:00 [看门狗] 补组批准结束: 5/5
09-09 18:41:01 [看门狗] 队伍满员 5/5，恢复抓鬼
09-09 18:41:01 p14464 任务脚本已在跑，跳过
09-09 18:41:02 p9456 任务脚本已在跑，跳过
09-09 18:41:02 p19600 任务脚本已在跑，跳过
09-09 18:41:02 p17144 任务脚本已在跑，跳过
09-09 18:41:03 p21376 已拉起任务脚本（队长·二号美人 gw=file://pzxy_p21376）
09-09 18:41:08 [sat] 阵法验证: 天覆阵/4
09-09 18:41:08 p14464 任务脚本已在跑，跳过
09-09 18:41:09 p9456 任务脚本已在跑，跳过
09-09 18:41:09 p19600 任务脚本已在跑，跳过
09-09 18:41:09 p17144 任务脚本已在跑，跳过
09-09 18:41:10 p21376 任务脚本已在跑，跳过
09-09 18:41:10 [看门狗] 满员，抓鬼已恢复 ✓
09-09 18:41:18 [看门狗] 心跳: 5/5
09-09 18:45:35 [看门狗] 心跳: 5/5
09-09 18:47:44 [看门狗] 心跳: 5/5
09-09 18:49:51 [看门狗] 心跳: 5/5
09-09 18:54:10 [看门狗] 心跳: 5/5
09-09 18:56:17 [看门狗] 心跳: 5/5
09-09 19:00:30 [看门狗] 心跳: 5/5
09-09 19:02:36 [看门狗] 心跳: 5/5
09-09 19:07:03 [内存] 已修剪 5 个游戏进程：2.7GB → 152.9MB（释放 2.6GB）
09-09 19:07:21 p21376 任务脚本已死 → 自动补拉
09-09 19:07:21 p21376 已拉起任务脚本（队长·二号美人 gw=file://pzxy_p21376）
09-09 19:11:01 [看门狗] 心跳: 5/5
09-09 19:13:08 [看门狗] 心跳: 5/5
09-09 19:15:19 [看门狗] 心跳: 5/5
09-09 19:19:32 [看门狗] 心跳: 5/5
09-09 19:21:41 [看门狗] 心跳: 5/5
09-09 19:27:40 p21376 tp 状态消失（第1次，疑似服务器抹除）
09-09 19:27:42 p17144 tp 状态消失（第1次，疑似服务器抹除）
09-09 19:27:45 p19600 tp 状态消失（第1次，疑似服务器抹除）
09-09 19:27:47 p9456 tp 状态消失（第1次，疑似服务器抹除）
09-09 19:27:49 p14464 tp 状态消失（第1次，疑似服务器抹除）
09-09 19:28:00 p21376 tp 连续消失 3 次 → 杀游戏重启闭环
09-09 19:28:01 p21376 旧游戏进程卡死，已强制结束
09-09 19:28:02 p21376 已重启为新进程 PID=20312，等待登录界面…
09-09 19:28:02 p17144 tp 连续消失 3 次 → 杀游戏重启闭环
09-09 19:28:03 p17144 旧游戏进程卡死，已强制结束
09-09 19:28:04 p20312 检测到登录界面，开始播种…
09-09 19:28:04 p17144 已重启为新进程 PID=3592，等待登录界面…
09-09 19:28:06 p3592 检测到登录界面，开始播种…
09-09 19:28:07 [看门狗] 队长 PID 变更 21376 → 20312，跟随新通道
09-09 19:28:09 p9456 tp 连续消失 3 次 → 杀游戏重启闭环
09-09 19:28:09 p9456 旧游戏进程卡死，已强制结束
09-09 19:28:10 p9456 已重启为新进程 PID=17336，等待登录界面…
09-09 19:28:10 p20312 播种成功 ✓
09-09 19:28:10 p20312 重放 leader#1 登录点击 4 步…
09-09 19:28:10 p21376 → 新 PID=20312 播种/登录流程接管完成
09-09 19:28:11 p17336 检测到登录界面，开始播种…
09-09 19:28:12 p3592 播种成功 ✓
09-09 19:28:12 p3592 重放 member#4 登录点击 4 步…
09-09 19:28:12 p17144 → 新 PID=3592 播种/登录流程接管完成
09-09 19:28:13 p14464 tp 连续消失 3 次 → 杀游戏重启闭环
09-09 19:28:13 p14464 旧游戏进程卡死，已强制结束
09-09 19:28:14 p14464 已重启为新进程 PID=15908，等待登录界面…
09-09 19:28:15 p15908 检测到登录界面，开始播种…
09-09 19:28:17 p20312 登录点击重放完毕，等待进入场景…
09-09 19:28:19 p19600 tp 连续消失 3 次 → 杀游戏重启闭环
09-09 19:28:19 p20312 检测到已登录 ✓
09-09 19:28:19 [sat] 队长准备: 传送 大唐官府 + 走位 [139,80]
09-09 19:28:19 p17336 播种成功 ✓
09-09 19:28:19 p17336 重放 member#2 登录点击 4 步…
09-09 19:28:19 p9456 → 新 PID=17336 播种/登录流程接管完成
09-09 19:28:20 p19600 旧游戏进程卡死，已强制结束
09-09 19:28:20 p3592 登录点击重放完毕，等待进入场景…
09-09 19:28:21 p19600 已重启为新进程 PID=7332，等待登录界面…
09-09 19:28:23 p7332 检测到登录界面，开始播种…
09-09 19:28:23 p3592 检测到已登录 ✓
09-09 19:28:23 p3592 重登待命：等队长联动信号（队长未就位/未建队则不动）
09-09 19:28:23 p15908 播种成功 ✓
09-09 19:28:23 p15908 重放 member#1 登录点击 4 步…
09-09 19:28:23 p14464 → 新 PID=15908 播种/登录流程接管完成
09-09 19:28:27 p17336 登录点击重放完毕，等待进入场景…
09-09 19:28:29 p17336 检测到已登录 ✓
09-09 19:28:29 p17336 重登待命：等队长联动信号（队长未就位/未建队则不动）
09-09 19:28:30 p7332 播种成功 ✓
09-09 19:28:30 p7332 重放 member#3 登录点击 4 步…
09-09 19:28:30 p19600 → 新 PID=7332 播种/登录流程接管完成
09-09 19:28:30 [sat] 队长当前位置: None（第1次传送后）
09-09 19:28:30 [sat] 面板读不到，按传送统一落点 [132,83] 兜底走位
09-09 19:28:31 [sat] [fail] tp 不可用
09-09 19:28:31 [sat] [warn] 第1轮走位未到锚点（pos=None）→ 重传送再来
09-09 19:28:32 p15908 登录点击重放完毕，等待进入场景…
09-09 19:28:33 p15908 检测到已登录 ✓
09-09 19:28:33 p15908 重登待命：等队长联动信号（队长未就位/未建队则不动）
09-09 19:28:35 [sat] 队长当前位置: None（第2次传送后）
09-09 19:28:35 [sat] 面板读不到，按传送统一落点 [132,83] 兜底走位
09-09 19:28:35 [sat] [fail] tp 不可用
09-09 19:28:35 [sat] [warn] 第2轮走位未到锚点（pos=None）→ 重传送再来
09-09 19:28:35 [sat] [fail] 队长两轮走位均未到达 [139,80]——本轮禁止队员归队（防打乱坐标）
09-09 19:28:38 [任务闸] 队长任务暂不启动：未到齐：p15908 p15908（掉线/未登录）、p17336 p17336（掉线/未登录）、p7332 p7332（掉线/未登录）、p3592 p3592（掉线/未登录）（队伍 ?/5）——请先完成组队或确认队友在线
09-09 19:28:38 p20312 任务脚本已死 → 自动补拉
09-09 19:28:38 [任务闸] 队长任务暂不启动：未到齐：p15908 p15908（掉线/未登录）、p17336 p17336（掉线/未登录）、p7332 p7332（掉线/未登录）、p3592 p3592（掉线/未登录）（队伍 ?/5）——请先完成组队或确认队友在线
09-09 19:28:38 p7332 登录点击重放完毕，等待进入场景…
09-09 19:28:39 p7332 检测到已登录 ✓
09-09 19:28:39 p7332 重登待命：等队长联动信号（队长p20312 未就位/未建队则不动）
09-09 19:28:43 p20312 tp 状态消失（第1次，疑似服务器抹除）
09-09 19:29:00 p20312 tp 连续消失 3 次 → 杀游戏重启闭环
09-09 19:29:00 p20312 旧游戏进程卡死，已强制结束
09-09 19:29:01 p20312 已重启为新进程 PID=21108，等待登录界面…
09-09 19:29:02 p21108 检测到登录界面，开始播种…
09-09 19:29:09 p21108 播种成功 ✓
09-09 19:29:09 p21108 重放 leader#1 登录点击 4 步…
09-09 19:29:09 p20312 → 新 PID=21108 播种/登录流程接管完成
09-09 19:29:09 [看门狗] 队长 PID 变更 20312 → 21108，跟随新通道
09-09 19:29:15 p21108 登录点击重放完毕，等待进入场景…
09-09 19:29:18 p21108 检测到已登录 ✓
09-09 19:29:18 [sat] 队长准备: 传送 大唐官府 + 走位 [139,80]
09-09 19:29:28 [sat] 队长当前位置: (2640.0, 1660.0)（第1次传送后）
09-09 19:29:28 [sat] 走位点击 (540,240)（偏差 140,-60）——途中不点组队图标
09-09 19:29:33 [sat] 队长已就位: (2777.9728656087, 1600.868771882)（目标 (2780.0, 1600.0)，±3 格容差）
09-09 19:29:35 [任务闸] 队长任务暂不启动：未到齐：p15908 p15908（掉线/未登录）、p17336 p17336（掉线/未登录）、p7332 p7332（掉线/未登录）、p3592 p3592（掉线/未登录）（队伍 0/5）——请先完成组队或确认队友在线
09-09 19:29:39 p21108 任务脚本已死 → 自动补拉
09-09 19:29:39 [任务闸] 队长任务暂不启动：未到齐：p15908 p15908（掉线/未登录）、p17336 p17336（掉线/未登录）、p7332 p7332（掉线/未登录）、p3592 p3592（掉线/未登录）（队伍 0/5）——请先完成组队或确认队友在线
09-09 19:29:40 [看门狗] 检测到缺员 0/5 → 打断抓鬼，启动补组队
09-09 19:29:40 [sat] 队长准备: 传送 大唐官府 + 走位 [139,80]
09-09 19:29:40 [sat] 队长已在锚点附近 (2777.9728656087, 1600.868771882)，跳过传送直接就位
09-09 19:29:41 [看门狗] 队伍已散（0 人）→ 重新建队
09-09 19:29:42 [sat] 建队第1次 脚底屏幕位 (417,292) → 身体点上移 50
09-09 19:29:46 [sat] 建队第1次 顶栏stats（应为 1）: ((1, 0, '二号美人'),)
09-09 19:29:46 [sat] 联动信号已发布: 队长 p21108 就位 (2778, 1601)（队员凭此行动）
09-09 19:29:49 [sat] 当前成员数: 1（目标 5）
09-09 19:29:49 p17336 收到队长联动 → 传送+申请归队
09-09 19:29:53 p15908 收到队长联动 → 传送+申请归队
09-09 19:29:56 [sat] p17336: tp/窗口不可用
09-09 19:29:59 p7332 收到队长联动 → 传送+申请归队
09-09 19:30:00 [sat] p15908: tp/窗口不可用
09-09 19:30:03 [sat] p17336: tp/窗口不可用
09-09 19:30:03 p3592 收到队长联动 → 传送+申请归队
09-09 19:30:07 [sat] p7332: tp/窗口不可用
09-09 19:30:07 [sat] p15908: tp/窗口不可用
09-09 19:30:09 [sat] p17336: tp/窗口不可用
09-09 19:30:10 [sat] p3592: tp/窗口不可用
09-09 19:30:12 [看门狗] 心跳: 1/5
09-09 19:30:13 [sat] p7332: tp/窗口不可用
09-09 19:30:14 [sat] p15908: tp/窗口不可用
09-09 19:30:15 [sat] p17336: 申请轮次结束（是否入队由队长批准裁决）
09-09 19:30:16 [sat] p3592: tp/窗口不可用
09-09 19:30:18 p17336 已拉起任务脚本（队员·这是帅哥 gw=file://pzxy_p17336）
09-09 19:30:19 p17336 tp 状态消失（第1次，疑似服务器抹除）
09-09 19:30:20 [sat] p15908: 申请轮次结束（是否入队由队长批准裁决）
09-09 19:30:20 [sat] p7332: tp/窗口不可用
09-09 19:30:22 p15908 已拉起任务脚本（队员·三号美人 gw=file://pzxy_p15908）
09-09 19:30:23 [sat] p3592: tp/窗口不可用
09-09 19:30:26 p15908 tp 状态消失（第1次，疑似服务器抹除）
09-09 19:30:26 [sat] p7332: 申请轮次结束（是否入队由队长批准裁决）
09-09 19:30:28 p7332 已拉起任务脚本（队员·这是猛男 gw=file://pzxy_p7332）
09-09 19:30:29 [sat] p3592: 申请轮次结束（是否入队由队长批准裁决）
09-09 19:30:30 p17336 tp 连续消失 3 次 → 杀游戏重启闭环
09-09 19:30:31 p17336 旧游戏进程卡死，已强制结束
09-09 19:30:32 p3592 已拉起任务脚本（队员·一号美人 gw=file://pzxy_p3592）
09-09 19:30:32 p17336 已重启为新进程 PID=7592，等待登录界面…
09-09 19:30:34 p7592 检测到登录界面，开始播种…
09-09 19:30:35 p15908 tp 连续消失 3 次 → 杀游戏重启闭环
09-09 19:30:35 p15908 旧游戏进程卡死，已强制结束
09-09 19:30:36 p15908 已重启为新进程 PID=15472，等待登录界面…
09-09 19:30:37 p7332 tp 状态消失（第1次，疑似服务器抹除）
09-09 19:30:38 p15472 检测到登录界面，开始播种…
09-09 19:30:39 p3592 tp 状态消失（第1次，疑似服务器抹除）
09-09 19:30:40 p7592 播种成功 ✓
09-09 19:30:40 p17336 → 新 PID=7592 播种/登录流程接管完成
09-09 19:30:40 p7592 重放 member#2 登录点击 4 步…
09-09 19:30:43 p21108 任务脚本已死 → 自动补拉
09-09 19:30:44 [任务闸] 队长任务暂不启动：未到齐：p15472 p15472（掉线/未登录）、p7592 p7592（掉线/未登录）、p7332 p7332（在线但未入队）、p3592 p3592（在线但未入队）（队伍 1/5）——请先完成组队或确认队友在线
09-09 19:30:45 p15472 播种成功 ✓
09-09 19:30:45 p15472 重放 member#1 登录点击 4 步…
09-09 19:30:45 p15908 → 新 PID=15472 播种/登录流程接管完成
09-09 19:30:48 p7592 登录点击重放完毕，等待进入场景…
09-09 19:30:50 p7592 检测到已登录 ✓
09-09 19:30:50 p7592 重登待命：等队长联动信号（队长p21108 未就位/未建队则不动）
09-09 19:30:50 p7592 收到队长联动 → 传送+申请归队
09-09 19:30:50 [sat] p7592: 异图(江南野外≠队长大唐官府) 就地传送
09-09 19:30:54 p15472 登录点击重放完毕，等待进入场景…
09-09 19:30:54 p7332 tp 连续消失 3 次 → 杀游戏重启闭环
09-09 19:30:55 p7332 旧游戏进程卡死，已强制结束
09-09 19:30:56 p7332 已重启为新进程 PID=20336，等待登录界面…
09-09 19:30:56 p15472 检测到已登录 ✓
09-09 19:30:56 p15472 重登待命：等队长联动信号（队长p21108 未就位/未建队则不动）
09-09 19:30:56 p15472 收到队长联动 → 传送+申请归队
09-09 19:30:57 [sat] p15472: 异图(江南野外≠队长大唐官府) 就地传送
09-09 19:30:58 p20336 检测到登录界面，开始播种…
09-09 19:31:03 [sat] p7592: 已点队长身体 (537,240)（第1次申请）
09-09 19:31:04 p20336 播种成功 ✓
09-09 19:31:04 p7332 → 新 PID=20336 播种/登录流程接管完成
09-09 19:31:04 p20336 重放 member#3 登录点击 4 步…
09-09 19:31:07 [sat] 当前成员数: 2（目标 5）
09-09 19:31:08 [sat] p15472: 已点队长身体 (537,240)（第1次申请）
09-09 19:31:12 p20336 登录点击重放完毕，等待进入场景…
09-09 19:31:13 p20336 检测到已登录 ✓
09-09 19:31:13 p20336 重登待命：等队长联动信号（队长p21108 未就位/未建队则不动）
09-09 19:31:13 p20336 收到队长联动 → 传送+申请归队
09-09 19:31:13 [sat] 当前成员数: 3（目标 5）
09-09 19:31:13 [sat] p20336: 异图(江南野外≠队长大唐官府) 就地传送
09-09 19:31:16 [sat] p7592: 已点队长身体 (537,240)（第2次申请）
09-09 19:31:19 [sat] p15472: 已点队长身体 (537,240)（第2次申请）
09-09 19:31:25 [sat] p20336: 已点队长身体 (537,240)（第1次申请）
09-09 19:31:27 [sat] p7592: 已点队长身体 (537,240)（第3次申请）
09-09 19:31:30 [sat] p15472: 已点队长身体 (537,240)（第3次申请）
09-09 19:31:36 [sat] p20336: 已点队长身体 (537,240)（第2次申请）
09-09 19:31:36 [sat] p7592: 申请轮次结束（是否入队由队长批准裁决）
09-09 19:31:38 [sat] p15472: 申请轮次结束（是否入队由队长批准裁决）
09-09 19:31:39 p7592 已拉起任务脚本（队员·这是帅哥 gw=file://pzxy_p7592）
09-09 19:31:39 [sat] 当前成员数: 4（目标 5）
09-09 19:31:40 p15472 已拉起任务脚本（队员·三号美人 gw=file://pzxy_p15472）
09-09 19:31:48 p21108 任务脚本已死 → 自动补拉
09-09 19:31:48 [任务闸] 队长任务暂不启动：未到齐：p20336 p20336（掉线/未登录）、p15472 p15472（在线但未入队）（队伍 4/5）——请先完成组队或确认队友在线
09-09 19:31:48 [sat] p20336: 已点队长身体 (537,240)（第3次申请）
09-09 19:31:57 [sat] p20336: 申请轮次结束（是否入队由队长批准裁决）
09-09 19:32:00 p20336 已拉起任务脚本（队员·这是猛男 gw=file://pzxy_p20336）
09-09 19:32:04 p3592 tp 连续消失 3 次 → 杀游戏重启闭环
09-09 19:32:04 p3592 旧游戏进程卡死，已强制结束
09-09 19:32:05 p3592 已重启为新进程 PID=20084，等待登录界面…
09-09 19:32:06 p20084 检测到登录界面，开始播种…
09-09 19:32:13 p20084 播种成功 ✓
09-09 19:32:13 p20084 重放 member#4 登录点击 4 步…
09-09 19:32:13 p3592 → 新 PID=20084 播种/登录流程接管完成
09-09 19:32:19 [看门狗] 心跳: 4/5
09-09 19:32:21 p20084 登录点击重放完毕，等待进入场景…
09-09 19:32:22 p20084 检测到已登录 ✓
09-09 19:32:22 p20084 重登待命：等队长联动信号（队长p21108 未就位/未建队则不动）
09-09 19:32:22 p20084 收到队长联动 → 传送+申请归队
09-09 19:32:23 [sat] p20084: 异图(江南野外≠队长大唐官府) 就地传送
09-09 19:32:34 [sat] p20084: 已点队长身体 (537,240)（第1次申请）
09-09 19:32:47 [sat] p20084: 已点队长身体 (537,240)（第2次申请）
09-09 19:32:47 [sat] 当前成员数: 5（目标 5）
09-09 19:32:47 [看门狗] 补组批准结束: 5/5
09-09 19:32:51 p21108 任务脚本已死 → 自动补拉
09-09 19:32:51 [任务闸] 队长任务暂不启动：未到齐：p20084 p20084（掉线/未登录）（队伍 5/5）——请先完成组队或确认队友在线
09-09 19:32:52 [看门狗] 队伍满员 5/5，恢复抓鬼
09-09 19:32:52 p15472 任务脚本已在跑，跳过
09-09 19:32:52 p7592 任务脚本已在跑，跳过
09-09 19:32:52 p20336 任务脚本已在跑，跳过
09-09 19:32:53 [任务闸] 队长任务暂不启动：未到齐：p20084 p20084（掉线/未登录）（队伍 5/5）——请先完成组队或确认队友在线
09-09 19:32:54 [sat] 阵法验证: 天覆阵/4
09-09 19:32:55 p15472 任务脚本已在跑，跳过
09-09 19:32:55 p7592 任务脚本已在跑，跳过
09-09 19:32:55 p20336 任务脚本已在跑，跳过
09-09 19:32:55 [任务闸] 队长任务暂不启动：未到齐：p20084 p20084（掉线/未登录）（队伍 5/5）——请先完成组队或确认队友在线
09-09 19:32:55 [看门狗] 满员，抓鬼已恢复 ✓
09-09 19:32:59 [sat] p20084: 已点队长身体 (537,240)（第3次申请）
09-09 19:33:07 [sat] p20084: 申请轮次结束（是否入队由队长批准裁决）
09-09 19:33:09 p20084 已拉起任务脚本（队员·一号美人 gw=file://pzxy_p20084）
09-09 19:33:56 p21108 任务脚本已死 → 自动补拉
09-09 19:33:56 p21108 已拉起任务脚本（队长·二号美人 gw=file://pzxy_p21108）
09-09 19:36:35 [看门狗] 心跳: 5/5
09-09 19:37:04 [内存] 已修剪 5 个游戏进程：2.9GB → 92.7MB（释放 2.8GB）
09-09 19:38:42 [看门狗] 心跳: 5/5
09-09 19:38:51 p15472 tp 状态消失（第1次，疑似服务器抹除）
09-09 19:38:51 p21108 tp 状态消失（第1次，疑似服务器抹除）
09-09 19:38:53 p20084 tp 状态消失（第1次，疑似服务器抹除）
09-09 19:38:56 p20336 tp 状态消失（第1次，疑似服务器抹除）
09-09 19:38:58 p7592 tp 状态消失（第1次，疑似服务器抹除）
09-09 19:39:09 p15472 tp 连续消失 3 次 → 杀游戏重启闭环
09-09 19:39:09 p15472 旧游戏进程卡死，已强制结束
09-09 19:39:10 p21108 tp 连续消失 3 次 → 杀游戏重启闭环
09-09 19:39:10 p21108 旧游戏进程卡死，已强制结束
09-09 19:39:10 p15472 已重启为新进程 PID=19048，等待登录界面…
09-09 19:39:11 p21108 已重启为新进程 PID=20888，等待登录界面…
09-09 19:39:11 p19048 检测到登录界面，开始播种…
09-09 19:39:13 p20888 检测到登录界面，开始播种…
09-09 19:39:14 p7592 tp 连续消失 3 次 → 杀游戏重启闭环
09-09 19:39:14 p7592 旧游戏进程卡死，已强制结束
09-09 19:39:15 p7592 已重启为新进程 PID=19184，等待登录界面…
09-09 19:39:16 p20084 tp 连续消失 3 次 → 杀游戏重启闭环
09-09 19:39:16 p20084 旧游戏进程卡死，已强制结束
09-09 19:39:17 p20084 已重启为新进程 PID=21672，等待登录界面…
09-09 19:39:17 p19184 检测到登录界面，开始播种…
09-09 19:39:18 p19048 播种成功 ✓
09-09 19:39:18 p15472 → 新 PID=19048 播种/登录流程接管完成
09-09 19:39:18 p19048 重放 member#1 登录点击 4 步…
09-09 19:39:18 p21672 检测到登录界面，开始播种…
09-09 19:39:19 p20888 播种成功 ✓
09-09 19:39:19 p20888 重放 leader#1 登录点击 4 步…
09-09 19:39:19 p21108 → 新 PID=20888 播种/登录流程接管完成
09-09 19:39:24 p20336 tp 连续消失 3 次 → 杀游戏重启闭环
09-09 19:39:24 p20336 旧游戏进程卡死，已强制结束
09-09 19:39:24 p19184 播种成功 ✓
09-09 19:39:24 p19184 重放 member#2 登录点击 4 步…
09-09 19:39:24 p7592 → 新 PID=19184 播种/登录流程接管完成
09-09 19:39:25 p21672 播种成功 ✓
09-09 19:39:25 p21672 重放 member#4 登录点击 4 步…
09-09 19:39:25 p20084 → 新 PID=21672 播种/登录流程接管完成
09-09 19:39:25 p20336 已重启为新进程 PID=18524，等待登录界面…
09-09 19:39:26 p20888 登录点击重放完毕，等待进入场景…
09-09 19:39:26 p19048 登录点击重放完毕，等待进入场景…
09-09 19:39:26 p18524 检测到登录界面，开始播种…
09-09 19:39:28 [看门狗] 队长 PID 变更 21108 → 20888，跟随新通道
09-09 19:39:28 p19048 检测到已登录 ✓
09-09 19:39:28 p19048 重登待命：等队长联动信号（队长未就位/未建队则不动）
09-09 19:39:28 p20888 检测到已登录 ✓
09-09 19:39:28 p19048 收到队长联动 → 传送+申请归队
09-09 19:39:28 [sat] 队长准备: 传送 大唐官府 + 走位 [139,80]
09-09 19:39:32 p19184 登录点击重放完毕，等待进入场景…
09-09 19:39:33 p21672 登录点击重放完毕，等待进入场景…
09-09 19:39:33 p18524 播种成功 ✓
09-09 19:39:33 p18524 重放 member#3 登录点击 4 步…
09-09 19:39:33 p20336 → 新 PID=18524 播种/登录流程接管完成
09-09 19:39:34 [sat] p19048: tp/窗口不可用
09-09 19:39:34 p19184 检测到已登录 ✓
09-09 19:39:34 p19184 重登待命：等队长联动信号（队长未就位/未建队则不动）
09-09 19:39:34 p21672 检测到已登录 ✓
09-09 19:39:34 p21672 重登待命：等队长联动信号（队长未就位/未建队则不动）
09-09 19:39:34 p19184 收到队长联动 → 传送+申请归队
09-09 19:39:34 p21672 收到队长联动 → 传送+申请归队
09-09 19:39:40 [sat] 队长当前位置: None（第1次传送后）
09-09 19:39:40 [sat] 面板读不到，按传送统一落点 [132,83] 兜底走位
09-09 19:39:40 [sat] p19048: tp/窗口不可用
09-09 19:39:40 [sat] [fail] tp 不可用
09-09 19:39:40 [sat] [warn] 第1轮走位未到锚点（pos=None）→ 重传送再来
09-09 19:39:40 [sat] p21672: tp/窗口不可用
09-09 19:39:41 p18524 登录点击重放完毕，等待进入场景…
09-09 19:39:41 [sat] p19184: tp/窗口不可用
09-09 19:39:42 p18524 检测到已登录 ✓
09-09 19:39:42 p18524 重登待命：等队长联动信号（队长未就位/未建队则不动）
09-09 19:39:42 p18524 收到队长联动 → 传送+申请归队
09-09 19:39:45 [sat] 队长当前位置: None（第2次传送后）
09-09 19:39:45 [sat] 面板读不到，按传送统一落点 [132,83] 兜底走位
09-09 19:39:45 [sat] [fail] tp 不可用
09-09 19:39:45 [sat] [warn] 第2轮走位未到锚点（pos=None）→ 重传送再来
09-09 19:39:45 [sat] [fail] 队长两轮走位均未到达 [139,80]——本轮禁止队员归队（防打乱坐标）
09-09 19:39:47 [sat] p19048: tp/窗口不可用
09-09 19:39:47 [sat] p21672: tp/窗口不可用
09-09 19:39:47 [sat] p19184: tp/窗口不可用
09-09 19:39:47 [任务闸] 队长任务暂不启动：未到齐：p19048 p19048（掉线/未登录）、p19184 p19184（掉线/未登录）、p18524 p18524（掉线/未登录）、p21672 p21672（掉线/未登录）（队伍 ?/5）——请先完成组队或确认队友在线
09-09 19:39:48 [sat] p18524: tp/窗口不可用
09-09 19:39:52 p20888 tp 状态消失（第1次，疑似服务器抹除）
09-09 19:39:53 [sat] p19048: 申请轮次结束（是否入队由队长批准裁决）
09-09 19:39:53 [sat] p21672: tp/窗口不可用
09-09 19:39:53 [sat] p19184: tp/窗口不可用
09-09 19:39:54 [sat] p18524: tp/窗口不可用
09-09 19:39:55 p19048 已拉起任务脚本（队员·三号美人 gw=file://pzxy_p19048）
09-09 19:39:59 [sat] p21672: 申请轮次结束（是否入队由队长批准裁决）
09-09 19:39:59 [sat] p19184: 申请轮次结束（是否入队由队长批准裁决）
09-09 19:40:00 [sat] p18524: tp/窗口不可用
09-09 19:40:01 p19184 tp 状态消失（第1次，疑似服务器抹除）
09-09 19:40:01 p21672 已拉起任务脚本（队员·一号美人 gw=file://pzxy_p21672）
09-09 19:40:02 p19184 已拉起任务脚本（队员·这是帅哥 gw=file://pzxy_p19184）
09-09 19:40:05 p19184 tp 连续消失 3 次 → 杀游戏重启闭环
09-09 19:40:06 p19184 旧游戏进程卡死，已强制结束
09-09 19:40:06 [sat] p18524: 申请轮次结束（是否入队由队长批准裁决）
09-09 19:40:07 p19184 已重启为新进程 PID=21480，等待登录界面…
09-09 19:40:07 p18524 tp 状态消失（第1次，疑似服务器抹除）
09-09 19:40:09 p18524 已拉起任务脚本（队员·这是猛男 gw=file://pzxy_p18524）
09-09 19:40:09 p21480 检测到登录界面，开始播种…
09-09 19:40:12 p18524 tp 连续消失 3 次 → 杀游戏重启闭环
09-09 19:40:12 p18524 旧游戏进程卡死，已强制结束
09-09 19:40:13 p18524 已重启为新进程 PID=22336，等待登录界面…
09-09 19:40:14 p21672 tp 状态消失（第1次，疑似服务器抹除）
09-09 19:40:14 p22336 检测到登录界面，开始播种…
09-09 19:40:14 p20888 任务脚本已死 → 自动补拉
09-09 19:40:14 [任务闸] 队长任务暂不启动：未到齐：p21480 p21480（掉线/未登录）、p22336 p22336（掉线/未登录）（队伍 ?/5）——请先完成组队或确认队友在线
09-09 19:40:15 p21480 播种成功 ✓
09-09 19:40:15 p21480 重放 member#2 登录点击 4 步…
09-09 19:40:15 p19184 → 新 PID=21480 播种/登录流程接管完成
09-09 19:40:16 p20888 tp 连续消失 3 次 → 杀游戏重启闭环
09-09 19:40:16 p20888 旧游戏进程卡死，已强制结束
09-09 19:40:17 p20888 已重启为新进程 PID=5132，等待登录界面…
09-09 19:40:18 p5132 检测到登录界面，开始播种…
09-09 19:40:21 p22336 播种成功 ✓
09-09 19:40:21 p22336 重放 member#3 登录点击 4 步…
09-09 19:40:21 p18524 → 新 PID=22336 播种/登录流程接管完成
09-09 19:40:23 p21480 登录点击重放完毕，等待进入场景…
09-09 19:40:24 p21480 检测到已登录 ✓
09-09 19:40:24 p21480 重登待命：等队长联动信号（队长未就位/未建队则不动）
09-09 19:40:24 p21480 收到队长联动 → 传送+申请归队
09-09 19:40:24 p21672 tp 连续消失 3 次 → 杀游戏重启闭环
09-09 19:40:25 p21672 旧游戏进程卡死，已强制结束
09-09 19:40:26 p5132 播种成功 ✓
09-09 19:40:26 p5132 重放 leader#1 登录点击 4 步…
09-09 19:40:26 p20888 → 新 PID=5132 播种/登录流程接管完成
09-09 19:40:26 p21672 已重启为新进程 PID=18948，等待登录界面…
09-09 19:40:28 p18948 检测到登录界面，开始播种…
09-09 19:40:28 p22336 登录点击重放完毕，等待进入场景…
09-09 19:40:30 [sat] p21480: tp/窗口不可用
09-09 19:40:30 [看门狗] 队长 PID 变更 20888 → 5132，跟随新通道
09-09 19:40:30 p22336 检测到已登录 ✓
09-09 19:40:31 p22336 重登待命：等队长联动信号（队长未就位/未建队则不动）
09-09 19:40:31 p22336 收到队长联动 → 传送+申请归队
09-09 19:40:32 p5132 登录点击重放完毕，等待进入场景…
09-09 19:40:33 p19048 tp 状态消失（第1次，疑似服务器抹除）
09-09 19:40:35 p5132 检测到已登录 ✓
09-09 19:40:35 [sat] 队长准备: 传送 大唐官府 + 走位 [139,80]
09-09 19:40:36 [sat] p21480: tp/窗口不可用
09-09 19:40:36 p18948 播种成功 ✓
09-09 19:40:36 p18948 重放 member#4 登录点击 4 步…
09-09 19:40:36 p21672 → 新 PID=18948 播种/登录流程接管完成
09-09 19:40:36 [sat] p22336: tp/窗口不可用
09-09 19:40:42 [sat] p21480: tp/窗口不可用
09-09 19:40:43 [sat] p22336: tp/窗口不可用
09-09 19:40:44 p18948 登录点击重放完毕，等待进入场景…
09-09 19:40:46 [sat] 队长当前位置: None（第1次传送后）
09-09 19:40:46 [sat] 面板读不到，按传送统一落点 [132,83] 兜底走位
09-09 19:40:46 [sat] [fail] tp 不可用
09-09 19:40:46 [sat] [warn] 第1轮走位未到锚点（pos=None）→ 重传送再来
09-09 19:40:47 p18948 检测到已登录 ✓
09-09 19:40:47 p18948 重登待命：等队长联动信号（队长未就位/未建队则不动）
09-09 19:40:47 p18948 收到队长联动 → 传送+申请归队
09-09 19:40:48 [sat] p21480: 申请轮次结束（是否入队由队长批准裁决）
09-09 19:40:49 [sat] p22336: tp/窗口不可用
09-09 19:40:49 p19048 tp 连续消失 3 次 → 杀游戏重启闭环
09-09 19:40:50 p19048 旧游戏进程卡死，已强制结束
09-09 19:40:50 p21480 已拉起任务脚本（队员·这是帅哥 gw=file://pzxy_p21480）
09-09 19:40:51 [sat] 队长当前位置: None（第2次传送后）
09-09 19:40:51 [sat] 面板读不到，按传送统一落点 [132,83] 兜底走位
09-09 19:40:51 p19048 已重启为新进程 PID=16792，等待登录界面…
09-09 19:40:51 [sat] [fail] tp 不可用
09-09 19:40:51 [sat] [warn] 第2轮走位未到锚点（pos=None）→ 重传送再来
09-09 19:40:51 [sat] [fail] 队长两轮走位均未到达 [139,80]——本轮禁止队员归队（防打乱坐标）
09-09 19:40:53 p16792 检测到登录界面，开始播种…
09-09 19:40:53 [sat] p18948: tp/窗口不可用
09-09 19:40:53 [任务闸] 队长任务暂不启动：未到齐：p16792 p16792（掉线/未登录）、p22336 p22336（掉线/未登录）、p18948 p18948（掉线/未登录）（队伍 ?/5）——请先完成组队或确认队友在线
09-09 19:40:54 p21480 tp 状态消失（第1次，疑似服务器抹除）
09-09 19:40:55 [sat] p22336: 申请轮次结束（是否入队由队长批准裁决）
09-09 19:40:56 p5132 tp 状态消失（第1次，疑似服务器抹除）
09-09 19:40:57 p22336 已拉起任务脚本（队员·这是猛男 gw=file://pzxy_p22336）
09-09 19:40:59 p16792 播种成功 ✓
09-09 19:40:59 p16792 重放 member#1 登录点击 4 步…
09-09 19:40:59 p19048 → 新 PID=16792 播种/登录流程接管完成
09-09 19:41:00 [sat] p18948: tp/窗口不可用
09-09 19:41:02 p22336 tp 状态消失（第1次，疑似服务器抹除）
09-09 19:41:06 [sat] p18948: tp/窗口不可用
09-09 19:41:08 p16792 登录点击重放完毕，等待进入场景…
09-09 19:41:08 p21480 tp 连续消失 3 次 → 杀游戏重启闭环
09-09 19:41:09 p21480 旧游戏进程卡死，已强制结束
09-09 19:41:10 p21480 已重启为新进程 PID=276，等待登录界面…
09-09 19:41:10 p16792 检测到已登录 ✓
09-09 19:41:10 p16792 重登待命：等队长联动信号（队长p5132 未就位/未建队则不动）
09-09 19:41:10 p16792 收到队长联动 → 传送+申请归队
09-09 19:41:10 p5132 tp 连续消失 3 次 → 杀游戏重启闭环
09-09 19:41:11 p5132 旧游戏进程卡死，已强制结束
09-09 19:41:12 p276 检测到登录界面，开始播种…
09-09 19:41:12 p5132 已重启为新进程 PID=22420，等待登录界面…
09-09 19:41:12 [sat] p18948: 申请轮次结束（是否入队由队长批准裁决）
09-09 19:41:14 p22420 检测到登录界面，开始播种…
09-09 19:41:14 p18948 已拉起任务脚本（队员·一号美人 gw=file://pzxy_p18948）
09-09 19:41:15 p18948 tp 状态消失（第1次，疑似服务器抹除）
09-09 19:41:17 [看门狗] 队长 PID 变更 5132 → 22420，跟随新通道
09-09 19:41:18 p276 播种成功 ✓
09-09 19:41:18 p276 重放 member#2 登录点击 4 步…
09-09 19:41:18 p21480 → 新 PID=276 播种/登录流程接管完成
09-09 19:41:20 p22420 播种成功 ✓
09-09 19:41:20 p5132 → 新 PID=22420 播种/登录流程接管完成
09-09 19:41:20 p22420 重放 leader#1 登录点击 4 步…
09-09 19:41:22 [sat] p16792: 已点队长身体 (537,240)（第1次申请）
09-09 19:41:23 p18948 tp 连续消失 3 次 → 杀游戏重启闭环
09-09 19:41:23 p18948 旧游戏进程卡死，已强制结束
09-09 19:41:24 p18948 已重启为新进程 PID=7892，等待登录界面…
09-09 19:41:25 p7892 检测到登录界面，开始播种…
09-09 19:41:26 p276 登录点击重放完毕，等待进入场景…
09-09 19:41:27 p22420 登录点击重放完毕，等待进入场景…
09-09 19:41:27 p22420 检测到已登录 ✓
09-09 19:41:27 [sat] 队长准备: 传送 大唐官府 + 走位 [139,80]
09-09 19:41:29 p276 检测到已登录 ✓
09-09 19:41:29 p276 重登待命：等队长联动信号（队长未就位/未建队则不动）
09-09 19:41:29 p276 收到队长联动 → 传送+申请归队
09-09 19:41:32 p7892 播种成功 ✓
09-09 19:41:32 p7892 重放 member#4 登录点击 4 步…
09-09 19:41:32 p18948 → 新 PID=7892 播种/登录流程接管完成
09-09 19:41:34 [sat] p16792: 已点队长身体 (417,340)（第2次申请）
09-09 19:41:37 [sat] 队长当前位置: (2640.0, 1660.0)（第1次传送后）
09-09 19:41:37 [sat] 走位点击 (540,240)（偏差 140,-60）——途中不点组队图标
09-09 19:41:39 [sat] p276: 已点队长身体 (537,240)（第1次申请）
09-09 19:41:39 p22336 tp 连续消失 3 次 → 杀游戏重启闭环
09-09 19:41:40 p22336 旧游戏进程卡死，已强制结束
09-09 19:41:40 p7892 登录点击重放完毕，等待进入场景…
09-09 19:41:41 p22336 已重启为新进程 PID=3632，等待登录界面…
09-09 19:41:41 p7892 检测到已登录 ✓
09-09 19:41:41 p7892 重登待命：等队长联动信号（队长未就位/未建队则不动）
09-09 19:41:41 p7892 收到队长联动 → 传送+申请归队
09-09 19:41:42 [sat] 队长已就位: (2777.9728650266, 1600.8687721315)（目标 (2780.0, 1600.0)，±3 格容差）
09-09 19:41:43 p3632 检测到登录界面，开始播种…
09-09 19:41:44 [任务闸] 队长任务暂不启动：未到齐：p16792 p16792（掉线/未登录）、p276 p276（掉线/未登录）、p3632 p3632（掉线/未登录）、p7892 p7892（掉线/未登录）（队伍 0/5）——请先完成组队或确认队友在线
09-09 19:41:45 [sat] p16792: 已点队长身体 (417,340)（第3次申请）
09-09 19:41:48 [看门狗] 检测到缺员 0/5 → 打断抓鬼，启动补组队
09-09 19:41:48 [sat] 队长准备: 传送 大唐官府 + 走位 [139,80]
09-09 19:41:48 [sat] 队长已在锚点附近 (2777.9728650266, 1600.8687721315)，跳过传送直接就位
09-09 19:41:48 [看门狗] 队伍已散（0 人）→ 重新建队
09-09 19:41:49 p3632 播种成功 ✓
09-09 19:41:49 p3632 重放 member#3 登录点击 4 步…
09-09 19:41:49 p22336 → 新 PID=3632 播种/登录流程接管完成
09-09 19:41:50 [sat] 建队第1次 脚底屏幕位 (417,292) → 身体点上移 50
09-09 19:41:51 [sat] p276: 已点队长身体 (537,240)（第2次申请）
09-09 19:41:51 [sat] p16792: 申请轮次结束（是否入队由队长批准裁决）
09-09 19:41:53 [sat] p7892: 已点队长身体 (537,240)（第1次申请）
09-09 19:41:53 p16792 已拉起任务脚本（队员·三号美人 gw=file://pzxy_p16792）
09-09 19:41:54 [sat] 建队第1次 顶栏stats（应为 1）: ((1, 0, '二号美人'),)
09-09 19:41:54 [sat] 联动信号已发布: 队长 p22420 就位 (2778, 1601)（队员凭此行动）
09-09 19:41:54 [看门狗] 1 名在线队员并行申请归队
09-09 19:41:55 [sat] p16792: 已与队长同图(大唐官府)，直接申请
09-09 19:41:57 p3632 登录点击重放完毕，等待进入场景…
09-09 19:41:58 p3632 检测到已登录 ✓
09-09 19:41:58 p3632 重登待命：等队长联动信号（队长p22420 未就位/未建队则不动）
09-09 19:41:58 p3632 收到队长联动 → 传送+申请归队
09-09 19:41:58 [sat] p16792: 已点队长身体 (417,340)（第1次申请）
09-09 19:41:59 [sat] p3632: 异图(江南野外≠队长大唐官府) 就地传送
09-09 19:42:02 [sat] p276: 已点队长身体 (537,240)（第3次申请）
09-09 19:42:05 [sat] p7892: 已点队长身体 (537,240)（第2次申请）
09-09 19:42:09 [sat] p16792: 已点队长身体 (417,340)（第2次申请）
09-09 19:42:09 [sat] p276: 申请轮次结束（是否入队由队长批准裁决）
09-09 19:42:10 [sat] p3632: 已点队长身体 (537,240)（第1次申请）
09-09 19:42:11 p276 已拉起任务脚本（队员·这是帅哥 gw=file://pzxy_p276）
09-09 19:42:16 [sat] p7892: 已点队长身体 (537,240)（第3次申请）
09-09 19:42:19 p22420 任务脚本已死 → 自动补拉
09-09 19:42:19 [任务闸] 队长任务暂不启动：未到齐：p3632 p3632（掉线/未登录）、p7892 p7892（掉线/未登录）、p16792 p16792（在线但未入队）、p276 p276（在线但未入队）（队伍 1/5）——请先完成组队或确认队友在线
09-09 19:42:20 [sat] p3632: 已点队长身体 (537,240)（第2次申请）
09-09 19:42:21 [sat] p16792: 已点队长身体 (417,340)（第3次申请）
09-09 19:42:25 [sat] p7892: 申请轮次结束（是否入队由队长批准裁决）
09-09 19:42:28 p7892 已拉起任务脚本（队员·一号美人 gw=file://pzxy_p7892）
09-09 19:42:29 [sat] p16792: 申请轮次结束（是否入队由队长批准裁决）
09-09 19:42:31 [sat] 当前成员数: 1（目标 5）
09-09 19:42:31 [sat] p3632: 已点队长身体 (537,240)（第3次申请）
09-09 19:42:36 [sat] 当前成员数: 2（目标 5）
09-09 19:42:37 [sat] p3632: 申请轮次结束（是否入队由队长批准裁决）
09-09 19:42:40 p3632 已拉起任务脚本（队员·这是猛男 gw=file://pzxy_p3632）
09-09 19:42:40 [sat] 当前成员数: 3（目标 5）
09-09 19:42:45 [sat] 当前成员数: 4（目标 5）
09-09 19:42:50 [sat] 当前成员数: 5（目标 5）
09-09 19:42:50 [看门狗] 补组批准结束: 5/5
09-09 19:42:52 [看门狗] 心跳: 5/5
09-09 19:42:52 [看门狗] 队伍满员 5/5，恢复抓鬼
09-09 19:42:52 p16792 任务脚本已在跑，跳过
09-09 19:42:52 p276 任务脚本已在跑，跳过
09-09 19:42:52 p3632 任务脚本已在跑，跳过
09-09 19:42:53 p7892 任务脚本已在跑，跳过
09-09 19:42:53 p22420 已拉起任务脚本（队长·二号美人 gw=file://pzxy_p22420）
09-09 19:42:57 [sat] 阵法验证: 天覆阵/4
09-09 19:42:57 p16792 任务脚本已在跑，跳过
09-09 19:42:57 p276 任务脚本已在跑，跳过
09-09 19:42:57 p3632 任务脚本已在跑，跳过
09-09 19:42:58 p7892 任务脚本已在跑，跳过
09-09 19:43:00 p22420 任务脚本已在跑，跳过
09-09 19:43:00 [看门狗] 满员，抓鬼已恢复 ✓
09-09 19:45:03 [看门狗] 心跳: 5/5
09-09 19:49:21 [看门狗] 心跳: 5/5
09-09 19:53:35 [看门狗] 心跳: 5/5
09-09 19:55:45 [看门狗] 心跳: 5/5
09-09 19:57:52 [看门狗] 心跳: 5/5
09-09 20:04:10 [看门狗] 心跳: 5/5
09-09 20:07:04 [内存] 已修剪 5 个游戏进程：4.0GB → 162.3MB（释放 3.8GB）
09-09 20:08:23 [看门狗] 心跳: 5/5
09-09 20:12:04 p22420 任务脚本已死 → 自动补拉
09-09 20:12:04 p22420 已拉起任务脚本（队长·二号美人 gw=file://pzxy_p22420）
09-09 20:12:37 [看门狗] 心跳: 5/5
09-09 20:14:46 [看门狗] 心跳: 5/5
09-09 20:16:55 [看门狗] 心跳: 5/5
09-09 20:19:03 [看门狗] 心跳: 5/5
09-09 20:21:09 [看门狗] 心跳: 5/5
09-09 20:21:12 p7892 tp 状态消失（第1次，疑似服务器抹除）
09-09 20:21:14 p3632 tp 状态消失（第1次，疑似服务器抹除）
09-09 20:21:16 p276 tp 状态消失（第1次，疑似服务器抹除）
09-09 20:21:19 p16792 tp 状态消失（第1次，疑似服务器抹除）
09-09 20:21:19 p22420 tp 状态消失（第1次，疑似服务器抹除）
09-09 20:21:30 p7892 tp 连续消失 3 次 → 杀游戏重启闭环
09-09 20:21:31 p7892 旧游戏进程卡死，已强制结束
09-09 20:21:32 p7892 已重启为新进程 PID=19284，等待登录界面…
09-09 20:21:32 p3632 tp 连续消失 3 次 → 杀游戏重启闭环
09-09 20:21:33 p3632 旧游戏进程卡死，已强制结束
09-09 20:21:34 p19284 检测到登录界面，开始播种…
09-09 20:21:34 p3632 已重启为新进程 PID=21964，等待登录界面…
09-09 20:21:34 p22420 tp 连续消失 3 次 → 杀游戏重启闭环
09-09 20:21:35 p22420 旧游戏进程卡死，已强制结束
09-09 20:21:36 p21964 检测到登录界面，开始播种…
09-09 20:21:36 p22420 已重启为新进程 PID=11636，等待登录界面…
09-09 20:21:38 p11636 检测到登录界面，开始播种…
09-09 20:21:39 p276 tp 连续消失 3 次 → 杀游戏重启闭环
09-09 20:21:39 p276 旧游戏进程卡死，已强制结束
09-09 20:21:40 p276 已重启为新进程 PID=20324，等待登录界面…
09-09 20:21:40 [看门狗] 队长 PID 变更 22420 → 11636，跟随新通道
09-09 20:21:41 p19284 播种成功 ✓
09-09 20:21:41 p19284 重放 member#4 登录点击 4 步…
09-09 20:21:41 p7892 → 新 PID=19284 播种/登录流程接管完成
09-09 20:21:42 p20324 检测到登录界面，开始播种…
09-09 20:21:42 p21964 播种成功 ✓
09-09 20:21:42 p21964 重放 member#3 登录点击 4 步…
09-09 20:21:42 p3632 → 新 PID=21964 播种/登录流程接管完成
09-09 20:21:44 p11636 播种成功 ✓
09-09 20:21:44 p11636 重放 leader#1 登录点击 4 步…
09-09 20:21:44 p22420 → 新 PID=11636 播种/登录流程接管完成
09-09 20:21:47 p16792 tp 连续消失 3 次 → 杀游戏重启闭环
09-09 20:21:47 p16792 旧游戏进程卡死，已强制结束
09-09 20:21:48 p16792 已重启为新进程 PID=18932，等待登录界面…
09-09 20:21:48 p20324 播种成功 ✓
09-09 20:21:48 p20324 重放 member#2 登录点击 4 步…
09-09 20:21:48 p276 → 新 PID=20324 播种/登录流程接管完成
09-09 20:21:49 p18932 检测到登录界面，开始播种…
09-09 20:21:49 p19284 登录点击重放完毕，等待进入场景…
09-09 20:21:50 p21964 登录点击重放完毕，等待进入场景…
09-09 20:21:51 p21964 检测到已登录 ✓
09-09 20:21:51 p21964 重登待命：等队长联动信号（队长未就位/未建队则不动）
09-09 20:21:51 p19284 检测到已登录 ✓
09-09 20:21:51 p19284 重登待命：等队长联动信号（队长未就位/未建队则不动）
09-09 20:21:51 p11636 登录点击重放完毕，等待进入场景…
09-09 20:21:53 p11636 检测到已登录 ✓
09-09 20:21:53 [sat] 队长准备: 传送 大唐官府 + 走位 [139,80]
09-09 20:21:56 p18932 播种成功 ✓
09-09 20:21:56 p18932 重放 member#1 登录点击 4 步…
09-09 20:21:56 p16792 → 新 PID=18932 播种/登录流程接管完成
09-09 20:21:57 p20324 登录点击重放完毕，等待进入场景…
09-09 20:21:59 p20324 检测到已登录 ✓
09-09 20:21:59 p20324 重登待命：等队长联动信号（队长未就位/未建队则不动）
09-09 20:22:04 p18932 登录点击重放完毕，等待进入场景…
09-09 20:22:05 [sat] 队长当前位置: None（第1次传送后）
09-09 20:22:05 [sat] 面板读不到，按传送统一落点 [132,83] 兜底走位
09-09 20:22:05 [sat] [fail] tp 不可用
09-09 20:22:05 [sat] [warn] 第1轮走位未到锚点（pos=None）→ 重传送再来
09-09 20:22:07 p18932 检测到已登录 ✓
09-09 20:22:07 p18932 重登待命：等队长联动信号（队长未就位/未建队则不动）
09-09 20:22:09 [sat] 队长当前位置: None（第2次传送后）
09-09 20:22:09 [sat] 面板读不到，按传送统一落点 [132,83] 兜底走位
09-09 20:22:10 [sat] [fail] tp 不可用
09-09 20:22:10 [sat] [warn] 第2轮走位未到锚点（pos=None）→ 重传送再来
09-09 20:22:10 [sat] [fail] 队长两轮走位均未到达 [139,80]——本轮禁止队员归队（防打乱坐标）
09-09 20:22:11 [看门狗] 队伍数据连续读不到（1180 轮），检查通道/面板
09-09 20:22:12 [任务闸] 队长任务暂不启动：未到齐：p18932 p18932（掉线/未登录）、p20324 p20324（掉线/未登录）、p21964 p21964（掉线/未登录）、p19284 p19284（掉线/未登录）（队伍 ?/5）——请先完成组队或确认队友在线
09-09 20:22:17 p11636 tp 状态消失（第1次，疑似服务器抹除）
09-09 20:22:34 p11636 tp 连续消失 3 次 → 杀游戏重启闭环
09-09 20:22:34 p11636 旧游戏进程卡死，已强制结束
09-09 20:22:35 p11636 已重启为新进程 PID=21464，等待登录界面…
09-09 20:22:37 p21464 检测到登录界面，开始播种…
09-09 20:22:41 [看门狗] 队长 PID 变更 11636 → 21464，跟随新通道
09-09 20:22:43 p21464 播种成功 ✓
09-09 20:22:43 p21464 重放 leader#1 登录点击 4 步…
09-09 20:22:43 p11636 → 新 PID=21464 播种/登录流程接管完成
09-09 20:22:50 p21464 登录点击重放完毕，等待进入场景…
09-09 20:22:52 p21464 检测到已登录 ✓
09-09 20:22:52 [sat] 队长准备: 传送 大唐官府 + 走位 [139,80]
09-09 20:23:03 [sat] 队长当前位置: None（第1次传送后）
09-09 20:23:03 [sat] 面板读不到，按传送统一落点 [132,83] 兜底走位
09-09 20:23:03 [sat] [fail] tp 不可用
09-09 20:23:03 [sat] [warn] 第1轮走位未到锚点（pos=None）→ 重传送再来
09-09 20:23:08 [sat] 队长当前位置: None（第2次传送后）
09-09 20:23:08 [sat] 面板读不到，按传送统一落点 [132,83] 兜底走位
09-09 20:23:08 [sat] [fail] tp 不可用
09-09 20:23:08 [sat] [warn] 第2轮走位未到锚点（pos=None）→ 重传送再来
09-09 20:23:08 [sat] [fail] 队长两轮走位均未到达 [139,80]——本轮禁止队员归队（防打乱坐标）
09-09 20:23:10 [任务闸] 队长任务暂不启动：未到齐：p18932 p18932（掉线/未登录）、p20324 p20324（掉线/未登录）、p21964 p21964（掉线/未登录）、p19284 p19284（掉线/未登录）（队伍 ?/5）——请先完成组队或确认队友在线
09-09 20:23:12 [看门狗] 队伍数据连续读不到（1184 轮），检查通道/面板
09-09 20:23:16 p21464 tp 状态消失（第1次，疑似服务器抹除）
09-09 20:23:32 p21464 tp 连续消失 3 次 → 杀游戏重启闭环
09-09 20:23:33 p21464 旧游戏进程卡死，已强制结束
09-09 20:23:34 p21464 已重启为新进程 PID=20092，等待登录界面…
09-09 20:23:36 p20092 检测到登录界面，开始播种…
09-09 20:23:42 p20092 播种成功 ✓
09-09 20:23:42 p20092 重放 leader#1 登录点击 4 步…
09-09 20:23:42 p21464 → 新 PID=20092 播种/登录流程接管完成
09-09 20:23:42 [看门狗] 队长 PID 变更 21464 → 20092，跟随新通道
09-09 20:23:49 p20092 登录点击重放完毕，等待进入场景…
09-09 20:23:50 p20092 检测到已登录 ✓
09-09 20:23:50 [sat] 队长准备: 传送 大唐官府 + 走位 [139,80]
09-09 20:24:01 [sat] 队长当前位置: None（第1次传送后）
09-09 20:24:01 [sat] 面板读不到，按传送统一落点 [132,83] 兜底走位
09-09 20:24:01 [sat] [fail] tp 不可用
09-09 20:24:01 [sat] [warn] 第1轮走位未到锚点（pos=None）→ 重传送再来
09-09 20:24:06 [sat] 队长当前位置: None（第2次传送后）
09-09 20:24:06 [sat] 面板读不到，按传送统一落点 [132,83] 兜底走位
09-09 20:24:06 [sat] [fail] tp 不可用
09-09 20:24:06 [sat] [warn] 第2轮走位未到锚点（pos=None）→ 重传送再来
09-09 20:24:06 [sat] [fail] 队长两轮走位均未到达 [139,80]——本轮禁止队员归队（防打乱坐标）
09-09 20:24:08 [任务闸] 队长任务暂不启动：未到齐：p18932 p18932（掉线/未登录）、p20324 p20324（掉线/未登录）、p21964 p21964（掉线/未登录）、p19284 p19284（掉线/未登录）（队伍 ?/5）——请先完成组队或确认队友在线
09-09 20:24:13 p20092 tp 状态消失（第1次，疑似服务器抹除）
09-09 20:24:13 [看门狗] 队伍数据连续读不到（1188 轮），检查通道/面板
09-09 20:24:29 p20092 tp 连续消失 3 次 → 杀游戏重启闭环
09-09 20:24:30 p20092 旧游戏进程卡死，已强制结束
09-09 20:24:31 p20092 已重启为新进程 PID=21284，等待登录界面…
09-09 20:24:32 p21284 检测到登录界面，开始播种…
09-09 20:24:38 p21284 播种成功 ✓
09-09 20:24:38 p21284 重放 leader#1 登录点击 4 步…
09-09 20:24:38 p20092 → 新 PID=21284 播种/登录流程接管完成
09-09 20:24:44 [看门狗] 队长 PID 变更 20092 → 21284，跟随新通道
09-09 20:24:45 p21284 登录点击重放完毕，等待进入场景…
09-09 20:24:45 p21284 检测到已登录 ✓
09-09 20:24:45 [sat] 队长准备: 传送 大唐官府 + 走位 [139,80]
09-09 20:24:55 [sat] 队长当前位置: (2640.0, 1660.0)（第1次传送后）
09-09 20:24:55 [sat] 走位点击 (540,240)（偏差 140,-60）——途中不点组队图标
09-09 20:25:00 [sat] 队长已就位: (2778.1291194163, 1600.8018059645)（目标 (2780.0, 1600.0)，±3 格容差）
09-09 20:25:02 [任务闸] 队长任务暂不启动：未到齐：p18932 p18932（掉线/未登录）、p20324 p20324（掉线/未登录）、p21964 p21964（掉线/未登录）、p19284 p19284（掉线/未登录）（队伍 0/5）——请先完成组队或确认队友在线
09-09 20:25:14 [看门狗] 心跳: 0/5
09-09 20:25:14 [看门狗] 检测到缺员 0/5 → 打断抓鬼，启动补组队
09-09 20:25:15 [sat] 队长准备: 传送 大唐官府 + 走位 [139,80]
09-09 20:25:15 [sat] 队长已在锚点附近 (2778.1291194163, 1600.8018059645)，跳过传送直接就位
09-09 20:25:15 [看门狗] 队伍已散（0 人）→ 重新建队
09-09 20:25:17 [sat] 建队第1次 脚底屏幕位 (417,292) → 身体点上移 50
09-09 20:25:20 [sat] 建队第1次 顶栏stats（应为 1）: ((1, 0, '二号美人'),)
09-09 20:25:20 [sat] 联动信号已发布: 队长 p21284 就位 (2778, 1601)（队员凭此行动）
09-09 20:25:23 [sat] 当前成员数: 1（目标 5）
09-09 20:25:27 p18932 收到队长联动 → 传送+申请归队
09-09 20:25:31 p19284 收到队长联动 → 传送+申请归队
09-09 20:25:31 p21964 收到队长联动 → 传送+申请归队
09-09 20:25:35 [sat] p18932: tp/窗口不可用
09-09 20:25:38 [sat] p19284: tp/窗口不可用
09-09 20:25:38 [sat] p21964: tp/窗口不可用
09-09 20:25:39 p20324 收到队长联动 → 传送+申请归队
09-09 20:25:42 [sat] p18932: tp/窗口不可用
09-09 20:25:45 [sat] p19284: tp/窗口不可用
09-09 20:25:45 [sat] p21964: tp/窗口不可用
09-09 20:25:45 [sat] p20324: tp/窗口不可用
09-09 20:25:46 p21284 任务脚本已死 → 自动补拉
09-09 20:25:46 [任务闸] 队长任务暂不启动：未到齐：p18932 p18932（掉线/未登录）、p20324 p20324（掉线/未登录）、p21964 p21964（掉线/未登录）、p19284 p19284（掉线/未登录）（队伍 1/5）——请先完成组队或确认队友在线
09-09 20:25:48 [sat] p18932: tp/窗口不可用
09-09 20:25:51 [sat] p19284: tp/窗口不可用
09-09 20:25:52 [sat] p21964: tp/窗口不可用
09-09 20:25:52 [sat] p20324: tp/窗口不可用
09-09 20:25:54 [sat] p18932: 申请轮次结束（是否入队由队长批准裁决）
09-09 20:25:56 p18932 已拉起任务脚本（队员·三号美人 gw=file://pzxy_p18932）
09-09 20:25:57 [sat] p19284: 申请轮次结束（是否入队由队长批准裁决）
09-09 20:25:58 [sat] p21964: 申请轮次结束（是否入队由队长批准裁决）
09-09 20:25:59 [sat] p20324: tp/窗口不可用
09-09 20:25:59 p21964 tp 状态消失（第1次，疑似服务器抹除）
09-09 20:25:59 p19284 已拉起任务脚本（队员·一号美人 gw=file://pzxy_p19284）
09-09 20:26:00 p21964 已拉起任务脚本（队员·这是猛男 gw=file://pzxy_p21964）
09-09 20:26:04 p21964 tp 连续消失 3 次 → 杀游戏重启闭环
09-09 20:26:04 p21964 旧游戏进程卡死，已强制结束
09-09 20:26:05 [sat] p20324: 申请轮次结束（是否入队由队长批准裁决）
09-09 20:26:05 p21964 已重启为新进程 PID=21088，等待登录界面…
09-09 20:26:06 p20324 tp 状态消失（第1次，疑似服务器抹除）
09-09 20:26:07 p21088 检测到登录界面，开始播种…
09-09 20:26:07 p20324 已拉起任务脚本（队员·这是帅哥 gw=file://pzxy_p20324）
09-09 20:26:10 p20324 tp 连续消失 3 次 → 杀游戏重启闭环
09-09 20:26:10 p20324 旧游戏进程卡死，已强制结束
09-09 20:26:11 p20324 已重启为新进程 PID=22028，等待登录界面…
09-09 20:26:12 p19284 tp 状态消失（第1次，疑似服务器抹除）
09-09 20:26:12 p22028 检测到登录界面，开始播种…
09-09 20:26:13 p21088 播种成功 ✓
09-09 20:26:13 p21964 → 新 PID=21088 播种/登录流程接管完成
09-09 20:26:13 p21088 重放 member#3 登录点击 4 步…
09-09 20:26:18 p18932 tp 状态消失（第1次，疑似服务器抹除）
09-09 20:26:19 p22028 播种成功 ✓
09-09 20:26:19 p22028 重放 member#2 登录点击 4 步…
09-09 20:26:19 p20324 → 新 PID=22028 播种/登录流程接管完成
09-09 20:26:21 p21088 登录点击重放完毕，等待进入场景…
09-09 20:26:22 p21088 检测到已登录 ✓
09-09 20:26:22 p21088 重登待命：等队长联动信号（队长p21284 未就位/未建队则不动）
09-09 20:26:22 p21088 收到队长联动 → 传送+申请归队
09-09 20:26:23 [sat] p21088: 异图(江南野外≠队长大唐官府) 就地传送
09-09 20:26:27 p22028 登录点击重放完毕，等待进入场景…
09-09 20:26:29 p22028 检测到已登录 ✓
09-09 20:26:29 p22028 重登待命：等队长联动信号（队长p21284 未就位/未建队则不动）
09-09 20:26:29 p22028 收到队长联动 → 传送+申请归队
09-09 20:26:29 p19284 tp 连续消失 3 次 → 杀游戏重启闭环
09-09 20:26:29 [sat] p22028: 异图(江南野外≠队长大唐官府) 就地传送
09-09 20:26:30 p19284 旧游戏进程卡死，已强制结束
09-09 20:26:31 p19284 已重启为新进程 PID=22292，等待登录界面…
09-09 20:26:33 p22292 检测到登录界面，开始播种…
09-09 20:26:34 p18932 tp 连续消失 3 次 → 杀游戏重启闭环
09-09 20:26:34 p18932 旧游戏进程卡死，已强制结束
09-09 20:26:35 p18932 已重启为新进程 PID=15084，等待登录界面…
09-09 20:26:35 [sat] p21088: 已点队长身体 (538,240)（第1次申请）
09-09 20:26:37 p15084 检测到登录界面，开始播种…
09-09 20:26:39 p22292 播种成功 ✓
09-09 20:26:39 p22292 重放 member#4 登录点击 4 步…
09-09 20:26:39 p19284 → 新 PID=22292 播种/登录流程接管完成
09-09 20:26:41 [sat] p22028: 已点队长身体 (538,240)（第1次申请）
09-09 20:26:43 p15084 播种成功 ✓
09-09 20:26:43 p15084 重放 member#1 登录点击 4 步…
09-09 20:26:43 p18932 → 新 PID=15084 播种/登录流程接管完成
09-09 20:26:44 [sat] 当前成员数: 2（目标 5）
09-09 20:26:47 p22292 登录点击重放完毕，等待进入场景…
09-09 20:26:48 [sat] p21088: 已点队长身体 (538,240)（第2次申请）
09-09 20:26:49 [sat] 当前成员数: 3（目标 5）
09-09 20:26:49 p21284 任务脚本已死 → 自动补拉
09-09 20:26:49 [任务闸] 队长任务暂不启动：未到齐：p15084 p15084（掉线/未登录）、p22028 p22028（掉线/未登录）、p21088 p21088（掉线/未登录）、p22292 p22292（掉线/未登录）（队伍 3/5）——请先完成组队或确认队友在线
09-09 20:26:50 p22292 检测到已登录 ✓
09-09 20:26:50 p22292 重登待命：等队长联动信号（队长p21284 未就位/未建队则不动）
09-09 20:26:50 p22292 收到队长联动 → 传送+申请归队
09-09 20:26:51 [sat] p22292: 异图(江南野外≠队长大唐官府) 就地传送
09-09 20:26:52 p15084 登录点击重放完毕，等待进入场景…
09-09 20:26:54 [sat] p22028: 已点队长身体 (538,240)（第2次申请）
09-09 20:26:54 p15084 检测到已登录 ✓
09-09 20:26:54 p15084 重登待命：等队长联动信号（队长p21284 未就位/未建队则不动）
09-09 20:26:54 p15084 收到队长联动 → 传送+申请归队
09-09 20:26:54 [sat] p15084: 异图(江南野外≠队长大唐官府) 就地传送
09-09 20:27:01 [sat] p21088: 已点队长身体 (538,240)（第3次申请）
09-09 20:27:02 [sat] p22292: 已点队长身体 (538,240)（第1次申请）
09-09 20:27:05 [sat] p15084: 已点队长身体 (538,240)（第1次申请）
09-09 20:27:06 [sat] p22028: 已点队长身体 (538,240)（第3次申请）
09-09 20:27:07 [sat] p21088: 申请轮次结束（是否入队由队长批准裁决）
09-09 20:27:09 p21088 已拉起任务脚本（队员·这是猛男 gw=file://pzxy_p21088）
09-09 20:27:12 [sat] p22028: 申请轮次结束（是否入队由队长批准裁决）
09-09 20:27:14 [sat] p22292: 已点队长身体 (538,240)（第2次申请）
09-09 20:27:15 p22028 已拉起任务脚本（队员·这是帅哥 gw=file://pzxy_p22028）
09-09 20:27:15 [sat] 当前成员数: 4（目标 5）
09-09 20:27:17 [sat] p15084: 已点队长身体 (538,240)（第2次申请）
09-09 20:27:20 [sat] 当前成员数: 5（目标 5）
09-09 20:27:20 [看门狗] 补组批准结束: 5/5
09-09 20:27:22 [看门狗] 心跳: 5/5
09-09 20:27:22 [看门狗] 队伍满员 5/5，恢复抓鬼
09-09 20:27:22 p22028 任务脚本已在跑，跳过
09-09 20:27:22 p21088 任务脚本已在跑，跳过
09-09 20:27:23 [任务闸] 队长任务暂不启动：未到齐：p15084 p15084（掉线/未登录）、p22292 p22292（掉线/未登录）（队伍 5/5）——请先完成组队或确认队友在线
09-09 20:27:26 [sat] p22292: 已点队长身体 (538,240)（第3次申请）
09-09 20:27:27 [sat] 阵法验证: 天覆阵/4
09-09 20:27:27 p22028 任务脚本已在跑，跳过
09-09 20:27:28 p21088 任务脚本已在跑，跳过
09-09 20:27:28 [sat] p15084: 已点队长身体 (538,240)（第3次申请）
09-09 20:27:28 [任务闸] 队长任务暂不启动：未到齐：p15084 p15084（掉线/未登录）、p22292 p22292（掉线/未登录）（队伍 5/5）——请先完成组队或确认队友在线
09-09 20:27:28 [看门狗] 满员，抓鬼已恢复 ✓
09-09 20:27:34 [sat] p22292: 申请轮次结束（是否入队由队长批准裁决）
09-09 20:27:36 [sat] p15084: 申请轮次结束（是否入队由队长批准裁决）
09-09 20:27:36 p22292 已拉起任务脚本（队员·一号美人 gw=file://pzxy_p22292）
09-09 20:27:38 p15084 已拉起任务脚本（队员·三号美人 gw=file://pzxy_p15084）
09-09 20:27:54 p21284 任务脚本已死 → 自动补拉
09-09 20:27:55 p21284 已拉起任务脚本（队长·二号美人 gw=file://pzxy_p21284）
09-09 20:31:38 [看门狗] 心跳: 5/5
09-09 20:35:56 [看门狗] 心跳: 5/5
09-09 20:37:13 squad_auto_team 日志已桥接到 GUI（组队内部步骤可见）
09-09 20:37:16 已启动队员进程 PID=2604，等待登录界面窗口…
09-09 20:37:17 已启动队员进程 PID=7400，等待登录界面窗口…
09-09 20:37:17 p2604 检测到登录界面，开始播种…
09-09 20:37:18 已启动队员进程 PID=4972，等待登录界面窗口…
09-09 20:37:18 已启动队员进程 PID=22372，等待登录界面窗口…
09-09 20:37:19 p4972 检测到登录界面，开始播种…
09-09 20:37:19 已启动队长进程 PID=20656，等待登录界面窗口…
09-09 20:37:19 p7400 检测到登录界面，开始播种…
09-09 20:37:20 p22372 检测到登录界面，开始播种…
09-09 20:37:21 p20656 检测到登录界面，开始播种…
09-09 20:37:28 p2604 播种成功 ✓
09-09 20:37:28 p2604 重放 member#1 登录点击 4 步…
09-09 20:37:28 p4972 播种成功 ✓
09-09 20:37:28 p4972 重放 member#3 登录点击 4 步…
09-09 20:37:28 p20656 播种成功 ✓
09-09 20:37:28 p20656 重放 leader#1 登录点击 4 步…
09-09 20:37:29 p7400 播种成功 ✓
09-09 20:37:29 p7400 重放 member#2 登录点击 4 步…
09-09 20:37:30 p22372 播种成功 ✓
09-09 20:37:30 p22372 重放 member#4 登录点击 4 步…
09-09 20:37:35 p20656 登录点击重放完毕，等待进入场景…
09-09 20:37:35 p20656 检测到已登录 ✓
09-09 20:37:36 p4972 登录点击重放完毕，等待进入场景…
09-09 20:37:37 p7400 登录点击重放完毕，等待进入场景…
09-09 20:37:37 p2604 登录点击重放完毕，等待进入场景…
09-09 20:37:37 p4972 检测到已登录 ✓
09-09 20:37:38 p22372 登录点击重放完毕，等待进入场景…
09-09 20:37:39 p2604 检测到已登录 ✓
09-09 20:37:39 p7400 检测到已登录 ✓
09-09 20:37:39 p22372 检测到已登录 ✓
09-09 20:37:43 [autoTeam] Lua 队伍读数 4/5 未满员 → 走组队流程
09-09 20:37:43 [autoTeam] 阶段1: 队长先行 传送+走位[139,80]
09-09 20:37:43 [sat] 队长准备: 传送 大唐官府 + 走位 [139,80]
09-09 20:37:44 [内存] 已修剪 5 个游戏进程：2.3GB → 55.6MB（释放 2.2GB）
09-09 20:37:52 [sat] 队长当前位置: (2640.0, 1660.0)（第1次传送后）
09-09 20:37:52 [sat] 走位点击 (540,240)（偏差 140,-60）——途中不点组队图标
09-09 20:37:57 [sat] 队长已就位: (2777.6603556652, 1601.0027047149)（目标 (2780.0, 1600.0)，±3 格容差）
09-09 20:37:57 [autoTeam] 阶段2: 建队
09-09 20:37:59 [sat] 建队第1次 脚底屏幕位 (418,292) → 身体点上移 50
09-09 20:38:02 [sat] 建队第1次 顶栏stats（应为 1）: ((4, 0, '二号美人'),)
09-09 20:38:03 [sat] 联动信号已发布: 队长 p20656 就位 (2778, 1601)（队员凭此行动）
09-09 20:38:03 [autoTeam] 阶段3: 4 名队员并行传送+申请入队
09-09 20:38:05 [sat] p22372: 异图(傲来国≠队长大唐官府) 就地传送
09-09 20:38:17 [sat] p2604: 已点队长身体 (537,241)（第1次申请）
09-09 20:38:17 [sat] p22372: 已点队长身体 (537,241)（第1次申请）
09-09 20:38:18 [sat] p4972: 已点队长身体 (537,241)（第1次申请）
09-09 20:38:18 [sat] p7400: 已点队长身体 (537,241)（第1次申请）
09-09 20:38:28 [sat] p4972: 已点队长身体 (537,241)（第2次申请）
09-09 20:38:29 [sat] p7400: 已点队长身体 (537,241)（第2次申请）
09-09 20:38:29 [sat] p22372: 已点队长身体 (417,335)（第2次申请）
09-09 20:38:29 [sat] p2604: 已点队长身体 (537,241)（第2次申请）
09-09 20:38:36 [sat] p4972: 申请轮次结束（是否入队由队长批准裁决）
09-09 20:38:36 [sat] p7400: 申请轮次结束（是否入队由队长批准裁决）
09-09 20:38:37 [sat] p2604: 申请轮次结束（是否入队由队长批准裁决）
09-09 20:38:38 [sat] p22372: 申请轮次结束（是否入队由队长批准裁决）
09-09 20:38:38 [autoTeam] 阶段4: 队长批准申请
09-09 20:38:40 [sat] 当前成员数: 4（目标 5）
09-09 20:38:45 [sat] 当前成员数: 5（目标 5）
09-09 20:38:45 [autoTeam] 批准结束: 成员=5/目标=5
09-09 20:38:52 [sat] 阵法验证: 天覆阵/4
09-09 20:38:52 [autoTeam] 天覆阵完成 ✓
09-09 20:38:53 p2604 已拉起任务脚本（队员·三号美人 gw=file://pzxy_p2604）
09-09 20:38:53 p7400 已拉起任务脚本（队员·这是帅哥 gw=file://pzxy_p7400）
09-09 20:38:53 p4972 已拉起任务脚本（队员·这是猛男 gw=file://pzxy_p4972）
09-09 20:38:54 p22372 已拉起任务脚本（队员·一号美人 gw=file://pzxy_p22372）
09-09 20:38:54 p20656 已拉起任务脚本（队长·二号美人 gw=file://pzxy_p20656）
09-09 20:38:54 [autoTeam] 组队+任务脚本启动完成
09-09 20:38:54 [看门狗] 启动（目标 5 人，每 15s 判定）
09-09 20:38:54 已清理残留任务脚本（绑定死 PID 21088，系统 PID 20132）
09-09 20:38:54 已清理残留任务脚本（绑定死 PID 22028，系统 PID 3460）
09-09 20:38:54 已清理残留任务脚本（绑定死 PID 22292，系统 PID 5504）
09-09 20:38:55 已清理残留任务脚本（绑定死 PID 15084，系统 PID 20848）
09-09 20:38:55 已清理残留任务脚本（绑定死 PID 21284，系统 PID 21408）
09-09 20:39:21 [autoTeam] Lua 队伍读数 5/5 已满员 → 跳过组队，直接执行任务
09-09 20:39:22 p2604 任务脚本已在跑，跳过
09-09 20:39:22 p7400 任务脚本已在跑，跳过
09-09 20:39:22 p4972 任务脚本已在跑，跳过
09-09 20:39:22 p22372 任务脚本已在跑，跳过
09-09 20:39:24 p20656 任务脚本已在跑，跳过
09-09 20:39:24 [autoTeam] 组队+任务脚本启动完成
09-09 20:40:16 squad_auto_team 日志已桥接到 GUI（组队内部步骤可见）
09-09 20:40:19 已启动队员进程 PID=13308，等待登录界面窗口…
09-09 20:40:19 已启动队员进程 PID=12704，等待登录界面窗口…
09-09 20:40:19 已启动队员进程 PID=15892，等待登录界面窗口…
09-09 20:40:20 已启动队员进程 PID=19488，等待登录界面窗口…
09-09 20:40:20 p15892 检测到登录界面，开始播种…
09-09 20:40:21 p13308 检测到登录界面，开始播种…
09-09 20:40:21 p12704 检测到登录界面，开始播种…
09-09 20:40:21 已启动队长进程 PID=22396，等待登录界面窗口…
09-09 20:40:22 p19488 检测到登录界面，开始播种…
09-09 20:40:23 p22396 检测到登录界面，开始播种…
09-09 20:40:32 p15892 播种成功 ✓
09-09 20:40:32 p15892 重放 member#3 登录点击 4 步…
09-09 20:40:32 p13308 播种成功 ✓
09-09 20:40:32 p13308 重放 member#1 登录点击 4 步…
09-09 20:40:33 p12704 播种成功 ✓
09-09 20:40:33 p12704 重放 member#2 登录点击 4 步…
09-09 20:40:36 p19488 播种成功 ✓
09-09 20:40:36 p19488 重放 member#4 登录点击 4 步…
09-09 20:40:38 p22396 播种成功 ✓
09-09 20:40:38 p22396 重放 leader#1 登录点击 4 步…
09-09 20:40:40 p15892 登录点击重放完毕，等待进入场景…
09-09 20:40:41 p15892 检测到已登录 ✓
09-09 20:40:41 p12704 登录点击重放完毕，等待进入场景…
09-09 20:40:41 p13308 登录点击重放完毕，等待进入场景…
09-09 20:40:43 p13308 检测到已登录 ✓
09-09 20:40:43 p12704 检测到已登录 ✓
09-09 20:40:44 p19488 登录点击重放完毕，等待进入场景…
09-09 20:40:44 p22396 登录点击重放完毕，等待进入场景…
09-09 20:40:45 p19488 检测到已登录 ✓
09-09 20:40:47 [内存] 已修剪 5 个游戏进程：1.6GB → 45.3MB（释放 1.5GB）
09-09 20:40:47 p22396 检测到已登录 ✓
09-09 20:40:50 [autoTeam] Lua 队伍读数 0/5 未满员 → 走组队流程
09-09 20:40:50 [autoTeam] 阶段1: 队长先行 传送+走位[139,80]
09-09 20:40:50 [sat] 队长准备: 传送 大唐官府 + 走位 [139,80]
09-09 20:41:00 [sat] 队长当前位置: (2640.0, 1660.0)（第1次传送后）
09-09 20:41:00 [sat] 走位点击 (540,240)（偏差 140,-60）——途中不点组队图标
09-09 20:41:05 [sat] 队长已就位: (2778.7541384302, 1600.5339406728)（目标 (2780.0, 1600.0)，±3 格容差）
09-09 20:41:05 [autoTeam] 阶段2: 建队
09-09 20:41:06 [sat] 建队第1次 脚底屏幕位 (418,292) → 身体点上移 50
09-09 20:41:10 [sat] 建队第1次 顶栏stats（应为 1）: ((1, 0, '二号美人'),)
09-09 20:41:10 [sat] 联动信号已发布: 队长 p22396 就位 (2779, 1601)（队员凭此行动）
09-09 20:41:10 [autoTeam] 阶段3: 4 名队员并行传送+申请入队
09-09 20:41:23 [sat] p13308: 已点队长身体 (538,240)（第1次申请）
09-09 20:41:23 [sat] p12704: 已点队长身体 (538,240)（第1次申请）
09-09 20:41:23 [sat] p19488: 已点队长身体 (538,240)（第1次申请）
09-09 20:41:24 [sat] p15892: 已点队长身体 (538,240)（第1次申请）
09-09 20:41:34 [sat] p13308: 已点队长身体 (538,240)（第2次申请）
09-09 20:41:34 [sat] p15892: 已点队长身体 (538,240)（第2次申请）
09-09 20:41:34 [sat] p12704: 已点队长身体 (538,240)（第2次申请）
09-09 20:41:36 [sat] p19488: 已点队长身体 (538,240)（第2次申请）
09-09 20:41:41 [sat] p15892: 申请轮次结束（是否入队由队长批准裁决）
09-09 20:41:41 [sat] p13308: 申请轮次结束（是否入队由队长批准裁决）
09-09 20:41:42 [sat] p12704: 申请轮次结束（是否入队由队长批准裁决）
09-09 20:41:43 [sat] p19488: 申请轮次结束（是否入队由队长批准裁决）
09-09 20:41:43 [autoTeam] 阶段4: 队长批准申请
09-09 20:41:45 [sat] 当前成员数: 1（目标 5）
09-09 20:41:50 [sat] 当前成员数: 2（目标 5）
09-09 20:41:55 [sat] 当前成员数: 3（目标 5）
09-09 20:41:59 [sat] 当前成员数: 4（目标 5）
09-09 20:42:04 [sat] 当前成员数: 5（目标 5）
09-09 20:42:04 [autoTeam] 批准结束: 成员=5/目标=5
09-09 20:42:11 [sat] 阵法验证: 天覆阵/4
09-09 20:42:11 [autoTeam] 天覆阵完成 ✓
09-09 20:42:12 p13308 已拉起任务脚本（队员·三号美人 gw=file://pzxy_p13308）
09-09 20:42:12 p12704 已拉起任务脚本（队员·这是帅哥 gw=file://pzxy_p12704）
09-09 20:42:12 p15892 已拉起任务脚本（队员·这是猛男 gw=file://pzxy_p15892）
09-09 20:42:12 p19488 已拉起任务脚本（队员·一号美人 gw=file://pzxy_p19488）
09-09 20:42:13 p22396 已拉起任务脚本（队长·二号美人 gw=file://pzxy_p22396）
09-09 20:42:13 [autoTeam] 组队+任务脚本启动完成
09-09 20:42:13 [看门狗] 启动（目标 5 人，每 15s 判定）
09-09 20:42:13 已清理残留任务脚本（绑定死 PID 2604，系统 PID 4172）
09-09 20:42:13 已清理残留任务脚本（绑定死 PID 7400，系统 PID 22224）
09-09 20:42:13 已清理残留任务脚本（绑定死 PID 4972，系统 PID 16796）
09-09 20:42:13 已清理残留任务脚本（绑定死 PID 22372，系统 PID 17488）
09-09 20:42:14 已清理残留任务脚本（绑定死 PID 20656，系统 PID 11100）
09-09 20:44:23 [看门狗] 心跳: 5/5
09-09 20:46:29 [看门狗] 心跳: 5/5
09-09 20:47:48 p12704 tp 状态消失（第1次，疑似服务器抹除）
09-09 20:47:51 p13308 tp 状态消失（第1次，疑似服务器抹除）
09-09 20:47:51 p22396 tp 状态消失（第1次，疑似服务器抹除）
09-09 20:47:53 p19488 tp 状态消失（第1次，疑似服务器抹除）
09-09 20:47:55 p15892 tp 状态消失（第1次，疑似服务器抹除）
09-09 20:48:06 p12704 tp 连续消失 3 次 → 杀游戏重启闭环
09-09 20:48:06 p12704 旧游戏进程卡死，已强制结束
09-09 20:48:07 p12704 已重启为新进程 PID=21536，等待登录界面…
09-09 20:48:08 p13308 tp 连续消失 3 次 → 杀游戏重启闭环
09-09 20:48:08 p21536 检测到登录界面，开始播种…
09-09 20:48:09 p13308 旧游戏进程卡死，已强制结束
09-09 20:48:10 p13308 已重启为新进程 PID=9152，等待登录界面…
09-09 20:48:10 p15892 tp 连续消失 3 次 → 杀游戏重启闭环
09-09 20:48:11 p9152 检测到登录界面，开始播种…
09-09 20:48:11 p15892 旧游戏进程卡死，已强制结束
09-09 20:48:12 p15892 已重启为新进程 PID=19568，等待登录界面…
09-09 20:48:13 p22396 tp 连续消失 3 次 → 杀游戏重启闭环
09-09 20:48:13 p22396 旧游戏进程卡死，已强制结束
09-09 20:48:14 p22396 已重启为新进程 PID=17560，等待登录界面…
09-09 20:48:14 p19568 检测到登录界面，开始播种…
09-09 20:48:15 p21536 播种成功 ✓
09-09 20:48:15 p12704 → 新 PID=21536 播种/登录流程接管完成
09-09 20:48:15 p21536 重放 member#2 登录点击 4 步…
09-09 20:48:16 p17560 检测到登录界面，开始播种…
09-09 20:48:17 p9152 播种成功 ✓
09-09 20:48:17 p9152 重放 member#1 登录点击 4 步…
09-09 20:48:17 p13308 → 新 PID=9152 播种/登录流程接管完成
09-09 20:48:21 p19568 播种成功 ✓
09-09 20:48:21 p19568 重放 member#3 登录点击 4 步…
09-09 20:48:21 p15892 → 新 PID=19568 播种/登录流程接管完成
09-09 20:48:21 p19488 tp 连续消失 3 次 → 杀游戏重启闭环
09-09 20:48:21 p19488 旧游戏进程卡死，已强制结束
09-09 20:48:22 p19488 已重启为新进程 PID=11164，等待登录界面…
09-09 20:48:22 [看门狗] 队长 PID 变更 22396 → 17560，跟随新通道
09-09 20:48:22 p17560 播种成功 ✓
09-09 20:48:22 p17560 重放 leader#1 登录点击 4 步…
09-09 20:48:22 p22396 → 新 PID=17560 播种/登录流程接管完成
09-09 20:48:23 p21536 登录点击重放完毕，等待进入场景…
09-09 20:48:24 p11164 检测到登录界面，开始播种…
09-09 20:48:25 p21536 检测到已登录 ✓
09-09 20:48:25 p21536 重登待命：等队长联动信号（队长未就位/未建队则不动）
09-09 20:48:25 p21536 收到队长联动 → 传送+申请归队
09-09 20:48:26 p9152 登录点击重放完毕，等待进入场景…
09-09 20:48:27 p9152 检测到已登录 ✓
09-09 20:48:27 p9152 重登待命：等队长联动信号（队长未就位/未建队则不动）
09-09 20:48:27 p9152 收到队长联动 → 传送+申请归队
09-09 20:48:28 p19568 登录点击重放完毕，等待进入场景…
09-09 20:48:29 p17560 登录点击重放完毕，等待进入场景…
09-09 20:48:31 p11164 播种成功 ✓
09-09 20:48:31 p11164 重放 member#4 登录点击 4 步…
09-09 20:48:31 p19488 → 新 PID=11164 播种/登录流程接管完成
09-09 20:48:31 [sat] p21536: tp/窗口不可用
09-09 20:48:31 p19568 检测到已登录 ✓
09-09 20:48:31 p19568 重登待命：等队长联动信号（队长未就位/未建队则不动）
09-09 20:48:31 p17560 检测到已登录 ✓
09-09 20:48:31 p19568 收到队长联动 → 传送+申请归队
09-09 20:48:31 [sat] 队长准备: 传送 大唐官府 + 走位 [139,80]
09-09 20:48:33 [sat] p9152: tp/窗口不可用
09-09 20:48:37 [sat] p19568: tp/窗口不可用
09-09 20:48:37 [sat] p21536: tp/窗口不可用
09-09 20:48:39 p11164 登录点击重放完毕，等待进入场景…
09-09 20:48:39 [sat] p9152: tp/窗口不可用
09-09 20:48:41 p11164 检测到已登录 ✓
09-09 20:48:41 p11164 重登待命：等队长联动信号（队长未就位/未建队则不动）
09-09 20:48:41 p11164 收到队长联动 → 传送+申请归队
09-09 20:48:42 [sat] 队长当前位置: None（第1次传送后）
09-09 20:48:42 [sat] 面板读不到，按传送统一落点 [132,83] 兜底走位
09-09 20:48:42 [sat] [fail] tp 不可用
09-09 20:48:42 [sat] [warn] 第1轮走位未到锚点（pos=None）→ 重传送再来
09-09 20:48:43 [sat] p19568: tp/窗口不可用
09-09 20:48:43 [sat] p21536: tp/窗口不可用
09-09 20:48:46 [sat] p9152: tp/窗口不可用
09-09 20:48:47 [sat] 队长当前位置: None（第2次传送后）
09-09 20:48:47 [sat] 面板读不到，按传送统一落点 [132,83] 兜底走位
09-09 20:48:47 [sat] [fail] tp 不可用
09-09 20:48:47 [sat] [warn] 第2轮走位未到锚点（pos=None）→ 重传送再来
09-09 20:48:47 [sat] [fail] 队长两轮走位均未到达 [139,80]——本轮禁止队员归队（防打乱坐标）
09-09 20:48:47 [sat] p11164: tp/窗口不可用
09-09 20:48:49 [sat] p19568: tp/窗口不可用
09-09 20:48:49 [sat] p21536: 申请轮次结束（是否入队由队长批准裁决）
09-09 20:48:49 [任务闸] 队长任务暂不启动：未到齐：p9152 p9152（掉线/未登录）、p21536 p21536（掉线/未登录）、p19568 p19568（掉线/未登录）、p11164 p11164（掉线/未登录）（队伍 ?/5）——请先完成组队或确认队友在线
09-09 20:48:51 p21536 已拉起任务脚本（队员·这是帅哥 gw=file://pzxy_p21536）
09-09 20:48:52 [sat] p9152: 申请轮次结束（是否入队由队长批准裁决）
09-09 20:48:53 p9152 tp 状态消失（第1次，疑似服务器抹除）
09-09 20:48:53 [sat] p11164: tp/窗口不可用
09-09 20:48:54 p9152 已拉起任务脚本（队员·三号美人 gw=file://pzxy_p9152）
09-09 20:48:55 [sat] p19568: 申请轮次结束（是否入队由队长批准裁决）
09-09 20:48:55 p21536 tp 状态消失（第1次，疑似服务器抹除）
09-09 20:48:57 p19568 已拉起任务脚本（队员·这是猛男 gw=file://pzxy_p19568）
09-09 20:49:00 p21536 tp 连续消失 3 次 → 杀游戏重启闭环
09-09 20:49:00 [sat] p11164: tp/窗口不可用
09-09 20:49:00 p21536 旧游戏进程卡死，已强制结束
09-09 20:49:01 p21536 已重启为新进程 PID=16116，等待登录界面…
09-09 20:49:02 p19568 tp 状态消失（第1次，疑似服务器抹除）
09-09 20:49:03 p16116 检测到登录界面，开始播种…
09-09 20:49:04 p17560 tp 状态消失（第1次，疑似服务器抹除）
09-09 20:49:06 [sat] p11164: 申请轮次结束（是否入队由队长批准裁决）
09-09 20:49:08 p11164 已拉起任务脚本（队员·一号美人 gw=file://pzxy_p11164）
09-09 20:49:09 p17560 tp 连续消失 3 次 → 杀游戏重启闭环
09-09 20:49:09 p17560 任务脚本已死 → 自动补拉
09-09 20:49:09 [任务闸] 队长任务暂不启动：无在线队长
09-09 20:49:09 p17560 旧游戏进程卡死，已强制结束
09-09 20:49:10 p16116 播种成功 ✓
09-09 20:49:10 p16116 重放 member#2 登录点击 4 步…
09-09 20:49:10 p21536 → 新 PID=16116 播种/登录流程接管完成
09-09 20:49:10 p17560 已重启为新进程 PID=17692，等待登录界面…
09-09 20:49:12 p17692 检测到登录界面，开始播种…
09-09 20:49:17 p11164 tp 状态消失（第1次，疑似服务器抹除）
09-09 20:49:18 p16116 登录点击重放完毕，等待进入场景…
09-09 20:49:19 p17692 播种成功 ✓
09-09 20:49:19 p17692 重放 leader#1 登录点击 4 步…
09-09 20:49:19 p17560 → 新 PID=17692 播种/登录流程接管完成
09-09 20:49:19 p16116 检测到已登录 ✓
09-09 20:49:19 p16116 重登待命：等队长联动信号（队长未就位/未建队则不动）
09-09 20:49:19 p16116 收到队长联动 → 传送+申请归队
09-09 20:49:21 p9152 tp 连续消失 3 次 → 杀游戏重启闭环
09-09 20:49:22 p9152 旧游戏进程卡死，已强制结束
09-09 20:49:23 p9152 已重启为新进程 PID=9424，等待登录界面…
09-09 20:49:24 [看门狗] 队长 PID 变更 17560 → 17692，跟随新通道
09-09 20:49:25 [sat] p16116: tp/窗口不可用
09-09 20:49:25 p9424 检测到登录界面，开始播种…
09-09 20:49:25 p17692 登录点击重放完毕，等待进入场景…
09-09 20:49:28 p11164 tp 连续消失 3 次 → 杀游戏重启闭环
09-09 20:49:28 p17692 检测到已登录 ✓
09-09 20:49:28 [sat] 队长准备: 传送 大唐官府 + 走位 [139,80]
09-09 20:49:28 p11164 旧游戏进程卡死，已强制结束
09-09 20:49:29 p11164 已重启为新进程 PID=7280，等待登录界面…
09-09 20:49:31 [sat] p16116: tp/窗口不可用
09-09 20:49:31 p7280 检测到登录界面，开始播种…
09-09 20:49:31 p9424 播种成功 ✓
09-09 20:49:31 p9424 重放 member#1 登录点击 4 步…
09-09 20:49:31 p9152 → 新 PID=9424 播种/登录流程接管完成
09-09 20:49:36 p19568 tp 连续消失 3 次 → 杀游戏重启闭环
09-09 20:49:36 p19568 旧游戏进程卡死，已强制结束
09-09 20:49:37 [sat] p16116: tp/窗口不可用
09-09 20:49:37 p19568 已重启为新进程 PID=21448，等待登录界面…
09-09 20:49:38 p7280 播种成功 ✓
09-09 20:49:38 p7280 重放 member#4 登录点击 4 步…
09-09 20:49:38 p11164 → 新 PID=7280 播种/登录流程接管完成
09-09 20:49:38 p21448 检测到登录界面，开始播种…
09-09 20:49:39 [sat] 队长当前位置: None（第1次传送后）
09-09 20:49:39 [sat] 面板读不到，按传送统一落点 [132,83] 兜底走位
09-09 20:49:40 [sat] [fail] tp 不可用
09-09 20:49:40 [sat] [warn] 第1轮走位未到锚点（pos=None）→ 重传送再来
09-09 20:49:40 p9424 登录点击重放完毕，等待进入场景…
09-09 20:49:42 p9424 检测到已登录 ✓
09-09 20:49:42 p9424 重登待命：等队长联动信号（队长未就位/未建队则不动）
09-09 20:49:42 p9424 收到队长联动 → 传送+申请归队
09-09 20:49:43 [sat] p16116: 申请轮次结束（是否入队由队长批准裁决）
09-09 20:49:44 [sat] 队长当前位置: None（第2次传送后）
09-09 20:49:44 [sat] 面板读不到，按传送统一落点 [132,83] 兜底走位
09-09 20:49:44 [sat] [fail] tp 不可用
09-09 20:49:44 [sat] [warn] 第2轮走位未到锚点（pos=None）→ 重传送再来
09-09 20:49:44 [sat] [fail] 队长两轮走位均未到达 [139,80]——本轮禁止队员归队（防打乱坐标）
09-09 20:49:45 p21448 播种成功 ✓
09-09 20:49:45 p21448 重放 member#3 登录点击 4 步…
09-09 20:49:45 p19568 → 新 PID=21448 播种/登录流程接管完成
09-09 20:49:45 p16116 已拉起任务脚本（队员·这是帅哥 gw=file://pzxy_p16116）
09-09 20:49:46 p7280 登录点击重放完毕，等待进入场景…
09-09 20:49:47 [任务闸] 队长任务暂不启动：未到齐：p9424 p9424（掉线/未登录）、p21448 p21448（掉线/未登录）、p7280 p7280（掉线/未登录）（队伍 ?/5）——请先完成组队或确认队友在线
09-09 20:49:48 [sat] p9424: tp/窗口不可用
09-09 20:49:48 p16116 tp 状态消失（第1次，疑似服务器抹除）
09-09 20:49:48 p7280 检测到已登录 ✓
09-09 20:49:48 p7280 重登待命：等队长联动信号（队长p17692 未就位/未建队则不动）
09-09 20:49:48 p7280 收到队长联动 → 传送+申请归队
09-09 20:49:53 p21448 登录点击重放完毕，等待进入场景…
09-09 20:49:54 [sat] p9424: tp/窗口不可用
09-09 20:49:54 [sat] p7280: tp/窗口不可用
09-09 20:49:54 p21448 检测到已登录 ✓
09-09 20:49:54 p21448 重登待命：等队长联动信号（队长p17692 未就位/未建队则不动）
09-09 20:49:54 p21448 收到队长联动 → 传送+申请归队
09-09 20:49:57 p16116 tp 连续消失 3 次 → 杀游戏重启闭环
09-09 20:49:57 p16116 旧游戏进程卡死，已强制结束
09-09 20:49:58 p16116 已重启为新进程 PID=22508，等待登录界面…
09-09 20:50:00 p22508 检测到登录界面，开始播种…
09-09 20:50:00 [sat] p9424: tp/窗口不可用
09-09 20:50:01 [sat] p21448: tp/窗口不可用
09-09 20:50:01 [sat] p7280: tp/窗口不可用
09-09 20:50:03 p17692 tp 状态消失（第1次，疑似服务器抹除）
09-09 20:50:06 p22508 播种成功 ✓
09-09 20:50:06 p22508 重放 member#2 登录点击 4 步…
09-09 20:50:06 p16116 → 新 PID=22508 播种/登录流程接管完成
09-09 20:50:06 [sat] p9424: 申请轮次结束（是否入队由队长批准裁决）
09-09 20:50:07 [sat] p21448: tp/窗口不可用
09-09 20:50:08 [sat] p7280: tp/窗口不可用
09-09 20:50:09 p9424 已拉起任务脚本（队员·三号美人 gw=file://pzxy_p9424）
09-09 20:50:10 p17692 任务脚本已死 → 自动补拉
09-09 20:50:11 [任务闸] 队长任务暂不启动：未到齐：p22508 p22508（掉线/未登录）、p21448 p21448（掉线/未登录）、p7280 p7280（掉线/未登录）（队伍 ?/5）——请先完成组队或确认队友在线
09-09 20:50:13 p9424 tp 状态消失（第1次，疑似服务器抹除）
09-09 20:50:14 [sat] p21448: tp/窗口不可用
09-09 20:50:14 [sat] p7280: 申请轮次结束（是否入队由队长批准裁决）
09-09 20:50:14 p22508 登录点击重放完毕，等待进入场景…
09-09 20:50:16 p7280 已拉起任务脚本（队员·一号美人 gw=file://pzxy_p7280）
09-09 20:50:17 p22508 检测到已登录 ✓
09-09 20:50:17 p22508 重登待命：等队长联动信号（队长p17692 未就位/未建队则不动）
09-09 20:50:17 p22508 收到队长联动 → 传送+申请归队
09-09 20:50:20 [sat] p21448: 申请轮次结束（是否入队由队长批准裁决）
09-09 20:50:22 p21448 tp 状态消失（第1次，疑似服务器抹除）
09-09 20:50:22 p21448 已拉起任务脚本（队员·这是猛男 gw=file://pzxy_p21448）
09-09 20:50:24 [sat] p22508: tp/窗口不可用
09-09 20:50:26 p21448 tp 连续消失 3 次 → 杀游戏重启闭环
09-09 20:50:27 p21448 旧游戏进程卡死，已强制结束
09-09 20:50:28 p21448 已重启为新进程 PID=21972，等待登录界面…
09-09 20:50:28 p7280 tp 状态消失（第1次，疑似服务器抹除）
09-09 20:50:29 p21972 检测到登录界面，开始播种…
09-09 20:50:30 [sat] p22508: tp/窗口不可用
09-09 20:50:31 p17692 tp 连续消失 3 次 → 杀游戏重启闭环
09-09 20:50:31 p17692 旧游戏进程卡死，已强制结束
09-09 20:50:32 p17692 已重启为新进程 PID=22088，等待登录界面…
09-09 20:50:34 p22088 检测到登录界面，开始播种…
09-09 20:50:35 p21972 播种成功 ✓
09-09 20:50:35 p21448 → 新 PID=21972 播种/登录流程接管完成
09-09 20:50:35 p21972 重放 member#3 登录点击 4 步…
09-09 20:50:37 [sat] p22508: tp/窗口不可用
09-09 20:50:39 p7280 tp 连续消失 3 次 → 杀游戏重启闭环
09-09 20:50:40 p7280 旧游戏进程卡死，已强制结束
09-09 20:50:40 p22088 播种成功 ✓
09-09 20:50:40 p22088 重放 leader#1 登录点击 4 步…
09-09 20:50:40 p17692 → 新 PID=22088 播种/登录流程接管完成
09-09 20:50:41 p7280 已重启为新进程 PID=20368，等待登录界面…
09-09 20:50:42 p20368 检测到登录界面，开始播种…
09-09 20:50:42 [看门狗] 队长 PID 变更 17692 → 22088，跟随新通道
09-09 20:50:43 p21972 登录点击重放完毕，等待进入场景…
09-09 20:50:43 [sat] p22508: 申请轮次结束（是否入队由队长批准裁决）
09-09 20:50:45 p9424 tp 连续消失 3 次 → 杀游戏重启闭环
09-09 20:50:45 p21972 检测到已登录 ✓
09-09 20:50:45 p21972 重登待命：等队长联动信号（队长未就位/未建队则不动）
09-09 20:50:45 p21972 收到队长联动 → 传送+申请归队
09-09 20:50:45 p22508 已拉起任务脚本（队员·这是帅哥 gw=file://pzxy_p22508）
09-09 20:50:46 p9424 旧游戏进程卡死，已强制结束
09-09 20:50:47 p9424 已重启为新进程 PID=20792，等待登录界面…
09-09 20:50:47 p22088 登录点击重放完毕，等待进入场景…
09-09 20:50:48 p20792 检测到登录界面，开始播种…
09-09 20:50:48 p20368 播种成功 ✓
09-09 20:50:48 p20368 重放 member#4 登录点击 4 步…
09-09 20:50:48 p7280 → 新 PID=20368 播种/登录流程接管完成
09-09 20:50:49 p22088 检测到已登录 ✓
09-09 20:50:49 [sat] 队长准备: 传送 大唐官府 + 走位 [139,80]
09-09 20:50:52 p22508 tp 状态消失（第1次，疑似服务器抹除）
09-09 20:50:54 p20792 播种成功 ✓
09-09 20:50:54 p20792 重放 member#1 登录点击 4 步…
09-09 20:50:54 p9424 → 新 PID=20792 播种/登录流程接管完成
09-09 20:50:56 p20368 登录点击重放完毕，等待进入场景…
09-09 20:50:56 [sat] p21972: 已点队长身体 (538,240)（第1次申请）
09-09 20:50:58 p20368 检测到已登录 ✓
09-09 20:50:58 p20368 重登待命：等队长联动信号（队长未就位/未建队则不动）
09-09 20:50:58 p20368 收到队长联动 → 传送+申请归队
09-09 20:50:59 [sat] 队长当前位置: (2640.0, 1660.0)（第1次传送后）
09-09 20:50:59 [sat] 走位点击 (540,240)（偏差 140,-60）——途中不点组队图标
09-09 20:51:03 p20792 登录点击重放完毕，等待进入场景…
09-09 20:51:04 [sat] 队长已就位: (2778.1291205805, 1600.8018054655)（目标 (2780.0, 1600.0)，±3 格容差）
09-09 20:51:04 p20792 检测到已登录 ✓
09-09 20:51:04 p20792 重登待命：等队长联动信号（队长p22088 未就位/未建队则不动）
09-09 20:51:04 p20792 收到队长联动 → 传送+申请归队
09-09 20:51:05 [sat] p20792: 异图(江南野外≠队长大唐官府) 就地传送
09-09 20:51:06 [任务闸] 队长任务暂不启动：未到齐：p20792 p20792（掉线/未登录）、p21972 p21972（掉线/未登录）、p20368 p20368（掉线/未登录）、p22508 p22508（在线但未入队）（队伍 0/5）——请先完成组队或确认队友在线
09-09 20:51:06 p22508 tp 连续消失 3 次 → 杀游戏重启闭环
09-09 20:51:06 p22508 旧游戏进程卡死，已强制结束
09-09 20:51:07 p22508 已重启为新进程 PID=21896，等待登录界面…
09-09 20:51:08 [sat] p21972: 已点队长身体 (412,337)（第2次申请）
09-09 20:51:08 p21896 检测到登录界面，开始播种…
09-09 20:51:10 [sat] p20368: 已点队长身体 (538,240)（第1次申请）
09-09 20:51:12 p22088 任务脚本已死 → 自动补拉
09-09 20:51:12 [任务闸] 队长任务暂不启动：未到齐：p20792 p20792（掉线/未登录）、p21896 p21896（掉线/未登录）、p21972 p21972（掉线/未登录）、p20368 p20368（掉线/未登录）（队伍 0/5）——请先完成组队或确认队友在线
09-09 20:51:13 [看门狗] 检测到缺员 0/5 → 打断抓鬼，启动补组队
09-09 20:51:13 [sat] 队长准备: 传送 大唐官府 + 走位 [139,80]
09-09 20:51:13 [sat] 队长已在锚点附近 (2778.1291205805, 1600.8018054655)，跳过传送直接就位
09-09 20:51:14 [看门狗] 队伍已散（0 人）→ 重新建队
09-09 20:51:15 [sat] 建队第1次 脚底屏幕位 (417,292) → 身体点上移 50
09-09 20:51:15 p21896 播种成功 ✓
09-09 20:51:15 p21896 重放 member#2 登录点击 4 步…
09-09 20:51:15 p22508 → 新 PID=21896 播种/登录流程接管完成
09-09 20:51:16 [sat] p20792: 已点队长身体 (538,240)（第1次申请）
09-09 20:51:18 [sat] 建队第1次 顶栏stats（应为 1）: ((1, 0, '二号美人'),)
09-09 20:51:18 [sat] 联动信号已发布: 队长 p22088 就位 (2778, 1601)（队员凭此行动）
09-09 20:51:19 [sat] p21972: 已点队长身体 (412,337)（第3次申请）
09-09 20:51:20 [sat] p20368: 已点队长身体 (538,240)（第2次申请）
09-09 20:51:21 [sat] 当前成员数: 1（目标 5）
09-09 20:51:23 p21896 登录点击重放完毕，等待进入场景…
09-09 20:51:24 p21896 检测到已登录 ✓
09-09 20:51:24 p21896 重登待命：等队长联动信号（队长p22088 未就位/未建队则不动）
09-09 20:51:24 p21896 收到队长联动 → 传送+申请归队
09-09 20:51:25 [sat] p21896: 异图(江南野外≠队长大唐官府) 就地传送
09-09 20:51:25 [sat] 当前成员数: 2（目标 5）
09-09 20:51:27 [sat] p21972: 申请轮次结束（是否入队由队长批准裁决）
09-09 20:51:28 [sat] p20792: 已点队长身体 (538,240)（第2次申请）
09-09 20:51:29 p21972 已拉起任务脚本（队员·这是猛男 gw=file://pzxy_p21972）
09-09 20:51:30 [sat] 当前成员数: 3（目标 5）
09-09 20:51:31 [sat] p20368: 已点队长身体 (538,240)（第3次申请）
09-09 20:51:34 [sat] 当前成员数: 4（目标 5）
09-09 20:51:37 [sat] p21896: 已点队长身体 (538,240)（第1次申请）
09-09 20:51:38 [sat] p20368: 申请轮次结束（是否入队由队长批准裁决）
09-09 20:51:39 [sat] p20792: 已点队长身体 (538,240)（第3次申请）
09-09 20:51:40 p20368 已拉起任务脚本（队员·一号美人 gw=file://pzxy_p20368）
09-09 20:51:47 [sat] p20792: 申请轮次结束（是否入队由队长批准裁决）
09-09 20:51:49 [sat] p21896: 已点队长身体 (538,240)（第2次申请）
09-09 20:51:49 [sat] 当前成员数: 5（目标 5）
09-09 20:51:49 [看门狗] 补组批准结束: 5/5
09-09 20:51:49 p20792 已拉起任务脚本（队员·三号美人 gw=file://pzxy_p20792）
09-09 20:51:56 [sat] 阵法验证: 天覆阵/4
09-09 20:51:57 p20792 任务脚本已在跑，跳过
09-09 20:51:57 p21972 任务脚本已在跑，跳过
09-09 20:51:57 p20368 任务脚本已在跑，跳过
09-09 20:51:57 [任务闸] 队长任务暂不启动：未到齐：p21896 p21896（掉线/未登录）（队伍 5/5）——请先完成组队或确认队友在线
09-09 20:51:57 [看门狗] 满员，抓鬼已恢复 ✓
09-09 20:52:01 [sat] p21896: 已点队长身体 (538,240)（第3次申请）
09-09 20:52:07 [sat] p21896: 申请轮次结束（是否入队由队长批准裁决）
09-09 20:52:10 p21896 已拉起任务脚本（队员·这是帅哥 gw=file://pzxy_p21896）
09-09 20:52:16 p22088 任务脚本已死 → 自动补拉
09-09 20:52:17 p22088 已拉起任务脚本（队长·二号美人 gw=file://pzxy_p22088）
09-09 20:57:02 [看门狗] 心跳: 5/5
09-09 21:01:17 [看门狗] 心跳: 5/5
09-09 21:03:25 [看门狗] 心跳: 5/5
09-09 21:05:35 [看门狗] 心跳: 5/5
09-09 21:07:42 [看门狗] 心跳: 5/5
09-09 21:09:49 [看门狗] 心跳: 5/5
09-09 21:10:47 [内存] 已修剪 5 个游戏进程：3.0GB → 102.9MB（释放 2.9GB）
09-09 21:11:58 [看门狗] 心跳: 5/5
09-09 21:16:14 [看门狗] 心跳: 5/5
09-09 21:18:25 [看门狗] 心跳: 5/5
09-09 21:20:32 [看门狗] 心跳: 5/5
09-09 21:22:38 [看门狗] 心跳: 5/5
09-09 21:24:45 [看门狗] 心跳: 5/5
09-09 21:26:52 [看门狗] 心跳: 5/5
09-09 21:36:50 p22088 任务脚本已死 → 自动补拉
09-09 21:36:50 p22088 已拉起任务脚本（队长·二号美人 gw=file://pzxy_p22088）
09-09 21:37:24 [看门狗] 心跳: 5/5
09-09 21:39:34 [看门狗] 心跳: 5/5
09-09 21:40:48 [内存] 已修剪 5 个游戏进程：2.9GB → 235.9MB（释放 2.6GB）
09-09 21:41:44 [看门狗] 心跳: 5/5
09-09 21:48:13 [看门狗] 心跳: 5/5
09-09 21:52:30 [看门狗] 心跳: 5/5
09-09 21:53:02 p22088 任务脚本已死 → 自动补拉
09-09 21:53:02 p22088 已拉起任务脚本（队长·二号美人 gw=file://pzxy_p22088）
09-09 21:56:45 [看门狗] 心跳: 5/5
09-09 21:58:52 [看门狗] 心跳: 5/5
09-09 22:03:04 [看门狗] 心跳: 5/5
09-09 22:05:11 [看门狗] 心跳: 5/5
09-09 22:07:17 [看门狗] 心跳: 5/5
09-09 22:10:48 [内存] 已修剪 5 个游戏进程：3.2GB → 145.3MB（释放 3.1GB）
09-09 22:11:32 [看门狗] 心跳: 5/5
09-09 22:13:40 [看门狗] 心跳: 5/5
09-09 22:17:58 [看门狗] 心跳: 5/5
09-09 22:30:44 [看门狗] 心跳: 5/5
09-09 22:32:51 [看门狗] 心跳: 5/5
09-09 22:34:57 [看门狗] 心跳: 5/5
09-09 22:39:09 [看门狗] 心跳: 5/5
09-09 22:40:49 [内存] 已修剪 5 个游戏进程：3.0GB → 228.8MB（释放 2.8GB）
09-09 22:41:15 [看门狗] 心跳: 5/5
09-09 22:43:22 [看门狗] 心跳: 5/5
09-09 22:43:46 [暂停] 自动化冻结：停任务脚本，看门狗/掉线闭环挂起（可人工接管）
09-09 22:43:47 已打断 p20792 任务脚本（系统 PID 9792）
09-09 22:43:47 已打断 p21896 任务脚本（系统 PID 17236）
09-09 22:43:47 已打断 p21972 任务脚本（系统 PID 18312）
09-09 22:43:48 已打断 p20368 任务脚本（系统 PID 14316）
09-09 22:43:48 已打断 p22088 任务脚本（系统 PID 14928）
09-09 22:43:48 [暂停] 完成：任务脚本已全部停止
09-09 22:54:20 squad_auto_team 日志已桥接到 GUI（组队内部步骤可见）
09-09 22:54:27 已启动队员进程 PID=15680，等待登录界面窗口…
09-09 22:54:27 已启动队员进程 PID=15388，等待登录界面窗口…
09-09 22:54:28 已启动队员进程 PID=2256，等待登录界面窗口…
09-09 22:54:28 p15680 检测到登录界面，开始播种…
09-09 22:54:28 已启动队员进程 PID=21540，等待登录界面窗口…
09-09 22:54:29 p2256 检测到登录界面，开始播种…
09-09 22:54:29 已启动队长进程 PID=22056，等待登录界面窗口…
09-09 22:54:29 p15388 检测到登录界面，开始播种…
09-09 22:54:30 p22056 检测到登录界面，开始播种…
09-09 22:54:30 p21540 检测到登录界面，开始播种…
09-09 22:54:39 p15680 播种成功 ✓
09-09 22:54:39 p2256 播种成功 ✓
09-09 22:54:39 p15680 重放 member#1 登录点击 4 步…
09-09 22:54:39 p2256 重放 member#3 登录点击 4 步…
09-09 22:54:39 p22056 播种成功 ✓
09-09 22:54:39 p22056 重放 leader#1 登录点击 4 步…
09-09 22:54:39 p21540 播种成功 ✓
09-09 22:54:39 p21540 重放 member#4 登录点击 4 步…
09-09 22:54:40 [卫生] 清理旧 IPC 文件 114 个，日志轮转 0 个
09-09 22:54:43 p15388 播种成功 ✓
09-09 22:54:43 p15388 重放 member#2 登录点击 4 步…
09-09 22:54:45 p22056 登录点击重放完毕，等待进入场景…
09-09 22:54:46 p2256 登录点击重放完毕，等待进入场景…
09-09 22:54:47 p21540 登录点击重放完毕，等待进入场景…
09-09 22:54:47 p15680 登录点击重放完毕，等待进入场景…
09-09 22:54:48 p2256 检测到已登录 ✓
09-09 22:54:48 p21540 检测到已登录 ✓
09-09 22:54:48 p22056 检测到已登录 ✓
09-09 22:54:50 p15680 检测到系统弹窗(下线通知) → 已点确定/关闭
09-09 22:54:51 [内存] 已修剪 5 个游戏进程：1.5GB → 41.5MB（释放 1.5GB）
09-09 22:54:51 p15388 登录点击重放完毕，等待进入场景…
09-09 22:54:52 p15680 检测到已登录 ✓
09-09 22:54:52 p15388 检测到已登录 ✓
09-09 22:55:05 p15680 进程已死（状态=已登录）→ 重启闭环
09-09 22:55:06 p15680 已重启为新进程 PID=22144，等待登录界面…
09-09 22:55:08 p22144 检测到登录界面，开始播种…
09-09 22:55:16 p22144 播种成功 ✓
09-09 22:55:16 p22144 重放 member#1 登录点击 4 步…
09-09 22:55:16 p15680 → 新 PID=22144 播种/登录流程接管完成
09-09 22:55:25 p22144 登录点击重放完毕，等待进入场景…
09-09 22:55:26 p22144 检测到已登录 ✓
09-09 23:02:54 p22144 tp 状态消失（第1次，疑似服务器抹除）
09-09 23:02:54 p22056 tp 状态消失（第1次，疑似服务器抹除）
09-09 23:02:56 p21540 tp 状态消失（第1次，疑似服务器抹除）
09-09 23:02:59 p2256 tp 状态消失（第1次，疑似服务器抹除）
09-09 23:03:01 p15388 tp 状态消失（第1次，疑似服务器抹除）
09-09 23:03:12 p22144 tp 连续消失 3 次 → 杀游戏重启闭环
09-09 23:03:12 p22056 tp 连续消失 3 次 → 杀游戏重启闭环
09-09 23:03:12 p22144 旧游戏进程卡死，已强制结束
09-09 23:03:12 p22056 旧游戏进程卡死，已强制结束
09-09 23:03:13 p22144 已重启为新进程 PID=13264，等待登录界面…
09-09 23:03:13 p22056 已重启为新进程 PID=4476，等待登录界面…
09-09 23:03:15 p13264 检测到登录界面，开始播种…
09-09 23:03:15 p4476 检测到登录界面，开始播种…
09-09 23:03:16 p15388 tp 连续消失 3 次 → 杀游戏重启闭环
09-09 23:03:16 p15388 旧游戏进程卡死，已强制结束
09-09 23:03:17 p15388 已重启为新进程 PID=10372，等待登录界面…
09-09 23:03:18 p21540 tp 连续消失 3 次 → 杀游戏重启闭环
09-09 23:03:19 p21540 旧游戏进程卡死，已强制结束
09-09 23:03:19 p10372 检测到登录界面，开始播种…
09-09 23:03:20 p21540 已重启为新进程 PID=11372，等待登录界面…
09-09 23:03:22 p13264 播种成功 ✓
09-09 23:03:22 p13264 重放 member#1 登录点击 4 步…
09-09 23:03:22 p22144 → 新 PID=13264 播种/登录流程接管完成
09-09 23:03:22 p11372 检测到登录界面，开始播种…
09-09 23:03:22 p4476 播种成功 ✓
09-09 23:03:22 p4476 重放 leader#1 登录点击 4 步…
09-09 23:03:22 p22056 → 新 PID=4476 播种/登录流程接管完成
09-09 23:03:26 p10372 播种成功 ✓
09-09 23:03:26 p10372 重放 member#2 登录点击 4 步…
09-09 23:03:26 p15388 → 新 PID=10372 播种/登录流程接管完成
09-09 23:03:27 p2256 tp 连续消失 3 次 → 杀游戏重启闭环
09-09 23:03:27 p2256 旧游戏进程卡死，已强制结束
09-09 23:03:28 p2256 已重启为新进程 PID=19344，等待登录界面…
09-09 23:03:29 p11372 播种成功 ✓
09-09 23:03:29 p11372 重放 member#4 登录点击 4 步…
09-09 23:03:29 p21540 → 新 PID=11372 播种/登录流程接管完成
09-09 23:03:29 p4476 登录点击重放完毕，等待进入场景…
09-09 23:03:30 p19344 检测到登录界面，开始播种…
09-09 23:03:30 p13264 登录点击重放完毕，等待进入场景…
09-09 23:03:31 p13264 检测到已登录 ✓
09-09 23:03:31 p4476 检测到已登录 ✓
09-09 23:03:34 p10372 登录点击重放完毕，等待进入场景…
09-09 23:03:35 p10372 检测到已登录 ✓
09-09 23:03:35 p4476 tp 状态消失（第1次，疑似服务器抹除）
09-09 23:03:37 p19344 播种成功 ✓
09-09 23:03:37 p19344 重放 member#3 登录点击 4 步…
09-09 23:03:37 p2256 → 新 PID=19344 播种/登录流程接管完成
09-09 23:03:37 p11372 登录点击重放完毕，等待进入场景…
09-09 23:03:39 p13264 tp 状态消失（第1次，疑似服务器抹除）
09-09 23:03:39 p11372 检测到已登录 ✓
09-09 23:03:41 p10372 tp 状态消失（第1次，疑似服务器抹除）
09-09 23:03:44 p19344 登录点击重放完毕，等待进入场景…
09-09 23:03:46 p10372 tp 连续消失 3 次 → 杀游戏重启闭环
09-09 23:03:46 p10372 旧游戏进程卡死，已强制结束
09-09 23:03:47 p10372 已重启为新进程 PID=20416，等待登录界面…
09-09 23:03:48 p19344 检测到已登录 ✓
09-09 23:03:48 p11372 tp 状态消失（第1次，疑似服务器抹除）
09-09 23:03:49 p20416 检测到登录界面，开始播种…
09-09 23:03:52 p11372 tp 连续消失 3 次 → 杀游戏重启闭环
09-09 23:03:53 p11372 旧游戏进程卡死，已强制结束
09-09 23:03:54 p11372 已重启为新进程 PID=2388，等待登录界面…
09-09 23:03:55 p2388 检测到登录界面，开始播种…
09-09 23:03:55 p20416 播种成功 ✓
09-09 23:03:55 p20416 重放 member#2 登录点击 4 步…
09-09 23:03:55 p10372 → 新 PID=20416 播种/登录流程接管完成
09-09 23:04:01 p19344 tp 状态消失（第1次，疑似服务器抹除）
09-09 23:04:01 p2388 播种成功 ✓
09-09 23:04:01 p2388 重放 member#4 登录点击 4 步…
09-09 23:04:01 p11372 → 新 PID=2388 播种/登录流程接管完成
09-09 23:04:03 p4476 tp 连续消失 3 次 → 杀游戏重启闭环
09-09 23:04:03 p4476 旧游戏进程卡死，已强制结束
09-09 23:04:04 p20416 登录点击重放完毕，等待进入场景…
09-09 23:04:04 p4476 已重启为新进程 PID=22108，等待登录界面…
09-09 23:04:06 p22108 检测到登录界面，开始播种…
09-09 23:04:07 p20416 检测到已登录 ✓
09-09 23:04:09 p2388 登录点击重放完毕，等待进入场景…
09-09 23:04:11 p13264 tp 连续消失 3 次 → 杀游戏重启闭环
09-09 23:04:11 p2388 检测到已登录 ✓
09-09 23:04:11 p13264 旧游戏进程卡死，已强制结束
09-09 23:04:12 p13264 已重启为新进程 PID=2060，等待登录界面…
09-09 23:04:13 p19344 tp 连续消失 3 次 → 杀游戏重启闭环
09-09 23:04:13 p19344 旧游戏进程卡死，已强制结束
09-09 23:04:14 p22108 播种成功 ✓
09-09 23:04:14 p22108 重放 leader#1 登录点击 4 步…
09-09 23:04:14 p4476 → 新 PID=22108 播种/登录流程接管完成
09-09 23:04:14 p2060 检测到登录界面，开始播种…
09-09 23:04:14 p19344 已重启为新进程 PID=20704，等待登录界面…
09-09 23:04:15 p20704 检测到登录界面，开始播种…
09-10 00:10:21 squad_auto_team 日志已桥接到 GUI（组队内部步骤可见）
09-10 00:10:23 已启动队员进程 PID=2580，等待登录界面窗口…
09-10 00:10:23 已启动队员进程 PID=21044，等待登录界面窗口…
09-10 00:10:24 已启动队员进程 PID=21940，等待登录界面窗口…
09-10 00:10:24 p2580 检测到登录界面，开始播种…
09-10 00:10:24 已启动队员进程 PID=14696，等待登录界面窗口…
09-10 00:10:25 已启动队长进程 PID=22696，等待登录界面窗口…
09-10 00:10:25 p21940 检测到登录界面，开始播种…
09-10 00:10:25 p21044 检测到登录界面，开始播种…
09-10 00:10:26 p22696 检测到登录界面，开始播种…
09-10 00:10:26 p14696 检测到登录界面，开始播种…
09-10 00:10:35 p2580 播种成功 ✓
09-10 00:10:35 p2580 重放 member#1 登录点击 4 步…
09-10 00:10:37 p21940 播种成功 ✓
09-10 00:10:37 p21940 重放 member#3 登录点击 4 步…
09-10 00:10:37 p21044 播种成功 ✓
09-10 00:10:37 p21044 重放 member#2 登录点击 4 步…
09-10 00:10:39 p14696 播种成功 ✓
09-10 00:10:39 p14696 重放 member#4 登录点击 4 步…
09-10 00:10:39 p22696 播种成功 ✓
09-10 00:10:39 p22696 重放 leader#1 登录点击 4 步…
09-10 00:10:41 [卫生] 清理旧 IPC 文件 43 个，日志轮转 0 个
09-10 00:10:44 p2580 登录点击重放完毕，等待进入场景…
09-10 00:10:45 p21940 登录点击重放完毕，等待进入场景…
09-10 00:10:45 p21044 登录点击重放完毕，等待进入场景…
09-10 00:10:45 p2580 检测到已登录 ✓
09-10 00:10:46 p22696 登录点击重放完毕，等待进入场景…
09-10 00:10:47 p21044 检测到已登录 ✓
09-10 00:10:47 p21940 检测到已登录 ✓
09-10 00:10:47 p22696 检测到已登录 ✓
09-10 00:10:47 p14696 登录点击重放完毕，等待进入场景…
09-10 00:10:50 p14696 检测到已登录 ✓
09-10 00:10:51 [内存] 已修剪 5 个游戏进程：1.9GB → 55.4MB（释放 1.9GB）
09-10 00:10:53 [autoTeam] Lua 队伍读数 0/5 未满员 → 走组队流程
09-10 00:10:53 [autoTeam] 阶段1: 队长先行 传送+走位[139,80]
09-10 00:10:53 [sat] 队长准备: 传送 大唐官府 + 走位 [139,80]
09-10 00:11:03 [sat] 队长当前位置: (2640.0, 1660.0)（第1次传送后）
09-10 00:11:03 [sat] 走位点击 (540,240)（偏差 140,-60）——途中不点组队图标
09-10 00:11:08 [sat] 队长已就位: (2777.9728653177, 1600.8687720067)（目标 (2780.0, 1600.0)，±3 格容差）
09-10 00:11:08 [autoTeam] 阶段2: 建队
09-10 00:11:10 [sat] 建队第1次 脚底屏幕位 (417,292) → 身体点上移 50
09-10 00:11:13 [sat] 建队第1次 顶栏stats（应为 1）: ((1, 0, '二号美人'),)
09-10 00:11:13 [sat] 联动信号已发布: 队长 p22696 就位 (2778, 1601)（队员凭此行动）
09-10 00:11:13 [autoTeam] 阶段3: 4 名队员并行传送+申请入队
09-10 00:11:14 [sat] p2580: 异图(朱紫国≠队长大唐官府) 就地传送
09-10 00:11:14 [sat] p21940: 异图(朱紫国≠队长大唐官府) 就地传送
09-10 00:11:15 [sat] p14696: 异图(朱紫国≠队长大唐官府) 就地传送
09-10 00:11:15 [sat] p21044: 异图(朱紫国≠队长大唐官府) 就地传送
09-10 00:11:27 [sat] p21044: 已点队长身体 (537,240)（第1次申请）
09-10 00:11:27 [sat] p2580: 已点队长身体 (537,240)（第1次申请）
09-10 00:11:27 [sat] p21940: 已点队长身体 (537,240)（第1次申请）
09-10 00:11:27 [sat] p14696: 已点队长身体 (537,240)（第1次申请）
09-10 00:11:37 [sat] p2580: 已点队长身体 (537,240)（第2次申请）
09-10 00:11:37 [sat] p14696: 已点队长身体 (537,240)（第2次申请）
09-10 00:11:37 [sat] p21044: 已点队长身体 (537,240)（第2次申请）
09-10 00:11:38 [sat] p21940: 已点队长身体 (537,240)（第2次申请）
09-10 00:11:45 [sat] p14696: 申请轮次结束（已申请，等待队长批准）
09-10 00:11:45 [sat] p2580: 申请轮次结束（已申请，等待队长批准）
09-10 00:11:46 [sat] p21940: 申请轮次结束（已申请，等待队长批准）
09-10 00:11:46 [sat] p21044: 申请轮次结束（已申请，等待队长批准）
09-10 00:11:46 [autoTeam] 阶段4: 队长批准申请
09-10 00:11:48 [sat] 当前成员数: 1（目标 5）
09-10 00:11:53 [sat] 当前成员数: 2（目标 5）
09-10 00:11:58 [sat] 当前成员数: 3（目标 5）
09-10 00:12:02 [sat] 当前成员数: 4（目标 5）
09-10 00:12:07 [sat] 当前成员数: 5（目标 5）
09-10 00:12:07 [autoTeam] 批准结束: 成员=5/目标=5
09-10 00:12:15 [sat] 阵法验证: 天覆阵/4
09-10 00:12:15 [autoTeam] 天覆阵完成 ✓
09-10 00:12:15 p2580 已拉起任务脚本（队员·三号美人 gw=file://pzxy_p2580）
09-10 00:12:16 p21044 已拉起任务脚本（队员·这是帅哥 gw=file://pzxy_p21044）
09-10 00:12:16 p21940 已拉起任务脚本（队员·这是猛男 gw=file://pzxy_p21940）
09-10 00:12:16 p14696 已拉起任务脚本（队员·一号美人 gw=file://pzxy_p14696）
09-10 00:12:17 p22696 已拉起任务脚本（队长·二号美人 gw=file://pzxy_p22696）
09-10 00:12:17 [autoTeam] 组队+任务脚本启动完成
09-10 00:12:17 [看门狗] 启动（目标 5 人，每 15s 判定）
09-10 00:20:14 p21044 进程已死（状态=已登录）→ 重启闭环
09-10 00:20:15 p21044 已重启为新进程 PID=19324，等待登录界面…
09-10 00:20:16 p19324 检测到登录界面，开始播种…
09-10 00:20:21 [看门狗] 检测到缺员 4/5 → 打断抓鬼，启动补组队
09-10 00:20:21 已打断 p22696 任务脚本（系统 PID 22760）
09-10 00:20:21 [sat] 队长准备: 传送 大唐官府 + 走位 [139,80]
09-10 00:20:22 p19324 播种成功 ✓
09-10 00:20:22 p19324 重放 member#2 登录点击 4 步…
09-10 00:20:22 p21044 → 新 PID=19324 播种/登录流程接管完成
09-10 00:20:30 [sat] 队长当前位置: (2640.0, 1660.0)（第1次传送后）
09-10 00:20:30 p19324 登录点击重放完毕，等待进入场景…
09-10 00:20:30 [sat] 走位点击 (540,240)（偏差 140,-60）——途中不点组队图标
09-10 00:20:32 p19324 检测到已登录 ✓
09-10 00:20:32 p19324 重登待命：等队长联动信号（队长p22696 未就位/未建队则不动）
09-10 00:20:32 p19324 收到队长联动 → 传送+申请归队
09-10 00:20:32 [sat] p19324: 异图(长寿村≠队长大唐官府) 就地传送
09-10 00:20:35 [sat] 队长已就位: (2778.1291205805, 1600.8018054655)（目标 (2780.0, 1600.0)，±3 格容差）
09-10 00:20:35 [sat] 联动信号已发布: 队长 p22696 就位 (2778, 1601)（队员凭此行动）
09-10 00:20:44 [sat] p19324: 已点队长身体 (537,240)（第1次申请）
09-10 00:20:55 [sat] p19324: 已点队长身体 (537,240)（第2次申请）
09-10 00:21:07 [sat] p19324: 已点队长身体 (537,240)（第3次申请）
09-10 00:21:14 [sat] p19324: 申请轮次结束（已申请，等待队长批准）
09-10 00:40:51 squad_auto_team 日志已桥接到 GUI（组队内部步骤可见）
09-10 00:40:57 已启动队员进程 PID=24212，等待登录界面窗口…
09-10 00:40:57 已启动队员进程 PID=22332，等待登录界面窗口…
09-10 00:40:58 已启动队员进程 PID=16804，等待登录界面窗口…
09-10 00:40:58 p24212 检测到登录界面，开始播种…
09-10 00:40:58 已启动队员进程 PID=22860，等待登录界面窗口…
09-10 00:40:59 p16804 检测到登录界面，开始播种…
09-10 00:40:59 已启动队长进程 PID=23844，等待登录界面窗口…
09-10 00:40:59 p22332 检测到登录界面，开始播种…
09-10 00:41:00 p23844 检测到登录界面，开始播种…
09-10 00:41:00 p22860 检测到登录界面，开始播种…
09-10 00:41:06 p24212 播种成功 ✓
09-10 00:41:06 p24212 重放 member#1 登录点击 4 步…
09-10 00:41:07 p16804 播种成功 ✓
09-10 00:41:07 p16804 重放 member#3 登录点击 4 步…
09-10 00:41:07 p23844 播种成功 ✓
09-10 00:41:07 p23844 重放 leader#1 登录点击 4 步…
09-10 00:41:07 p22332 播种成功 ✓
09-10 00:41:07 p22332 重放 member#2 登录点击 4 步…
09-10 00:41:07 p22860 播种成功 ✓
09-10 00:41:07 p22860 重放 member#4 登录点击 4 步…
09-10 00:41:11 [卫生] 日志轮转失败（文件被占用？）: E:\DS\mhxy-gui-automation\logs\automation.log → [WinError 32] 另一个程序正在使用此文件，进程无法访问。: 'E:\\DS\\mhxy-gui-automation\\logs\\automation.log' -> 'E:\\DS\\mhxy-gui-automation\\logs\\automation.log.bak'
09-10 00:41:13 p23844 登录点击重放完毕，等待进入场景…
09-10 00:41:15 p16804 登录点击重放完毕，等待进入场景…
09-10 00:41:15 p24212 登录点击重放完毕，等待进入场景…
09-10 00:41:15 p22332 登录点击重放完毕，等待进入场景…
09-10 00:41:15 p22860 登录点击重放完毕，等待进入场景…
09-10 00:41:16 p23844 受管白名单弹窗(下线通知) 已确认消失
09-10 00:41:17 p24212 检测到已登录 ✓
09-10 00:41:17 p22332 检测到已登录 ✓
09-10 00:41:17 p16804 检测到已登录 ✓
09-10 00:41:17 p22860 检测到已登录 ✓
09-10 00:41:17 p23844 检测到已登录 ✓
09-10 00:41:21 [内存] 已修剪 5 个游戏进程：1.9GB → 53.9MB（释放 1.8GB）
09-10 00:41:37 [autoTeam] Lua 队伍读数 0/5 未满员 → 走组队流程
09-10 00:41:37 [autoTeam] 阶段1: 队长先行 传送+走位[139,80]
09-10 00:41:37 [sat] 队长准备: 传送 大唐官府 + 走位 [139,80]
09-10 00:41:47 [sat] 队长当前位置: (2640.0, 1660.0)（第1次传送后）
09-10 00:41:47 [sat] 走位点击 (540,240)（偏差 140,-60）——途中不点组队图标
09-10 00:41:52 [sat] 队长已就位: (2777.6603556652, 1601.0027047149)（目标 (2780.0, 1600.0)，±3 格容差）
09-10 00:41:52 [autoTeam] 阶段2: 建队
09-10 00:41:53 p23844 进程已死（状态=组队中）→ 重启闭环
09-10 00:41:53 [sat] 联动信号已撤销（队长掉线/重启，等有效新信号）
09-10 00:41:54 p23844 已重启为新进程 PID=5012，等待登录界面…
09-10 00:41:56 p5012 检测到登录界面，开始播种…
09-10 00:41:57 [sat] 建队第1次：读不到自身坐标，等 2s 重试
09-10 00:41:59 [sat] 建队第1次：读不到自身坐标，等 2s 重试
09-10 00:42:01 [sat] 建队第1次 屏幕位读不到，用中心兜底 (400,300)
09-10 00:42:01 [sat] 建队第1次 脚底屏幕位 (400,300) → 身体点上移 50
09-10 00:42:04 p5012 播种成功 ✓
09-10 00:42:04 p5012 重放 leader#1 登录点击 4 步…
09-10 00:42:04 p23844 → 新 PID=5012 播种/登录流程接管完成
09-10 00:42:05 [sat] 建队第1次 顶栏stats（应为 1）: (None,)
09-10 00:42:05 [sat] 建队第1次未生效，下一轮右键清旗后重试
09-10 00:42:05 [sat] 建队第2次：读不到自身坐标，等 2s 重试
09-10 00:42:07 [sat] 建队第2次：读不到自身坐标，等 2s 重试
09-10 00:42:11 [sat] 建队第2次 屏幕位读不到，用中心兜底 (400,300)
09-10 00:42:11 [sat] 建队第2次 脚底屏幕位 (400,300) → 身体点上移 50
09-10 00:42:11 p5012 登录点击重放完毕，等待进入场景…
09-10 00:42:13 p5012 检测到已登录 ✓
09-10 00:42:14 [sat] 建队第2次 顶栏stats（应为 1）: (None,)
09-10 00:42:14 [sat] 建队第2次未生效，下一轮右键清旗后重试
09-10 00:42:14 [sat] 建队第3次：读不到自身坐标，等 2s 重试
09-10 00:42:16 [sat] 建队第3次：读不到自身坐标，等 2s 重试
09-10 00:42:20 [sat] 建队第3次 屏幕位读不到，用中心兜底 (400,300)
09-10 00:42:20 [sat] 建队第3次 脚底屏幕位 (400,300) → 身体点上移 50
09-10 00:42:23 [sat] 建队第3次 顶栏stats（应为 1）: (None,)
09-10 00:42:23 [sat] 建队第3次未生效，下一轮右键清旗后重试
09-10 00:42:23 [autoTeam] 建队失败，重试一次
09-10 00:42:25 [sat] 建队第1次 脚底屏幕位 (400,300) → 身体点上移 50
09-10 00:42:29 [sat] 建队第1次 顶栏stats（应为 1）: ((1, 0, '二号美人'),)
09-10 00:42:29 [sat] 联动信号已发布: 队长 p5012 就位 (2778, 1601)（队员凭此行动）
09-10 00:42:29 [autoTeam] 阶段3: 4 名队员并行传送+申请入队
09-10 00:42:29 [sat] p22332: 异图(长安城≠队长大唐官府) 就地传送
09-10 00:42:30 [sat] p24212: 异图(长安城≠队长大唐官府) 就地传送
09-10 00:42:30 [sat] p22860: 异图(长安城≠队长大唐官府) 就地传送
09-10 00:42:30 [sat] p16804: 异图(长安城≠队长大唐官府) 就地传送
09-10 00:42:42 [sat] p22332: 已点队长身体 (537,241)（第1次申请）
09-10 00:42:42 [sat] p22860: 已点队长身体 (537,241)（第1次申请）
09-10 00:42:42 [sat] p24212: 已点队长身体 (537,241)（第1次申请）
09-10 00:42:43 [sat] p16804: 已点队长身体 (537,241)（第1次申请）
09-10 00:42:53 [sat] p24212: 已点队长身体 (537,241)（第2次申请）
09-10 00:42:53 [sat] p22332: 已点队长身体 (537,241)（第2次申请）
09-10 00:42:54 [sat] p22860: 已点队长身体 (537,241)（第2次申请）
09-10 00:42:55 [sat] p16804: 已点队长身体 (537,241)（第2次申请）
09-10 00:42:59 [sat] p22332: 申请轮次结束（已申请，等待队长批准）
09-10 00:43:01 [sat] p24212: 申请轮次结束（已申请，等待队长批准）
09-10 00:43:03 [sat] p22860: 申请轮次结束（已申请，等待队长批准）
09-10 00:43:03 [sat] p16804: 申请轮次结束（已申请，等待队长批准）
09-10 00:43:03 [autoTeam] 阶段4: 队长批准申请
09-10 00:43:06 [sat] 当前成员数: 1（目标 5）
09-10 00:43:10 [sat] 当前成员数: 2（目标 5）
09-10 00:43:15 [sat] 当前成员数: 3（目标 5）
09-10 00:43:20 [sat] 当前成员数: 4（目标 5）
09-10 00:43:24 [sat] 当前成员数: 5（目标 5）
09-10 00:43:24 [autoTeam] 批准结束: 成员=5/目标=5
09-10 00:43:32 [sat] 阵法验证: 天覆阵/4
09-10 00:43:32 [autoTeam] 天覆阵完成 ✓
09-10 00:43:32 p24212 已拉起任务脚本（队员·三号美人 gw=file://pzxy_p24212）
09-10 00:43:32 p22332 已拉起任务脚本（队员·这是帅哥 gw=file://pzxy_p22332）
09-10 00:43:33 p16804 已拉起任务脚本（队员·这是猛男 gw=file://pzxy_p16804）
09-10 00:43:33 p22860 已拉起任务脚本（队员·一号美人 gw=file://pzxy_p22860）
09-10 00:43:33 p5012 已拉起任务脚本（队长·二号美人 gw=file://pzxy_p5012）
09-10 00:43:33 [autoTeam] 组队+任务脚本启动完成
09-10 00:43:33 [看门狗] 启动（目标 5 人，每 15s 判定）
09-10 00:43:34 已清理残留任务脚本（绑定死 PID 2580，系统 PID 23176）
09-10 00:43:34 已清理残留任务脚本（绑定死 PID 21940，系统 PID 12368）
09-10 00:43:34 已清理残留任务脚本（绑定死 PID 14696，系统 PID 21924）
09-10 00:45:41 p16804 进程已死（状态=已登录）→ 重启闭环
09-10 00:45:42 p16804 已重启为新进程 PID=16312，等待登录界面…
09-10 00:45:43 p16312 检测到登录界面，开始播种…
09-10 00:45:49 p16312 播种成功 ✓
09-10 00:45:49 p16312 重放 member#3 登录点击 4 步…
09-10 00:45:49 p16804 → 新 PID=16312 播种/登录流程接管完成
09-10 00:45:57 p16312 登录点击重放完毕，等待进入场景…
09-10 00:45:58 p16312 检测到已登录 ✓
09-10 00:45:58 p16312 重登待命：等队长联动信号（队长p5012 未就位/未建队则不动）
09-10 00:45:58 p16312 收到队长联动 → 传送+申请归队
09-10 00:46:00 [看门狗] 检测到缺员 4/5 → 打断抓鬼，启动补组队
09-10 00:46:00 已打断 p5012 任务脚本（系统 PID 22728）
09-10 00:46:00 [sat] 队长准备: 传送 大唐官府 + 走位 [139,80]
09-10 00:46:09 [sat] 队长当前位置: (2640.0, 1660.0)（第1次传送后）
09-10 00:46:09 [sat] 走位点击 (540,240)（偏差 140,-60）——途中不点组队图标
09-10 00:46:11 [sat] p16312: 已点队长身体 (537,241)（第1次申请）
09-10 00:46:14 [sat] 队长已就位: (2776.8790834258, 1601.3375356747)（目标 (2780.0, 1600.0)，±3 格容差）
09-10 00:46:14 [sat] 联动信号已发布: 队长 p5012 就位 (2777, 1601)（队员凭此行动）
09-10 00:46:24 [sat] p16312: 已点队长身体 (537,241)（第2次申请）
09-10 00:46:34 [sat] p16312: 已点队长身体 (537,241)（第3次申请）
09-10 00:46:42 [sat] p16312: 申请轮次结束（已申请，等待队长批准）
09-10 00:48:15 [sat] p16312: 归队未确认（90s 内顶栏无队伍）
09-10 00:57:22 squad_auto_team 日志已桥接到 GUI（组队内部步骤可见）
09-10 00:57:24 已启动队员进程 PID=6404，等待登录界面窗口…
09-10 00:57:24 已启动队员进程 PID=22336，等待登录界面窗口…
09-10 00:57:25 已启动队员进程 PID=9464，等待登录界面窗口…
09-10 00:57:25 已启动队员进程 PID=3348，等待登录界面窗口…
09-10 00:57:26 已启动队长进程 PID=24020，等待登录界面窗口…
09-10 00:57:26 p9464 检测到登录界面，开始播种…
09-10 00:57:26 p6404 检测到登录界面，开始播种…
09-10 00:57:26 p22336 检测到登录界面，开始播种…
09-10 00:57:27 p3348 检测到登录界面，开始播种…
09-10 00:57:28 p24020 检测到登录界面，开始播种…
09-10 00:57:34 p3348 播种成功 ✓
09-10 00:57:34 p3348 重放 member#4 登录点击 4 步…
09-10 00:57:34 p9464 播种成功 ✓
09-10 00:57:34 p9464 重放 member#3 登录点击 4 步…
09-10 00:57:34 p22336 播种成功 ✓
09-10 00:57:34 p22336 重放 member#2 登录点击 4 步…
09-10 00:57:35 p6404 播种成功 ✓
09-10 00:57:35 p6404 重放 member#1 登录点击 4 步…
09-10 00:57:35 p24020 播种成功 ✓
09-10 00:57:35 p24020 重放 leader#1 登录点击 4 步…
09-10 00:57:41 p24020 登录点击重放完毕，等待进入场景…
09-10 00:57:42 p24020 检测到已登录 ✓
09-10 00:57:42 p9464 登录点击重放完毕，等待进入场景…
09-10 00:57:42 p3348 登录点击重放完毕，等待进入场景…
09-10 00:57:43 p22336 登录点击重放完毕，等待进入场景…
09-10 00:57:43 p6404 登录点击重放完毕，等待进入场景…
09-10 00:57:44 p6404 检测到已登录 ✓
09-10 00:57:44 p22336 检测到已登录 ✓
09-10 00:57:44 p9464 检测到已登录 ✓
09-10 00:57:44 p3348 检测到已登录 ✓
09-10 00:57:52 [内存] 已修剪 5 个游戏进程：1.5GB → 44.2MB（释放 1.5GB）
09-10 00:57:59 [autoTeam] Lua 队伍读数 0/5 未满员 → 走组队流程
09-10 00:57:59 [autoTeam] 阶段1: 队长先行 传送+走位[139,80]
09-10 00:57:59 [sat] 队长准备: 传送 大唐官府 + 走位 [139,80]
09-10 00:57:59 [sat] 队长已在锚点附近 (2776.0, 1601.0)，跳过传送直接就位
09-10 00:57:59 [autoTeam] 阶段2: 建队
09-10 00:58:01 [sat] 建队第1次 脚底屏幕位 (400,300) → 身体点上移 50
09-10 00:58:04 [sat] 建队第1次 顶栏stats（应为 1）: ((1, 0, '二号美人'),)
09-10 00:58:05 [sat] 联动信号已发布: 队长 p24020 就位 (2776, 1601)（队员凭此行动）
09-10 00:58:05 [autoTeam] 阶段3: 4 名队员并行传送+申请入队
09-10 00:58:18 [sat] p3348: 已点队长身体 (536,241)（第1次申请）
09-10 00:58:19 [sat] p22336: 已点队长身体 (536,241)（第1次申请）
09-10 00:58:19 [sat] p6404: 已点队长身体 (536,241)（第1次申请）
09-10 00:58:19 [sat] p9464: 已点队长身体 (536,241)（第1次申请）
09-10 00:58:29 [sat] p3348: 已点队长身体 (536,241)（第2次申请）
09-10 00:58:30 [sat] p9464: 已点队长身体 (536,241)（第2次申请）
09-10 00:58:30 [sat] p22336: 已点队长身体 (536,241)（第2次申请）
09-10 00:58:31 [sat] p6404: 已点队长身体 (536,241)（第2次申请）
09-10 00:58:36 [sat] p9464: 申请轮次结束（是否入队由队长批准裁决）
09-10 00:58:36 [sat] p3348: 申请轮次结束（是否入队由队长批准裁决）
09-10 00:58:37 [sat] p22336: 申请轮次结束（是否入队由队长批准裁决）
09-10 00:58:39 [sat] p6404: 申请轮次结束（是否入队由队长批准裁决）
09-10 00:58:39 [autoTeam] 阶段4: 队长批准申请
09-10 00:58:41 [sat] 当前成员数: 1（目标 5）
09-10 00:58:46 [sat] 当前成员数: 2（目标 5）
09-10 00:58:51 [sat] 当前成员数: 3（目标 5）
09-10 00:58:56 [sat] 当前成员数: 4（目标 5）
09-10 00:59:01 [sat] 当前成员数: 5（目标 5）
09-10 00:59:01 [autoTeam] 批准结束: 成员=5/目标=5
09-10 00:59:08 [sat] 阵法验证: 天覆阵/4
09-10 00:59:08 [autoTeam] 天覆阵完成 ✓
09-10 00:59:08 p6404 已拉起任务脚本（队员·三号美人 gw=file://pzxy_p6404）
09-10 00:59:08 p22336 已拉起任务脚本（队员·这是帅哥 gw=file://pzxy_p22336）
09-10 00:59:09 p9464 已拉起任务脚本（队员·这是猛男 gw=file://pzxy_p9464）
09-10 00:59:09 p3348 已拉起任务脚本（队员·一号美人 gw=file://pzxy_p3348）
09-10 00:59:09 p24020 已拉起任务脚本（队长·二号美人 gw=file://pzxy_p24020）
09-10 00:59:09 [autoTeam] 组队+任务脚本启动完成
09-10 00:59:09 [看门狗] 启动（目标 5 人，每 15s 判定）
09-10 00:59:10 已清理残留任务脚本（绑定死 PID 24212，系统 PID 24108）
09-10 00:59:10 已清理残留任务脚本（绑定死 PID 22332，系统 PID 4344）
09-10 00:59:10 已清理残留任务脚本（绑定死 PID 22860，系统 PID 20304）
09-10 01:00:19 p6404 进程已死（状态=已登录）→ 重启闭环
09-10 01:00:20 p6404 已重启为新进程 PID=23268，等待登录界面…
09-10 01:00:21 p23268 检测到登录界面，开始播种…
09-10 01:00:27 p23268 播种成功 ✓
09-10 01:00:27 p23268 重放 member#1 登录点击 4 步…
09-10 01:00:27 p6404 → 新 PID=23268 播种/登录流程接管完成
09-10 01:00:36 p23268 登录点击重放完毕，等待进入场景…
09-10 01:00:37 p23268 检测到已登录 ✓
09-10 01:00:37 p23268 重登待命：等队长联动信号（队长p24020 未就位/未建队则不动）
09-10 01:00:37 p23268 收到队长联动 → 传送+申请归队
09-10 01:00:44 [sat] p23268: 队长不在视野 (2776,-699) → 向其方向走 (740,60)
09-10 01:00:48 [sat] p23268: 队长不在视野 (2776,-699) → 向其方向走 (740,60)
09-10 01:00:53 [sat] p23268: 队长不在视野 (2776,-699) → 向其方向走 (740,60)
09-10 01:00:57 [sat] p23268: 申请轮次结束（是否入队由队长批准裁决）
09-10 01:00:59 p23268 已拉起任务脚本（队员·三号美人 gw=file://pzxy_p23268）
09-10 01:01:17 已清理残留任务脚本（绑定死 PID 9464，系统 PID 20084）
09-10 01:01:17 p9464 掉线判定: 窗口/标题异常 → 重启闭环
09-10 01:01:18 [看门狗] 心跳: 5/5
09-10 01:01:18 p9464 旧游戏进程卡死，已强制结束
09-10 01:01:19 p9464 已重启为新进程 PID=24436，等待登录界面…
09-10 01:01:20 p24436 检测到登录界面，开始播种…
09-10 01:01:26 p24436 播种失败：[3/4] worker 已种入: '' | [4/4] 网关进程 21224 已终止（frida 退出） | [fail] 心跳未出现，worker 未生效（3s 后重试）
09-10 01:01:36 p24436 播种成功(重试) ✓
09-10 01:01:36 p24436 重放 member#3 登录点击 4 步…
09-10 01:01:36 p9464 → 新 PID=24436 播种/登录流程接管完成
09-10 01:01:43 p24436 登录点击重放完毕，等待进入场景…
09-10 01:01:44 p24436 检测到已登录 ✓
09-10 01:01:44 p24436 重登待命：等队长联动信号（队长p24020 未就位/未建队则不动）
09-10 01:01:44 p24436 收到队长联动 → 传送+申请归队
09-10 01:01:50 [看门狗] 检测到缺员 4/5 → 打断抓鬼，启动补组队
09-10 01:01:50 已打断 p24020 任务脚本（系统 PID 20716）
09-10 01:01:50 [sat] 队长准备: 传送 大唐官府 + 走位 [139,80]
09-10 01:01:57 [sat] p24436: 已点队长身体 (536,241)（第1次申请）
09-10 01:01:59 [sat] 队长当前位置: (2640.0, 1660.0)（第1次传送后）
09-10 01:01:59 [sat] 走位点击 (540,240)（偏差 140,-60）——途中不点组队图标
09-10 01:02:02 组队/补组流程进行中，等本轮结束再暂停
09-10 01:02:04 [sat] 队长已就位: (2777.9728658997, 1600.8687717573)（目标 (2780.0, 1600.0)，±3 格容差）
09-10 01:02:04 [sat] 联动信号已发布: 队长 p24020 就位 (2778, 1601)（队员凭此行动）
09-10 01:02:04 [看门狗] 3 名在线队员并行申请归队
09-10 01:02:05 [sat] p3348: 已与队长同图(大唐官府)，直接申请
09-10 01:02:05 [sat] p23268: 已与队长同图(大唐官府)，直接申请
09-10 01:02:06 [sat] p22336: 已与队长同图(大唐官府)，直接申请
09-10 01:02:08 [sat] p24436: 已点队长身体 (415,339)（第2次申请）
09-10 01:02:10 [sat] p3348: 已点队长身体 (418,292)（第1次申请）
09-10 01:02:10 [sat] p23268: 已点队长身体 (537,240)（第1次申请）
09-10 01:02:11 [sat] p22336: 已点队长身体 (537,240)（第1次申请）
09-10 01:02:20 [sat] p24436: 已点队长身体 (415,339)（第3次申请）
09-10 01:02:21 [sat] p3348: 已点队长身体 (418,292)（第2次申请）
09-10 01:02:22 [sat] p22336: 已点队长身体 (537,240)（第2次申请）
09-10 01:02:22 [sat] p23268: 已点队长身体 (537,240)（第2次申请）
09-10 01:02:28 [sat] p24436: 申请轮次结束（是否入队由队长批准裁决）
09-10 01:02:31 p24436 已拉起任务脚本（队员·这是猛男 gw=file://pzxy_p24436）
09-10 01:02:32 [sat] p3348: 已点队长身体 (418,292)（第3次申请）
09-10 01:02:32 [sat] p22336: 已点队长身体 (537,240)（第3次申请）
09-10 01:02:33 [sat] p23268: 已点队长身体 (537,240)（第3次申请）
09-10 01:02:40 [sat] p3348: 申请轮次结束（是否入队由队长批准裁决）
09-10 01:02:40 [sat] p22336: 申请轮次结束（是否入队由队长批准裁决）
09-10 01:02:40 [sat] p23268: 申请轮次结束（是否入队由队长批准裁决）
09-10 01:02:43 [sat] 当前成员数: 4（目标 5）
09-10 01:02:48 [sat] 当前成员数: 5（目标 5）
09-10 01:02:48 [看门狗] 补组批准结束: 5/5
09-10 01:02:54 p24020 任务脚本已死 → 自动补拉
09-10 01:02:55 p24020 已拉起任务脚本（队长·二号美人 gw=file://pzxy_p24020）
09-10 01:02:55 [sat] 阵法验证: 天覆阵/4
09-10 01:02:55 p23268 任务脚本已在跑，跳过
09-10 01:02:56 p22336 任务脚本已在跑，跳过
09-10 01:02:56 p24436 任务脚本已在跑，跳过
09-10 01:02:56 p3348 任务脚本已在跑，跳过
09-10 01:02:57 p24020 任务脚本已在跑，跳过
09-10 01:02:57 [看门狗] 满员，抓鬼已恢复 ✓
09-10 01:03:26 [看门狗] 心跳: 5/5
09-10 01:05:32 p23268 进程已死（状态=已登录）→ 重启闭环
09-10 01:05:33 p23268 已重启为新进程 PID=18116，等待登录界面…
09-10 01:05:34 p18116 检测到登录界面，开始播种…
09-10 01:05:35 [看门狗] 心跳: 4/5
09-10 01:05:35 [看门狗] 检测到缺员 4/5 → 打断抓鬼，启动补组队
09-10 01:05:35 已打断 p24020 任务脚本（系统 PID 22212）
09-10 01:05:35 [sat] 队长准备: 传送 大唐官府 + 走位 [139,80]
09-10 01:05:41 p18116 播种成功 ✓
09-10 01:05:41 p23268 → 新 PID=18116 播种/登录流程接管完成
09-10 01:05:41 p18116 重放 member#1 登录点击 4 步…
09-10 01:05:44 [sat] 队长当前位置: (660.0, 560.0)（第1次传送后）
09-10 01:05:45 [sat] [warn] 目标不在视野，改点视野边缘 (770,570) 逼近
09-10 01:05:45 [sat] 走位点击 (770,570)（偏差 2120,1040）——途中不点组队图标
09-10 01:05:50 [sat] 走位点击 (540,240)（偏差 140,-60）——途中不点组队图标
09-10 01:05:50 p18116 登录点击重放完毕，等待进入场景…
09-10 01:05:53 p18116 检测到已登录 ✓
09-10 01:05:53 p18116 重登待命：等队长联动信号（队长p24020 未就位/未建队则不动）
09-10 01:05:53 p18116 收到队长联动 → 传送+申请归队
09-10 01:05:53 [sat] p18116: 异图(五庄观≠队长大唐官府) 就地传送
09-10 01:05:54 [sat] 队长已就位: (2777.9728661908, 1600.8687716325)（目标 (2780.0, 1600.0)，±3 格容差）
09-10 01:05:55 [sat] 联动信号已发布: 队长 p24020 就位 (2778, 1601)（队员凭此行动）
09-10 01:05:55 [看门狗] 3 名在线队员并行申请归队
09-10 01:05:55 [sat] p3348: 已与队长同图(大唐官府)，直接申请
09-10 01:05:56 [sat] p22336: 已与队长同图(大唐官府)，直接申请
09-10 01:05:56 [sat] p24436: 已与队长同图(大唐官府)，直接申请
09-10 01:05:59 [sat] p3348: 已点队长身体 (417,292)（第1次申请）
09-10 01:05:59 [sat] p22336: 已点队长身体 (537,240)（第1次申请）
09-10 01:06:00 [sat] p24436: 已点队长身体 (537,240)（第1次申请）
09-10 01:06:02 [sat] p18116: 队长不在视野 (2557,1440) → 向其方向走 (740,540)
09-10 01:06:06 p24020 任务脚本已死 → 自动补拉
09-10 01:06:07 [任务闸] 队长任务暂不启动：未到齐：p18116 p18116（掉线/未登录）、p22336 p22336（在线但未入队）（队伍 4/5）——请先完成组队或确认队友在线
09-10 01:06:07 [sat] p18116: 队长不在视野 (1517,700) → 向其方向走 (740,540)
09-10 01:06:10 [sat] p22336: 已点队长身体 (537,240)（第2次申请）
09-10 01:06:12 [sat] p18116: 队长不在视野 (1190,516) → 向其方向走 (740,516)
09-10 01:06:12 [sat] p24436: 已点队长身体 (537,240)（第2次申请）
09-10 01:06:12 [sat] p3348: 已点队长身体 (417,292)（第2次申请）
09-10 01:06:16 [sat] p18116: 申请轮次结束（是否入队由队长批准裁决）
09-10 01:06:18 p18116 已拉起任务脚本（队员·三号美人 gw=file://pzxy_p18116）
09-10 01:06:22 [sat] p22336: 已点队长身体 (537,240)（第3次申请）
09-10 01:06:25 [sat] p24436: 已点队长身体 (537,240)（第3次申请）
09-10 01:06:25 [sat] p3348: 已点队长身体 (417,292)（第3次申请）
09-10 01:06:30 [sat] p22336: 申请轮次结束（是否入队由队长批准裁决）
09-10 01:06:32 [sat] p24436: 申请轮次结束（是否入队由队长批准裁决）
09-10 01:06:34 [sat] p3348: 申请轮次结束（是否入队由队长批准裁决）
09-10 01:06:34 p18116 进程已死（状态=已登录）→ 重启闭环
09-10 01:06:35 p18116 已重启为新进程 PID=5364，等待登录界面…
09-10 01:06:36 p5364 检测到登录界面，开始播种…
09-10 01:06:36 [sat] 当前成员数: 4（目标 5）
09-10 01:06:42 p5364 播种成功 ✓
09-10 01:06:42 p5364 重放 member#1 登录点击 4 步…
09-10 01:06:42 p18116 → 新 PID=5364 播种/登录流程接管完成
09-10 01:06:51 p5364 登录点击重放完毕，等待进入场景…
09-10 01:06:52 p5364 检测到已登录 ✓
09-10 01:06:52 p5364 重登待命：等队长联动信号（队长p24020 未就位/未建队则不动）
09-10 01:06:52 p5364 收到队长联动 → 传送+申请归队
09-10 01:07:03 [sat] p5364: 已点队长身体 (537,240)（第1次申请）
09-10 01:07:10 p24020 任务脚本已死 → 自动补拉
09-10 01:07:10 [任务闸] 队长任务暂不启动：未到齐：p5364 p5364（掉线/未登录）（队伍 5/5）——请先完成组队或确认队友在线
09-10 01:07:11 [看门狗] 队伍满员 5/5，恢复抓鬼
09-10 01:07:12 p22336 任务脚本已在跑，跳过
09-10 01:07:12 p24436 任务脚本已在跑，跳过
09-10 01:07:12 p3348 任务脚本已在跑，跳过
09-10 01:07:12 [sat] 当前成员数: 5（目标 5）
09-10 01:07:12 [看门狗] 补组批准结束: 5/5
09-10 01:07:13 [任务闸] 队长任务暂不启动：未到齐：p5364 p5364（掉线/未登录）（队伍 5/5）——请先完成组队或确认队友在线
09-10 01:07:15 [sat] p5364: 已点队长身体 (537,240)（第2次申请）
09-10 01:07:19 [sat] 阵法验证: 天覆阵/4
09-10 01:07:19 p22336 任务脚本已在跑，跳过
09-10 01:07:20 p24436 任务脚本已在跑，跳过
09-10 01:07:20 p3348 任务脚本已在跑，跳过
09-10 01:07:20 [任务闸] 队长任务暂不启动：未到齐：p5364 p5364（掉线/未登录）（队伍 5/5）——请先完成组队或确认队友在线
09-10 01:07:20 [看门狗] 满员，抓鬼已恢复 ✓
09-10 01:07:26 [sat] p5364: 已点队长身体 (537,240)（第3次申请）
09-10 01:07:34 [sat] p5364: 申请轮次结束（是否入队由队长批准裁决）
09-10 01:07:36 p5364 已拉起任务脚本（队员·三号美人 gw=file://pzxy_p5364）
09-10 01:07:44 [看门狗] 心跳: 5/5
09-10 01:08:16 p24020 任务脚本已死 → 自动补拉
09-10 01:08:16 p24020 已拉起任务脚本（队长·二号美人 gw=file://pzxy_p24020）
09-10 01:09:05 squad_auto_team 日志已桥接到 GUI（组队内部步骤可见）
09-10 01:09:07 已启动队员进程 PID=22612，等待登录界面窗口…
09-10 01:09:08 已启动队员进程 PID=2632，等待登录界面窗口…
09-10 01:09:08 已启动队员进程 PID=20140，等待登录界面窗口…
09-10 01:09:09 已启动队员进程 PID=15756，等待登录界面窗口…
09-10 01:09:09 p2632 检测到登录界面，开始播种…
09-10 01:09:09 p22612 检测到登录界面，开始播种…
09-10 01:09:10 p15756 检测到登录界面，开始播种…
09-10 01:09:10 p20140 检测到登录界面，开始播种…
09-10 01:09:12 已启动队长进程 PID=23884，等待登录界面窗口…
09-10 01:09:14 p23884 检测到登录界面，开始播种…
09-10 01:09:16 p22612 播种成功 ✓
09-10 01:09:16 p22612 重放 member#1 登录点击 4 步…
09-10 01:09:16 p15756 播种成功 ✓
09-10 01:09:16 p15756 重放 member#4 登录点击 4 步…
09-10 01:09:16 p2632 播种成功 ✓
09-10 01:09:16 p2632 重放 member#2 登录点击 4 步…
09-10 01:09:17 p20140 播种成功 ✓
09-10 01:09:17 p20140 重放 member#3 登录点击 4 步…
09-10 01:09:20 p23884 播种成功 ✓
09-10 01:09:20 p23884 重放 leader#1 登录点击 4 步…
09-10 01:09:24 p15756 登录点击重放完毕，等待进入场景…
09-10 01:09:24 p2632 登录点击重放完毕，等待进入场景…
09-10 01:09:25 p20140 登录点击重放完毕，等待进入场景…
09-10 01:09:25 p2632 检测到已登录 ✓
09-10 01:09:25 p15756 检测到已登录 ✓
09-10 01:09:25 p22612 登录点击重放完毕，等待进入场景…
09-10 01:09:27 p23884 登录点击重放完毕，等待进入场景…
09-10 01:09:27 p22612 检测到已登录 ✓
09-10 01:09:29 [autoTeam] 无队长在线，队员原地待命（等队长联动），只拉任务
09-10 01:09:29 p23884 检测到已登录 ✓
09-10 01:09:29 [sat] 队长准备: 传送 大唐官府 + 走位 [139,80]
09-10 01:09:29 p22612 已拉起任务脚本（队员·三号美人 gw=file://pzxy_p22612）
09-10 01:09:29 p2632 已拉起任务脚本（队员·这是帅哥 gw=file://pzxy_p2632）
09-10 01:09:29 p15756 已拉起任务脚本（队员·一号美人 gw=file://pzxy_p15756）
09-10 01:09:29 [autoTeam] 组队+任务脚本启动完成
09-10 01:09:30 p24436 检测到系统弹窗(下线通知) → 已点确定/关闭
09-10 01:09:30 p20140 检测到系统弹窗(下线通知) → 已点确定/关闭
09-10 01:09:31 p20140 进程已死（状态=待登录）→ 重启闭环
09-10 01:09:31 p20140 已重启为新进程 PID=11768，等待登录界面…
09-10 01:09:33 p11768 检测到登录界面，开始播种…
09-10 01:09:35 [内存] 已修剪 5 个游戏进程：1.6GB → 41.0MB（释放 1.6GB）
09-10 01:09:38 [sat] 队长当前位置: (2640.0, 1660.0)（第1次传送后）
09-10 01:09:39 [sat] 走位点击 (540,240)（偏差 140,-60）——途中不点组队图标
09-10 01:09:40 p11768 播种成功 ✓
09-10 01:09:40 p11768 重放 member#3 登录点击 4 步…
09-10 01:09:40 p20140 → 新 PID=11768 播种/登录流程接管完成
09-10 01:09:43 [sat] 队长已就位: (2778.5978834584, 1600.6009070892)（目标 (2780.0, 1600.0)，±3 格容差）
09-10 01:09:46 [任务闸] 队长任务暂不启动：未到齐：p11768 p11768（掉线/未登录）、p22612 p22612（在线但未入队）、p2632 p2632（在线但未入队）、p15756 p15756（在线但未入队）（队伍 0/5）——请先完成组队或确认队友在线
09-10 01:09:48 p11768 登录点击重放完毕，等待进入场景…
09-10 01:09:50 p11768 检测到已登录 ✓
09-10 01:09:50 p11768 重登待命：等队长联动信号（队长p23884 未就位/未建队则不动）
09-10 01:09:58 [autoTeam] Lua 队伍读数 0/4 未满员 → 走组队流程
09-10 01:09:58 [autoTeam] 阶段1: 队长先行 传送+走位[139,80]
09-10 01:09:58 [sat] 队长准备: 传送 大唐官府 + 走位 [139,80]
09-10 01:09:58 [sat] 队长已在锚点附近 (2778.5978834584, 1600.6009070892)，跳过传送直接就位
09-10 01:09:58 [autoTeam] 阶段2: 建队
09-10 01:09:59 [sat] 建队第1次 脚底屏幕位 (418,292) → 身体点上移 50
09-10 01:10:03 [sat] 建队第1次 顶栏stats（应为 1）: ((1, 0, '二号美人'),)
09-10 01:10:03 [sat] 联动信号已发布: 队长 p23884 就位 (2779, 1601)（队员凭此行动）
09-10 01:10:03 [autoTeam] 阶段3: 3 名队员并行传送+申请入队
09-10 01:10:04 [sat] p22612: 异图(普陀山≠队长大唐官府) 就地传送
09-10 01:10:04 [sat] p15756: 异图(普陀山≠队长大唐官府) 就地传送
09-10 01:10:04 [sat] p2632: 异图(普陀山≠队长大唐官府) 就地传送
09-10 01:10:10 p11768 联动校验未过（队长掉线/重启中）→ 继续等，不传送
09-10 01:10:17 [sat] p22612: 已点队长身体 (538,240)（第1次申请）
09-10 01:10:17 [sat] p2632: 已点队长身体 (538,240)（第1次申请）
09-10 01:10:17 [sat] p15756: 已点队长身体 (538,240)（第1次申请）
09-10 01:10:28 [sat] p2632: 已点队长身体 (538,240)（第2次申请）
09-10 01:10:28 [sat] p15756: 已点队长身体 (538,240)（第2次申请）
09-10 01:10:28 [sat] p22612: 已点队长身体 (538,240)（第2次申请）
09-10 01:10:30 p11768 联动校验未过（队长掉线/重启中）→ 继续等，不传送
09-10 01:10:35 [sat] p22612: 申请轮次结束（是否入队由队长批准裁决）
09-10 01:10:36 [sat] p15756: 申请轮次结束（是否入队由队长批准裁决）
09-10 01:10:36 [sat] p2632: 申请轮次结束（是否入队由队长批准裁决）
09-10 01:10:36 [autoTeam] 阶段4: 队长批准申请
09-10 01:10:38 [sat] 当前成员数: 1（目标 4）
09-10 01:10:50 p11768 联动校验未过（队长掉线/重启中）→ 继续等，不传送
09-10 01:11:10 p11768 联动校验未过（队长掉线/重启中）→ 继续等，不传送
09-10 01:11:30 p11768 联动校验未过（队长掉线/重启中）→ 继续等，不传送
09-10 01:11:50 p11768 联动校验未过（队长掉线/重启中）→ 继续等，不传送
09-10 01:12:10 p11768 联动校验未过（队长掉线/重启中）→ 继续等，不传送
09-10 01:12:30 p11768 联动校验未过（队长掉线/重启中）→ 继续等，不传送
09-10 01:12:41 组队/补组流程进行中，等本轮结束再暂停
09-10 01:15:32 squad_auto_team 日志已桥接到 GUI（组队内部步骤可见）
09-10 01:15:34 已启动队员进程 PID=23612，等待登录界面窗口…
09-10 01:15:34 已启动队员进程 PID=5916，等待登录界面窗口…
09-10 01:15:35 已启动队员进程 PID=11684，等待登录界面窗口…
09-10 01:15:35 p23612 检测到登录界面，开始播种…
09-10 01:15:35 已启动队员进程 PID=14284，等待登录界面窗口…
09-10 01:15:36 p11684 检测到登录界面，开始播种…
09-10 01:15:36 已启动队长进程 PID=17036，等待登录界面窗口…
09-10 01:15:36 p5916 检测到登录界面，开始播种…
09-10 01:15:37 p17036 检测到登录界面，开始播种…
09-10 01:15:37 p14284 检测到登录界面，开始播种…
09-10 01:15:41 p23612 播种成功 ✓
09-10 01:15:41 p23612 重放 member#1 登录点击 4 步…
09-10 01:15:42 p11684 播种成功 ✓
09-10 01:15:42 p11684 重放 member#3 登录点击 4 步…
09-10 01:15:43 p5916 播种成功 ✓
09-10 01:15:43 p5916 重放 member#2 登录点击 4 步…
09-10 01:15:43 p17036 播种成功 ✓
09-10 01:15:43 p17036 重放 leader#1 登录点击 4 步…
09-10 01:15:44 p14284 播种成功 ✓
09-10 01:15:44 p14284 重放 member#4 登录点击 4 步…
09-10 01:15:50 p17036 登录点击重放完毕，等待进入场景…
09-10 01:15:50 p11684 登录点击重放完毕，等待进入场景…
09-10 01:15:50 p23612 登录点击重放完毕，等待进入场景…
09-10 01:15:51 p5916 登录点击重放完毕，等待进入场景…
09-10 01:15:52 p14284 登录点击重放完毕，等待进入场景…
09-10 01:15:52 p23612 检测到已登录 ✓
09-10 01:15:52 p5916 检测到已登录 ✓
09-10 01:15:52 p11684 检测到已登录 ✓
09-10 01:15:52 p17036 检测到已登录 ✓
09-10 01:15:54 p14284 检测到已登录 ✓
09-10 01:16:03 [内存] 已修剪 5 个游戏进程：1.5GB → 39.5MB（释放 1.5GB）
09-10 01:16:25 [autoTeam] Lua 队伍读数 0/5 未满员 → 走组队流程
09-10 01:16:25 [autoTeam] 阶段1: 队长先行 传送+走位[139,80]
09-10 01:16:25 [sat] 队长准备: 传送 大唐官府 + 走位 [139,80]
09-10 01:16:35 [sat] 队长当前位置: (2640.0, 1660.0)（第1次传送后）
09-10 01:16:35 [sat] 走位点击 (540,240)（偏差 140,-60）——途中不点组队图标
09-10 01:16:40 [sat] 队长已就位: (2777.9728650266, 1600.8687721315)（目标 (2780.0, 1600.0)，±3 格容差）
09-10 01:16:40 [autoTeam] 阶段2: 建队
09-10 01:16:42 [sat] 建队第1次 脚底屏幕位 (417,292) → 身体点上移 50
09-10 01:16:45 [sat] 建队第1次 顶栏stats（应为 1）: ((1, 0, '二号美人'),)
09-10 01:16:45 [sat] 联动信号已发布: 队长 p17036 就位 (2778, 1601)（队员凭此行动）
09-10 01:16:45 [autoTeam] 阶段3: 4 名队员并行传送+申请入队
09-10 01:16:46 [sat] p11684: 异图(普陀山≠队长大唐官府) 就地传送
09-10 01:16:59 [sat] p14284: 已点队长身体 (537,240)（第1次申请）
09-10 01:16:59 [sat] p5916: 已点队长身体 (537,240)（第1次申请）
09-10 01:16:59 [sat] p23612: 已点队长身体 (537,240)（第1次申请）
09-10 01:17:00 [sat] p11684: 已点队长身体 (537,240)（第1次申请）
09-10 01:17:09 [sat] p14284: 已点队长身体 (537,240)（第2次申请）
09-10 01:17:10 [sat] p5916: 已点队长身体 (537,240)（第2次申请）
09-10 01:17:12 [sat] p23612: 已点队长身体 (537,240)（第2次申请）
09-10 01:17:13 [sat] p11684: 已点队长身体 (537,240)（第2次申请）
09-10 01:17:16 [sat] p14284: 申请轮次结束（是否入队由队长批准裁决）
09-10 01:17:17 [sat] p5916: 申请轮次结束（是否入队由队长批准裁决）
09-10 01:17:21 [sat] p23612: 申请轮次结束（是否入队由队长批准裁决）
09-10 01:17:21 [sat] p11684: 申请轮次结束（是否入队由队长批准裁决）
09-10 01:17:21 [autoTeam] 阶段4: 队长批准申请
09-10 01:17:24 [sat] 当前成员数: 1（目标 5）
09-10 01:17:29 [sat] 当前成员数: 2（目标 5）
09-10 01:17:34 [sat] 当前成员数: 3（目标 5）
09-10 01:17:38 [sat] 当前成员数: 4（目标 5）
09-10 01:17:43 [sat] 当前成员数: 5（目标 5）
09-10 01:17:43 [autoTeam] 批准结束: 成员=5/目标=5
09-10 01:17:51 [sat] 阵法验证: 天覆阵/4
09-10 01:17:51 [autoTeam] 天覆阵完成 ✓
09-10 01:17:51 p23612 已拉起任务脚本（队员·三号美人 gw=file://pzxy_p23612）
09-10 01:17:52 p5916 已拉起任务脚本（队员·这是帅哥 gw=file://pzxy_p5916）
09-10 01:17:52 p11684 已拉起任务脚本（队员·这是猛男 gw=file://pzxy_p11684）
09-10 01:17:52 p14284 已拉起任务脚本（队员·一号美人 gw=file://pzxy_p14284）
09-10 01:17:53 p17036 已拉起任务脚本（队长·二号美人 gw=file://pzxy_p17036）
09-10 01:17:53 [autoTeam] 组队+任务脚本启动完成
09-10 01:17:53 [看门狗] 启动（目标 5 人，每 15s 判定）
09-10 01:17:53 已清理残留任务脚本（绑定死 PID 22336，系统 PID 22848）
09-10 01:17:53 已清理残留任务脚本（绑定死 PID 3348，系统 PID 2276）
09-10 01:17:53 已清理残留任务脚本（绑定死 PID 24436，系统 PID 6768）
09-10 01:17:53 已清理残留任务脚本（绑定死 PID 5364，系统 PID 19532）
09-10 01:17:53 已清理残留任务脚本（绑定死 PID 24020，系统 PID 22544）
09-10 01:17:53 已清理残留任务脚本（绑定死 PID 22612，系统 PID 20820）
09-10 01:17:53 已清理残留任务脚本（绑定死 PID 2632，系统 PID 7960）
09-10 01:17:54 已清理残留任务脚本（绑定死 PID 15756，系统 PID 22864）
09-10 01:18:35 p23612 掉线判定: 窗口/标题异常 → 重启闭环
09-10 01:18:35 p23612 旧游戏进程卡死，已强制结束
09-10 01:18:36 p23612 已重启为新进程 PID=23088，等待登录界面…
09-10 01:18:37 p23088 检测到登录界面，开始播种…
09-10 01:18:43 [看门狗] 检测到缺员 4/5 → 打断抓鬼，启动补组队
09-10 01:18:43 已打断 p17036 任务脚本（系统 PID 24436）
09-10 01:18:43 [sat] 队长准备: 传送 大唐官府 + 走位 [139,80]
09-10 01:18:43 p23088 播种成功 ✓
09-10 01:18:43 p23612 → 新 PID=23088 播种/登录流程接管完成
09-10 01:18:43 p23088 重放 member#1 登录点击 4 步…
09-10 01:18:52 p23088 登录点击重放完毕，等待进入场景…
09-10 01:18:52 [sat] 队长当前位置: (2640.0, 1660.0)（第1次传送后）
09-10 01:18:52 [sat] 走位点击 (540,240)（偏差 140,-60）——途中不点组队图标
09-10 01:18:55 p23088 检测到已登录 ✓
09-10 01:18:55 p23088 重登待命：等队长联动信号（队长p17036 未就位/未建队则不动）
09-10 01:18:55 p23088 收到队长联动 → 传送+申请归队
09-10 01:18:55 [sat] p23088: 异图(傲来国≠队长大唐官府) 就地传送
09-10 01:18:57 [sat] 队长已就位: (2778.1291199984, 1600.801805715)（目标 (2780.0, 1600.0)，±3 格容差）
09-10 01:18:58 [sat] 联动信号已发布: 队长 p17036 就位 (2778, 1601)（队员凭此行动）
09-10 01:18:58 [看门狗] 3 名在线队员并行申请归队
09-10 01:18:59 [sat] p11684: 已与队长同图(大唐官府)，直接申请
09-10 01:18:59 [sat] p14284: 已与队长同图(大唐官府)，直接申请
09-10 01:18:59 [sat] p5916: 已与队长同图(大唐官府)，直接申请
09-10 01:19:03 [sat] p11684: 已点队长身体 (538,240)（第1次申请）
09-10 01:19:03 [sat] p5916: 已点队长身体 (538,240)（第1次申请）
09-10 01:19:04 [sat] p14284: 已点队长身体 (417,292)（第1次申请）
09-10 01:19:06 [sat] p23088: 已点队长身体 (537,240)（第1次申请）
09-10 01:19:14 [sat] p5916: 已点队长身体 (538,240)（第2次申请）
09-10 01:19:14 [sat] p11684: 已点队长身体 (538,240)（第2次申请）
09-10 01:19:16 [sat] p14284: 已点队长身体 (417,292)（第2次申请）
09-10 01:19:17 [sat] p23088: 已点队长身体 (537,240)（第2次申请）
09-10 01:19:24 [sat] p11684: 已点队长身体 (538,240)（第3次申请）
09-10 01:19:26 [sat] p5916: 已点队长身体 (538,240)（第3次申请）
09-10 01:19:28 [sat] p23088: 已点队长身体 (537,240)（第3次申请）
09-10 01:19:29 [sat] p14284: 已点队长身体 (417,292)（第3次申请）
09-10 01:19:31 p17036 任务脚本已死 → 自动补拉
09-10 01:19:32 [任务闸] 队长任务暂不启动：未到齐：p23088 p23088（掉线/未登录）、p5916 p5916（在线但未入队）（队伍 4/5）——请先完成组队或确认队友在线
09-10 01:19:32 [sat] p11684: 申请轮次结束（是否入队由队长批准裁决）
09-10 01:19:34 [sat] p5916: 申请轮次结束（是否入队由队长批准裁决）
09-10 01:19:36 [sat] p14284: 申请轮次结束（是否入队由队长批准裁决）
09-10 01:19:37 [sat] p23088: 申请轮次结束（是否入队由队长批准裁决）
09-10 01:19:39 [sat] 当前成员数: 4（目标 5）
09-10 01:19:39 p23088 已拉起任务脚本（队员·三号美人 gw=file://pzxy_p23088）
09-10 01:19:44 [sat] 当前成员数: 5（目标 5）
09-10 01:19:44 [看门狗] 补组批准结束: 5/5
09-10 01:19:48 [看门狗] 队伍满员 5/5，恢复抓鬼
09-10 01:19:48 p23088 任务脚本已在跑，跳过
09-10 01:19:48 p5916 任务脚本已在跑，跳过
09-10 01:19:48 p11684 任务脚本已在跑，跳过
09-10 01:19:49 p14284 任务脚本已在跑，跳过
09-10 01:19:49 p17036 已拉起任务脚本（队长·二号美人 gw=file://pzxy_p17036）
09-10 01:19:51 [sat] 阵法验证: 天覆阵/4
09-10 01:19:51 p23088 任务脚本已在跑，跳过
09-10 01:19:52 p5916 任务脚本已在跑，跳过
09-10 01:19:52 p11684 任务脚本已在跑，跳过
09-10 01:19:52 p14284 任务脚本已在跑，跳过
09-10 01:19:53 p17036 任务脚本已在跑，跳过
09-10 01:19:53 [看门狗] 满员，抓鬼已恢复 ✓
09-10 01:20:07 [看门狗] 心跳: 5/5
09-10 01:21:54 p17036 进程已死（状态=已登录）→ 重启闭环
09-10 01:21:54 p17036 已重启为新进程 PID=23044，等待登录界面…
09-10 01:21:55 p23044 检测到登录界面，开始播种…
09-10 01:21:57 [看门狗] 队长 PID 变更 17036 → 23044，跟随新通道
09-10 01:22:01 p23044 播种成功 ✓
09-10 01:22:01 p23044 重放 leader#1 登录点击 4 步…
09-10 01:22:01 p17036 → 新 PID=23044 播种/登录流程接管完成
09-10 01:22:08 p23044 登录点击重放完毕，等待进入场景…
09-10 01:22:10 p23044 检测到已登录 ✓
09-10 01:22:10 [sat] 队长准备: 传送 大唐官府 + 走位 [139,80]
09-10 01:22:19 [sat] 队长当前位置: (2640.0, 1660.0)（第1次传送后）
09-10 01:22:19 [sat] 走位点击 (540,240)（偏差 140,-60）——途中不点组队图标
09-10 01:22:24 [sat] 队长已就位: (2777.816610928, 1600.9357381737)（目标 (2780.0, 1600.0)，±3 格容差）
09-10 01:22:26 [任务闸] 队长任务暂不启动：未到齐：p23088 p23088（在线但未入队）、p5916 p5916（在线但未入队）、p11684 p11684（在线但未入队）、p14284 p14284（在线但未入队）（队伍 0/5）——请先完成组队或确认队友在线
09-10 01:22:28 [看门狗] 检测到缺员 0/5 → 打断抓鬼，启动补组队
09-10 01:22:28 [sat] 队长准备: 传送 大唐官府 + 走位 [139,80]
09-10 01:22:28 [sat] 队长已在锚点附近 (2777.816610928, 1600.9357381737)，跳过传送直接就位
09-10 01:22:29 [看门狗] 队伍已散（0 人）→ 重新建队
09-10 01:22:30 [sat] 建队第1次 脚底屏幕位 (418,292) → 身体点上移 50
09-10 01:22:34 [sat] 建队第1次 顶栏stats（应为 1）: ((1, 0, '二号美人'),)
09-10 01:22:34 [sat] 联动信号已发布: 队长 p23044 就位 (2778, 1601)（队员凭此行动）
09-10 01:22:34 [看门狗] 4 名在线队员并行申请归队
09-10 01:22:35 [sat] p23088: 异图(傲来国≠队长大唐官府) 就地传送
09-10 01:22:35 [sat] p5916: 异图(傲来国≠队长大唐官府) 就地传送
09-10 01:22:35 [sat] p14284: 异图(傲来国≠队长大唐官府) 就地传送
09-10 01:22:36 [sat] p11684: 异图(傲来国≠队长大唐官府) 就地传送
09-10 01:22:45 p23044 任务脚本已死 → 自动补拉
09-10 01:22:45 [任务闸] 队长任务暂不启动：未到齐：p23088 p23088（在线但未入队）、p5916 p5916（在线但未入队）、p11684 p11684（在线但未入队）、p14284 p14284（在线但未入队）（队伍 1/5）——请先完成组队或确认队友在线
09-10 01:22:48 [sat] p14284: 已点队长身体 (537,240)（第1次申请）
09-10 01:22:48 [sat] p23088: 已点队长身体 (537,240)（第1次申请）
09-10 01:22:48 [sat] p11684: 已点队长身体 (537,240)（第1次申请）
09-10 01:22:48 [sat] p5916: 已点队长身体 (537,240)（第1次申请）
09-10 01:22:59 [sat] p23088: 已点队长身体 (537,240)（第2次申请）
09-10 01:23:00 [sat] p14284: 已点队长身体 (537,240)（第2次申请）
09-10 01:23:00 [sat] p11684: 已点队长身体 (537,240)（第2次申请）
09-10 01:23:00 [sat] p5916: 已点队长身体 (537,240)（第2次申请）
09-10 01:23:11 [sat] p23088: 已点队长身体 (537,240)（第3次申请）
09-10 01:23:11 [sat] p14284: 已点队长身体 (537,240)（第3次申请）
09-10 01:23:14 [sat] p5916: 已点队长身体 (537,240)（第3次申请）
09-10 01:23:14 [sat] p11684: 已点队长身体 (537,240)（第3次申请）
09-10 01:23:18 [sat] p23088: 申请轮次结束（是否入队由队长批准裁决）
09-10 01:23:19 [sat] p14284: 申请轮次结束（是否入队由队长批准裁决）
09-10 01:23:21 [sat] p5916: 申请轮次结束（是否入队由队长批准裁决）
09-10 01:23:21 [sat] p11684: 申请轮次结束（是否入队由队长批准裁决）
09-10 01:23:24 [sat] 当前成员数: 1（目标 5）
09-10 01:23:28 [sat] 当前成员数: 2（目标 5）
09-10 01:23:33 [sat] 当前成员数: 3（目标 5）
09-10 01:23:39 [sat] 当前成员数: 4（目标 5）
09-10 01:23:43 [sat] 当前成员数: 5（目标 5）
09-10 01:23:43 [看门狗] 补组批准结束: 5/5
09-10 01:23:48 p23044 任务脚本已死 → 自动补拉
09-10 01:23:49 p23044 已拉起任务脚本（队长·二号美人 gw=file://pzxy_p23044）
09-10 01:23:49 [看门狗] 队伍满员 5/5，恢复抓鬼
09-10 01:23:50 p23088 任务脚本已在跑，跳过
09-10 01:23:50 p5916 任务脚本已在跑，跳过
09-10 01:23:50 p11684 任务脚本已在跑，跳过
09-10 01:23:50 [sat] 阵法验证: 天覆阵/4
09-10 01:23:50 p14284 任务脚本已在跑，跳过
09-10 01:23:51 p23088 任务脚本已在跑，跳过
09-10 01:23:51 p23044 任务脚本已在跑，跳过
09-10 01:23:51 p5916 任务脚本已在跑，跳过
09-10 01:23:51 p11684 任务脚本已在跑，跳过
09-10 01:23:51 p14284 任务脚本已在跑，跳过
09-10 01:23:52 p23044 任务脚本已在跑，跳过
09-10 01:23:52 [看门狗] 满员，抓鬼已恢复 ✓
09-10 01:25:06 [暂停] 自动化冻结：停任务脚本，看门狗/掉线闭环挂起（可人工接管）
09-10 01:25:07 已打断 p23088 任务脚本（系统 PID 9136）
09-10 01:25:07 已打断 p5916 任务脚本（系统 PID 21928）
09-10 01:25:08 已打断 p11684 任务脚本（系统 PID 12368）
09-10 01:25:08 已打断 p14284 任务脚本（系统 PID 23336）
09-10 01:25:08 已打断 p23044 任务脚本（系统 PID 21484）
09-10 01:25:08 [暂停] 完成：任务脚本已全部停止
09-10 01:28:02 squad_auto_team 日志已桥接到 GUI（组队内部步骤可见）
09-10 01:28:10 已启动队员进程 PID=18056，等待登录界面窗口…
09-10 01:28:12 p18056 检测到登录界面，开始播种…
09-10 01:28:16 p18056 进程已死（状态=播种中）→ 重启闭环
09-10 01:28:16 p18056 已重启为新进程 PID=20892，等待登录界面…
09-10 07:07:52 squad_auto_team 日志已桥接到 GUI（组队内部步骤可见）
09-10 07:07:55 已启动队员进程 PID=15624，等待登录界面窗口…
09-10 07:07:56 已启动队员进程 PID=4972，等待登录界面窗口…
09-10 07:07:56 已启动队员进程 PID=15816，等待登录界面窗口…
09-10 07:07:57 已启动队员进程 PID=2368，等待登录界面窗口…
09-10 07:07:58 已启动队长进程 PID=3304，等待登录界面窗口…
09-10 07:08:07 p3304 检测到登录界面，开始播种…
09-10 07:08:07 p4972 检测到登录界面，开始播种…
09-10 07:08:07 p2368 检测到登录界面，开始播种…
09-10 07:08:07 p15816 检测到登录界面，开始播种…
09-10 07:08:07 p15624 检测到登录界面，开始播种…
09-10 07:08:12 [卫生] 清理旧 IPC 文件 28 个，日志轮转 0 个
09-10 07:08:23 [内存] 已修剪 5 个游戏进程：1.4GB → 23.9MB（释放 1.4GB）
09-10 07:08:24 p15816 播种成功 ✓
09-10 07:08:24 p4972 播种成功 ✓
09-10 07:08:24 p15816 重放 member#3 登录点击 4 步…
09-10 07:08:24 p4972 重放 member#2 登录点击 4 步…
09-10 07:08:24 p15624 播种成功 ✓
09-10 07:08:24 p15624 重放 member#1 登录点击 4 步…
09-10 07:08:24 p2368 播种成功 ✓
09-10 07:08:24 p2368 重放 member#4 登录点击 4 步…
09-10 07:08:24 p3304 播种成功 ✓
09-10 07:08:24 p3304 重放 leader#1 登录点击 4 步…
09-10 07:08:31 p3304 登录点击重放完毕，等待进入场景…
09-10 07:08:32 p15816 登录点击重放完毕，等待进入场景…
09-10 07:08:32 p4972 登录点击重放完毕，等待进入场景…
09-10 07:08:32 p2368 登录点击重放完毕，等待进入场景…
09-10 07:08:33 p4972 检测到已登录 ✓
09-10 07:08:33 p15816 检测到已登录 ✓
09-10 07:08:33 p2368 检测到已登录 ✓
09-10 07:08:33 p3304 检测到已登录 ✓
09-10 07:08:33 p15624 登录点击重放完毕，等待进入场景…
09-10 07:08:35 p15624 检测到已登录 ✓
09-10 07:08:45 [autoTeam] Lua 队伍读数 0/5 未满员 → 走组队流程
09-10 07:08:45 [autoTeam] 阶段1: 队长先行 传送+走位[139,80]
09-10 07:08:45 [sat] 队长准备: 传送 大唐官府 + 走位 [139,80]
09-10 07:08:55 [sat] 队长当前位置: (2640.0, 1660.0)（第1次传送后）
09-10 07:08:55 [sat] 走位点击 (540,240)（偏差 140,-60）——途中不点组队图标
09-10 07:08:59 [sat] 队长已就位: (2778.285374097, 1600.7348396727)（目标 (2780.0, 1600.0)，±3 格容差）
09-10 07:08:59 [autoTeam] 阶段2: 建队
09-10 07:09:01 [sat] 建队第1次 脚底屏幕位 (417,292) → 身体点上移 50
09-10 07:09:04 [sat] 建队第1次 顶栏stats（应为 1）: ((1, 0, '二号美人'),)
09-10 07:09:05 [sat] 联动信号已发布: 队长 p3304 就位 (2778, 1601)（队员凭此行动）
09-10 07:09:05 [autoTeam] 阶段3: 4 名队员并行传送+申请入队
09-10 07:09:06 [sat] p15624: 异图(普陀山≠队长大唐官府) 就地传送
09-10 07:09:06 [sat] p4972: 异图(普陀山≠队长大唐官府) 就地传送
09-10 07:09:06 [sat] p15816: 异图(普陀山≠队长大唐官府) 就地传送
09-10 07:09:07 [sat] p2368: 异图(普陀山≠队长大唐官府) 就地传送
09-10 07:09:19 [sat] p15624: 已点队长身体 (538,240)（第1次申请）
09-10 07:09:19 [sat] p4972: 已点队长身体 (538,240)（第1次申请）
09-10 07:09:19 [sat] p15816: 已点队长身体 (538,240)（第1次申请）
09-10 07:09:19 [sat] p2368: 已点队长身体 (538,240)（第1次申请）
09-10 07:09:31 [sat] p4972: 已点队长身体 (538,240)（第2次申请）
09-10 07:09:32 [sat] p15624: 已点队长身体 (538,240)（第2次申请）
09-10 07:09:32 [sat] p2368: 已点队长身体 (538,240)（第2次申请）
09-10 07:09:32 [sat] p15816: 已点队长身体 (538,240)（第2次申请）
09-10 07:09:38 [sat] p2368: 申请轮次结束（是否入队由队长批准裁决）
09-10 07:09:39 [sat] p15624: 申请轮次结束（是否入队由队长批准裁决）
09-10 07:09:40 [sat] p4972: 申请轮次结束（是否入队由队长批准裁决）
09-10 07:09:41 [sat] p15816: 申请轮次结束（是否入队由队长批准裁决）
09-10 07:09:41 [autoTeam] 阶段4: 队长批准申请
09-10 07:09:43 [sat] 当前成员数: 1（目标 5）
09-10 07:09:48 [sat] 当前成员数: 2（目标 5）
09-10 07:09:53 [sat] 当前成员数: 3（目标 5）
09-10 07:09:58 [sat] 当前成员数: 4（目标 5）
09-10 07:10:03 [sat] 当前成员数: 5（目标 5）
09-10 07:10:03 [autoTeam] 批准结束: 成员=5/目标=5
09-10 07:10:10 [sat] 阵法验证: 天覆阵/4
09-10 07:10:10 [autoTeam] 天覆阵完成 ✓
09-10 07:10:11 p15624 已拉起任务脚本（队员·三号美人 gw=file://pzxy_p15624）
09-10 07:10:12 p4972 已拉起任务脚本（队员·这是帅哥 gw=file://pzxy_p4972）
09-10 07:10:13 p15816 已拉起任务脚本（队员·这是猛男 gw=file://pzxy_p15816）
09-10 07:10:13 p2368 已拉起任务脚本（队员·一号美人 gw=file://pzxy_p2368）
09-10 07:10:14 p3304 已拉起任务脚本（队长·二号美人 gw=file://pzxy_p3304）
09-10 07:10:14 [autoTeam] 组队+任务脚本启动完成
09-10 07:10:14 [看门狗] 启动（目标 5 人，每 15s 判定）
09-10 07:13:55 [暂停] 自动化冻结：停任务脚本，看门狗/掉线闭环挂起（可人工接管）
09-10 07:13:55 已打断 p15624 任务脚本（系统 PID 22412）
09-10 07:13:56 已打断 p4972 任务脚本（系统 PID 14300）
09-10 07:13:57 已打断 p15816 任务脚本（系统 PID 13864）
09-10 07:13:58 已打断 p2368 任务脚本（系统 PID 2800）
09-10 07:13:59 已打断 p3304 任务脚本（系统 PID 13668）
09-10 07:13:59 [暂停] 完成：任务脚本已全部停止
09-10 07:16:47 [恢复] 解冻：跳过组队，按角色直接拉起任务脚本
09-10 07:16:48 p15624 已拉起任务脚本（队员·三号美人 gw=file://pzxy_p15624）
09-10 07:16:49 p4972 已拉起任务脚本（队员·这是帅哥 gw=file://pzxy_p4972）
09-10 07:16:50 p15816 已拉起任务脚本（队员·这是猛男 gw=file://pzxy_p15816）
09-10 07:16:51 p2368 已拉起任务脚本（队员·一号美人 gw=file://pzxy_p2368）
09-10 07:16:52 p3304 已拉起任务脚本（队长·二号美人 gw=file://pzxy_p3304）
09-10 07:16:52 [恢复] 完成：任务脚本已拉起，看门狗/掉线闭环恢复（缺员时看门狗自动补组）
09-10 07:17:28 [看门狗] 心跳: 5/5
09-10 07:18:47 p4972 tp 状态消失（第1次，疑似服务器抹除）
09-10 07:18:49 p15624 tp 状态消失（第1次，疑似服务器抹除）
09-10 07:18:49 p3304 tp 状态消失（第1次，疑似服务器抹除）
09-10 07:18:51 p2368 tp 状态消失（第1次，疑似服务器抹除）
09-10 07:18:53 p15816 tp 状态消失（第1次，疑似服务器抹除）
09-10 07:19:04 p4972 tp 连续消失 3 次 → 杀游戏重启闭环
09-10 07:19:05 p4972 旧游戏进程卡死，已强制结束
09-10 07:19:06 p4972 已重启为新进程 PID=17936，等待登录界面…
09-10 07:19:06 p15624 tp 连续消失 3 次 → 杀游戏重启闭环
09-10 07:19:07 p15624 旧游戏进程卡死，已强制结束
09-10 07:19:08 p17936 检测到登录界面，开始播种…
09-10 07:19:08 p15624 已重启为新进程 PID=21052，等待登录界面…
09-10 07:19:08 p15816 tp 连续消失 3 次 → 杀游戏重启闭环
09-10 07:19:10 p15816 旧游戏进程卡死，已强制结束
09-10 07:19:10 p21052 检测到登录界面，开始播种…
09-10 07:19:11 p15816 已重启为新进程 PID=9664，等待登录界面…
09-10 07:19:11 p3304 tp 连续消失 3 次 → 杀游戏重启闭环
09-10 07:19:12 p9664 检测到登录界面，开始播种…
09-10 07:19:12 p3304 旧游戏进程卡死，已强制结束
09-10 07:19:13 p3304 已重启为新进程 PID=21956，等待登录界面…
09-10 07:19:15 p21956 检测到登录界面，开始播种…
09-10 07:19:19 p2368 tp 连续消失 3 次 → 杀游戏重启闭环
09-10 07:19:20 p2368 旧游戏进程卡死，已强制结束
09-10 07:19:21 p17936 播种成功 ✓
09-10 07:19:21 p17936 重放 member#2 登录点击 4 步…
09-10 07:19:21 p4972 → 新 PID=17936 播种/登录流程接管完成
09-10 07:19:21 p2368 已重启为新进程 PID=1608，等待登录界面…
09-10 07:19:22 p21052 播种成功 ✓
09-10 07:19:22 p21052 重放 member#1 登录点击 4 步…
09-10 07:19:22 p15624 → 新 PID=21052 播种/登录流程接管完成
09-10 07:19:22 p9664 播种成功 ✓
09-10 07:19:22 p9664 重放 member#3 登录点击 4 步…
09-10 07:19:22 p15816 → 新 PID=9664 播种/登录流程接管完成
09-10 07:19:23 p1608 检测到登录界面，开始播种…
09-10 07:19:25 p21956 播种成功 ✓
09-10 07:19:25 p21956 重放 leader#1 登录点击 4 步…
09-10 07:19:25 p3304 → 新 PID=21956 播种/登录流程接管完成
09-10 07:19:26 [看门狗] 队长 PID 变更 3304 → 21956，跟随新通道
09-10 07:19:29 p17936 登录点击重放完毕，等待进入场景…
09-10 07:19:30 p9664 登录点击重放完毕，等待进入场景…
09-10 07:19:30 p21052 登录点击重放完毕，等待进入场景…
09-10 07:19:31 p21052 检测到已登录 ✓
09-10 07:19:31 p21052 重登待命：等队长联动信号（队长未就位/未建队则不动）
09-10 07:19:31 p17936 检测到已登录 ✓
09-10 07:19:31 p17936 重登待命：等队长联动信号（队长未就位/未建队则不动）
09-10 07:19:31 p9664 检测到已登录 ✓
09-10 07:19:31 p9664 重登待命：等队长联动信号（队长未就位/未建队则不动）
09-10 07:19:31 p17936 收到队长联动 → 传送+申请归队
09-10 07:19:31 p9664 收到队长联动 → 传送+申请归队
09-10 07:19:31 p21052 收到队长联动 → 传送+申请归队
09-10 07:19:32 p21956 登录点击重放完毕，等待进入场景…
09-10 07:19:33 p1608 播种成功 ✓
09-10 07:19:33 p1608 重放 member#4 登录点击 4 步…
09-10 07:19:33 p2368 → 新 PID=1608 播种/登录流程接管完成
09-10 07:19:33 p21956 检测到已登录 ✓
09-10 07:19:33 [sat] 队长准备: 传送 大唐官府 + 走位 [139,80]
09-10 07:19:37 [sat] p9664: tp/窗口不可用
09-10 07:19:38 [sat] p17936: tp/窗口不可用
09-10 07:19:38 [sat] p21052: tp/窗口不可用
09-10 07:19:41 p1608 登录点击重放完毕，等待进入场景…
09-10 07:19:43 [sat] p9664: tp/窗口不可用
09-10 07:19:43 p1608 检测到已登录 ✓
09-10 07:19:43 p1608 重登待命：等队长联动信号（队长未就位/未建队则不动）
09-10 07:19:43 p1608 收到队长联动 → 传送+申请归队
09-10 07:19:44 [sat] p21052: tp/窗口不可用
09-10 07:19:44 [sat] p17936: tp/窗口不可用
09-10 07:19:45 [sat] 队长当前位置: None（第1次传送后）
09-10 07:19:45 [sat] 面板读不到，按传送统一落点 [132,83] 兜底走位
09-10 07:19:45 [sat] [fail] tp 不可用
09-10 07:19:45 [sat] [warn] 第1轮走位未到锚点（pos=None）→ 重传送再来
09-10 07:19:49 [sat] p1608: tp/窗口不可用
09-10 07:19:49 [sat] p9664: tp/窗口不可用
09-10 07:19:50 [sat] 队长当前位置: None（第2次传送后）
09-10 07:19:50 [sat] 面板读不到，按传送统一落点 [132,83] 兜底走位
09-10 07:19:50 [sat] p21052: tp/窗口不可用
09-10 07:19:50 [sat] [fail] tp 不可用
09-10 07:19:50 [sat] [warn] 第2轮走位未到锚点（pos=None）→ 重传送再来
09-10 07:19:50 [sat] [fail] 队长两轮走位均未到达 [139,80]——本轮禁止队员归队（防打乱坐标）
09-10 07:19:51 [sat] p17936: tp/窗口不可用
09-10 07:19:53 [任务闸] 队长任务暂不启动：未到齐：p21052 p21052（掉线/未登录）、p17936 p17936（掉线/未登录）、p9664 p9664（掉线/未登录）、p1608 p1608（掉线/未登录）（队伍 ?/5）——请先完成组队或确认队友在线
09-10 07:19:55 [sat] p1608: tp/窗口不可用
09-10 07:19:55 [sat] p9664: 申请轮次结束（是否入队由队长批准裁决）
09-10 07:19:56 [sat] p21052: 申请轮次结束（是否入队由队长批准裁决）
09-10 07:19:57 [sat] p17936: 申请轮次结束（是否入队由队长批准裁决）
09-10 07:19:57 p21052 tp 状态消失（第1次，疑似服务器抹除）
09-10 07:19:58 p9664 已拉起任务脚本（队员·这是猛男 gw=file://pzxy_p9664）
09-10 07:19:59 p21052 已拉起任务脚本（队员·三号美人 gw=file://pzxy_p21052）
09-10 07:19:59 p17936 已拉起任务脚本（队员·这是帅哥 gw=file://pzxy_p17936）
09-10 07:20:01 [sat] p1608: tp/窗口不可用
09-10 07:20:02 p21052 tp 连续消失 3 次 → 杀游戏重启闭环
09-10 07:20:03 p21052 旧游戏进程卡死，已强制结束
09-10 07:20:04 p21052 已重启为新进程 PID=23324，等待登录界面…
09-10 07:20:05 p17936 tp 状态消失（第1次，疑似服务器抹除）
09-10 07:20:06 p23324 检测到登录界面，开始播种…
09-10 07:20:07 p9664 tp 状态消失（第1次，疑似服务器抹除）
09-10 07:20:07 [sat] p1608: 申请轮次结束（是否入队由队长批准裁决）
09-10 07:20:09 p1608 tp 状态消失（第1次，疑似服务器抹除）
09-10 07:20:10 p1608 已拉起任务脚本（队员·一号美人 gw=file://pzxy_p1608）
09-10 07:20:14 p1608 tp 连续消失 3 次 → 杀游戏重启闭环
09-10 07:20:15 p1608 旧游戏进程卡死，已强制结束
09-10 07:20:15 p1608 任务脚本已死 → 自动补拉
09-10 07:20:15 p23324 播种成功 ✓
09-10 07:20:15 p23324 重放 member#1 登录点击 4 步…
09-10 07:20:15 p21052 → 新 PID=23324 播种/登录流程接管完成
09-10 07:20:16 p1608 已重启为新进程 PID=15716，等待登录界面…
09-10 07:20:16 p1608 已拉起任务脚本（队员·一号美人 gw=file://pzxy_p1608）
09-10 07:20:16 p21956 tp 状态消失（第1次，疑似服务器抹除）
09-10 07:20:17 p21956 任务脚本已死 → 自动补拉
09-10 07:20:17 p15716 检测到登录界面，开始播种…
09-10 07:20:17 [任务闸] 队长任务暂不启动：未到齐：p23324 p23324（掉线/未登录）、p1608 p1608（掉线/未登录）（队伍 ?/5）——请先完成组队或确认队友在线
09-10 07:20:24 p23324 登录点击重放完毕，等待进入场景…
09-10 07:20:26 p15716 播种成功 ✓
09-10 07:20:26 p15716 重放 member#4 登录点击 4 步…
09-10 07:20:26 p1608 → 新 PID=15716 播种/登录流程接管完成
09-10 07:20:26 p23324 检测到已登录 ✓
09-10 07:20:26 p23324 重登待命：等队长联动信号（队长p21956 未就位/未建队则不动）
09-10 07:20:26 p23324 收到队长联动 → 传送+申请归队
09-10 07:20:28 p17936 tp 连续消失 3 次 → 杀游戏重启闭环
09-10 07:20:29 p17936 旧游戏进程卡死，已强制结束
09-10 07:20:30 p17936 已重启为新进程 PID=4048，等待登录界面…
09-10 07:20:31 p21956 tp 连续消失 3 次 → 杀游戏重启闭环
09-10 07:20:32 p21956 旧游戏进程卡死，已强制结束
09-10 07:20:32 p4048 检测到登录界面，开始播种…
09-10 07:20:33 p21956 已重启为新进程 PID=12168，等待登录界面…
09-10 07:20:34 p15716 登录点击重放完毕，等待进入场景…
09-10 07:20:34 p12168 检测到登录界面，开始播种…
09-10 07:20:35 p15716 检测到已登录 ✓
09-10 07:20:35 p15716 重登待命：等队长联动信号（队长未就位/未建队则不动）
09-10 07:20:35 p15716 收到队长联动 → 传送+申请归队
09-10 07:20:39 [sat] p23324: 已点队长身体 (538,240)（第1次申请）
09-10 07:20:39 p9664 tp 连续消失 3 次 → 杀游戏重启闭环
09-10 07:20:40 p9664 旧游戏进程卡死，已强制结束
09-10 07:20:40 p12168 播种成功 ✓
09-10 07:20:40 p12168 重放 leader#1 登录点击 4 步…
09-10 07:20:40 p21956 → 新 PID=12168 播种/登录流程接管完成
09-10 07:20:41 p9664 已重启为新进程 PID=18992，等待登录界面…
09-10 07:20:41 p4048 播种成功 ✓
09-10 07:20:41 p4048 重放 member#2 登录点击 4 步…
09-10 07:20:41 p17936 → 新 PID=4048 播种/登录流程接管完成
09-10 07:20:42 p18992 检测到登录界面，开始播种…
09-10 07:20:47 [sat] p15716: 已点队长身体 (538,240)（第1次申请）
09-10 07:20:47 p12168 登录点击重放完毕，等待进入场景…
09-10 07:20:48 已清理残留任务脚本（绑定死 PID 1608，系统 PID 2568）
09-10 07:20:48 [看门狗] 队长 PID 变更 21956 → 12168，跟随新通道
09-10 07:20:48 p18992 播种成功 ✓
09-10 07:20:48 p18992 重放 member#3 登录点击 4 步…
09-10 07:20:48 p9664 → 新 PID=18992 播种/登录流程接管完成
09-10 07:20:49 p12168 检测到已登录 ✓
09-10 07:20:49 [sat] 队长准备: 传送 大唐官府 + 走位 [139,80]
09-10 07:20:50 p4048 登录点击重放完毕，等待进入场景…
09-10 07:20:50 [sat] p23324: 已点队长身体 (418,336)（第2次申请）
09-10 07:20:51 p4048 检测到已登录 ✓
09-10 07:20:51 p4048 重登待命：等队长联动信号（队长未就位/未建队则不动）
09-10 07:20:51 p4048 收到队长联动 → 传送+申请归队
09-10 07:20:56 p18992 登录点击重放完毕，等待进入场景…
09-10 07:20:57 p18992 检测到已登录 ✓
09-10 07:20:57 p18992 重登待命：等队长联动信号（队长未就位/未建队则不动）
09-10 07:20:57 p18992 收到队长联动 → 传送+申请归队
09-10 07:20:57 [sat] p15716: 已点队长身体 (414,340)（第2次申请）
09-10 07:20:58 [sat] 队长当前位置: (2640.0, 1660.0)（第1次传送后）
09-10 07:20:58 [sat] 走位点击 (540,240)（偏差 140,-60）——途中不点组队图标
09-10 07:21:01 [sat] p4048: 已点队长身体 (538,240)（第1次申请）
09-10 07:21:02 [sat] p23324: 已点队长身体 (418,336)（第3次申请）
09-10 07:21:03 [sat] 队长已就位: (2777.9728653177, 1600.8687720067)（目标 (2780.0, 1600.0)，±3 格容差）
09-10 07:21:04 [看门狗] 检测到缺员 0/5 → 打断抓鬼，启动补组队
09-10 07:21:04 [sat] 队长准备: 传送 大唐官府 + 走位 [139,80]
09-10 07:21:05 [sat] 队长已在锚点附近 (2777.9728653177, 1600.8687720067)，跳过传送直接就位
09-10 07:21:05 [看门狗] 队伍已散（0 人）→ 重新建队
09-10 07:21:05 [任务闸] 队长任务暂不启动：未到齐：p23324 p23324（掉线/未登录）、p4048 p4048（掉线/未登录）、p18992 p18992（掉线/未登录）、p15716 p15716（掉线/未登录）（队伍 0/5）——请先完成组队或确认队友在线
09-10 07:21:07 [sat] 建队第1次 脚底屏幕位 (417,292) → 身体点上移 50
09-10 07:21:08 [sat] p23324: 申请轮次结束（是否入队由队长批准裁决）
09-10 07:21:09 [sat] p18992: 已点队长身体 (538,240)（第1次申请）
09-10 07:21:09 [sat] p15716: 已点队长身体 (414,340)（第3次申请）
09-10 07:21:11 [sat] 建队第1次 顶栏stats（应为 1）: ((1, 0, '二号美人'),)
09-10 07:21:11 p23324 已拉起任务脚本（队员·三号美人 gw=file://pzxy_p23324）
09-10 07:21:11 [sat] 联动信号已发布: 队长 p12168 就位 (2778, 1601)（队员凭此行动）
09-10 07:21:11 [看门狗] 1 名在线队员并行申请归队
09-10 07:21:12 [sat] p23324: 已与队长同图(大唐官府)，直接申请
09-10 07:21:14 [sat] p4048: 已点队长身体 (538,240)（第2次申请）
09-10 07:21:17 [sat] p23324: 已点队长身体 (418,336)（第1次申请）
09-10 07:21:18 [sat] p15716: 申请轮次结束（是否入队由队长批准裁决）
09-10 07:21:20 [sat] p18992: 已点队长身体 (538,240)（第2次申请）
09-10 07:21:21 p15716 已拉起任务脚本（队员·一号美人 gw=file://pzxy_p15716）
09-10 07:21:22 p12168 任务脚本已死 → 自动补拉
09-10 07:21:22 [任务闸] 队长任务暂不启动：未到齐：p4048 p4048（掉线/未登录）、p18992 p18992（掉线/未登录）、p23324 p23324（在线但未入队）、p15716 p15716（在线但未入队）（队伍 1/5）——请先完成组队或确认队友在线
09-10 07:21:24 [sat] p4048: 已点队长身体 (538,240)（第3次申请）
09-10 07:21:28 [sat] p23324: 已点队长身体 (418,336)（第2次申请）
09-10 07:21:30 [sat] p4048: 申请轮次结束（是否入队由队长批准裁决）
09-10 07:21:33 [sat] p18992: 已点队长身体 (538,240)（第3次申请）
09-10 07:21:33 p4048 已拉起任务脚本（队员·这是帅哥 gw=file://pzxy_p4048）
09-10 07:21:39 [sat] p23324: 已点队长身体 (418,336)（第3次申请）
09-10 07:21:42 [sat] p18992: 申请轮次结束（是否入队由队长批准裁决）
09-10 07:21:45 p18992 已拉起任务脚本（队员·这是猛男 gw=file://pzxy_p18992）
09-10 07:21:46 [sat] p23324: 申请轮次结束（是否入队由队长批准裁决）
09-10 07:21:49 [sat] 当前成员数: 1（目标 5）
09-10 07:21:54 [sat] 当前成员数: 2（目标 5）
09-10 07:21:55 [看门狗] 心跳: 2/5
09-10 07:21:58 [sat] 当前成员数: 3（目标 5）
09-10 07:22:03 [sat] 当前成员数: 4（目标 5）
09-10 07:22:29 p12168 任务脚本已死 → 自动补拉
09-10 07:22:30 [任务闸] 队长任务暂不启动：未到齐：p23324 p23324（在线但未入队）（队伍 4/5）——请先完成组队或确认队友在线
09-10 07:23:37 p12168 任务脚本已死 → 自动补拉
09-10 07:23:37 [任务闸] 队长任务暂不启动：未到齐：p23324 p23324（在线但未入队）（队伍 4/5）——请先完成组队或确认队友在线
09-10 07:24:10 [看门狗] 心跳: 4/5
09-10 07:24:46 p12168 任务脚本已死 → 自动补拉
09-10 07:24:46 [任务闸] 队长任务暂不启动：未到齐：p23324 p23324（在线但未入队）（队伍 4/5）——请先完成组队或确认队友在线
09-10 07:25:53 p12168 任务脚本已死 → 自动补拉
09-10 07:25:53 [任务闸] 队长任务暂不启动：未到齐：p23324 p23324（在线但未入队）（队伍 4/5）——请先完成组队或确认队友在线
09-10 07:26:26 [看门狗] 心跳: 4/5
09-10 07:27:01 p12168 任务脚本已死 → 自动补拉
09-10 07:27:01 [任务闸] 队长任务暂不启动：未到齐：p23324 p23324（在线但未入队）（队伍 4/5）——请先完成组队或确认队友在线
09-10 07:28:09 p12168 任务脚本已死 → 自动补拉
09-10 07:28:09 [任务闸] 队长任务暂不启动：未到齐：p23324 p23324（在线但未入队）（队伍 4/5）——请先完成组队或确认队友在线
09-10 07:28:42 [看门狗] 心跳: 4/5
09-10 07:28:58 [看门狗] 补组批准结束: 4/5
09-10 07:28:58 [看门狗] 仍未满员，掉线队员回来后继续下一轮
09-10 07:29:17 p12168 任务脚本已死 → 自动补拉
09-10 07:29:17 [任务闸] 队长任务暂不启动：未到齐：p23324 p23324（在线但未入队）（队伍 4/5）——请先完成组队或确认队友在线
09-10 07:29:17 [sat] 队长准备: 传送 大唐官府 + 走位 [139,80]
09-10 07:29:18 [sat] 队长已在锚点附近 (2777.9999250585, 1547.1487766662)，跳过传送直接就位
09-10 07:29:18 [sat] 联动信号已发布: 队长 p12168 就位 (2778, 1547)（队员凭此行动）
09-10 07:29:18 [看门狗] 4 名在线队员并行申请归队
09-10 07:29:19 [sat] p23324: 已与队长同图(大唐官府)，直接申请
09-10 07:29:19 [sat] p15716: 已与队长同图(大唐官府)，直接申请
09-10 07:29:19 [sat] p18992: 已与队长同图(大唐官府)，直接申请
09-10 07:29:20 [sat] p4048: 已与队长同图(大唐官府)，直接申请
09-10 07:29:24 [sat] p23324: 已点队长身体 (418,282)（第1次申请）
09-10 07:29:24 [sat] p18992: 已点队长身体 (537,187)（第1次申请）
09-10 07:29:24 [sat] p15716: 已点队长身体 (413,286)（第1次申请）
09-10 07:29:24 [sat] p4048: 已点队长身体 (537,187)（第1次申请）
09-10 07:29:36 [sat] p4048: 已点队长身体 (537,187)（第2次申请）
09-10 07:29:36 [sat] p23324: 已点队长身体 (418,282)（第2次申请）
09-10 07:29:36 [sat] p18992: 已点队长身体 (537,187)（第2次申请）
09-10 07:29:36 [sat] p15716: 已点队长身体 (413,286)（第2次申请）
09-10 07:29:47 [sat] p4048: 已点队长身体 (537,187)（第3次申请）
09-10 07:29:47 [sat] p23324: 已点队长身体 (418,282)（第3次申请）
09-10 07:29:48 [sat] p18992: 已点队长身体 (537,187)（第3次申请）
09-10 07:29:48 [sat] p15716: 已点队长身体 (413,286)（第3次申请）
09-10 07:29:54 [sat] p4048: 申请轮次结束（是否入队由队长批准裁决）
09-10 07:29:54 [sat] p15716: 申请轮次结束（是否入队由队长批准裁决）
09-10 07:29:55 [sat] p23324: 申请轮次结束（是否入队由队长批准裁决）
09-10 07:29:55 [sat] p18992: 申请轮次结束（是否入队由队长批准裁决）
09-10 07:29:57 [sat] 当前成员数: 4（目标 5）
09-10 07:30:02 [sat] 当前成员数: 5（目标 5）
09-10 07:30:02 [看门狗] 补组批准结束: 5/5
09-10 07:30:05 [看门狗] 队伍满员 5/5，恢复抓鬼
09-10 07:30:06 p23324 任务脚本已在跑，跳过
09-10 07:30:07 p4048 任务脚本已在跑，跳过
09-10 07:30:08 p18992 任务脚本已在跑，跳过
09-10 07:30:09 p15716 任务脚本已在跑，跳过
09-10 07:30:09 [sat] 阵法验证: 天覆阵/4
09-10 07:30:10 p12168 已拉起任务脚本（队长·二号美人 gw=file://pzxy_p12168）
09-10 07:30:10 p23324 任务脚本已在跑，跳过
09-10 07:30:11 p4048 任务脚本已在跑，跳过
09-10 07:30:12 p18992 任务脚本已在跑，跳过
09-10 07:30:13 p15716 任务脚本已在跑，跳过
09-10 07:30:14 p12168 任务脚本已在跑，跳过
09-10 07:30:14 [看门狗] 满员，抓鬼已恢复 ✓
09-10 07:30:56 p23324 tp 状态消失（第1次，疑似服务器抹除）
09-10 07:30:57 p12168 tp 状态消失（第1次，疑似服务器抹除）
09-10 07:30:59 p15716 tp 状态消失（第1次，疑似服务器抹除）
09-10 07:31:01 p18992 tp 状态消失（第1次，疑似服务器抹除）
09-10 07:31:02 [看门狗] 队伍数据连续读不到（64 轮），检查通道/面板
09-10 07:31:03 p4048 tp 状态消失（第1次，疑似服务器抹除）
09-10 07:31:14 p23324 tp 连续消失 3 次 → 杀游戏重启闭环
09-10 07:31:14 p12168 tp 连续消失 3 次 → 杀游戏重启闭环
09-10 07:31:15 p23324 旧游戏进程卡死，已强制结束
09-10 07:31:15 p12168 旧游戏进程卡死，已强制结束
09-10 07:31:16 p23324 已重启为新进程 PID=3888，等待登录界面…
09-10 07:31:16 p12168 已重启为新进程 PID=5588，等待登录界面…
09-10 07:31:17 p3888 检测到登录界面，开始播种…
09-10 07:31:18 p5588 检测到登录界面，开始播种…
09-10 07:31:18 p4048 tp 连续消失 3 次 → 杀游戏重启闭环
09-10 07:31:19 p4048 旧游戏进程卡死，已强制结束
09-10 07:31:20 p4048 已重启为新进程 PID=20028，等待登录界面…
09-10 07:31:20 p15716 tp 连续消失 3 次 → 杀游戏重启闭环
09-10 07:31:22 p15716 旧游戏进程卡死，已强制结束
09-10 07:31:22 p20028 检测到登录界面，开始播种…
09-10 07:31:23 p15716 已重启为新进程 PID=21316，等待登录界面…
09-10 07:31:24 p21316 检测到登录界面，开始播种…
09-10 07:31:25 p3888 播种成功 ✓
09-10 07:31:25 p3888 重放 member#1 登录点击 4 步…
09-10 07:31:25 p23324 → 新 PID=3888 播种/登录流程接管完成
09-10 07:31:25 p5588 播种成功 ✓
09-10 07:31:25 p5588 重放 leader#1 登录点击 4 步…
09-10 07:31:25 p12168 → 新 PID=5588 播种/登录流程接管完成
09-10 07:31:29 p18992 tp 连续消失 3 次 → 杀游戏重启闭环
09-10 07:31:29 p20028 播种成功 ✓
09-10 07:31:29 p20028 重放 member#2 登录点击 4 步…
09-10 07:31:29 p4048 → 新 PID=20028 播种/登录流程接管完成
09-10 07:31:30 p18992 旧游戏进程卡死，已强制结束
09-10 07:31:30 p21316 播种成功 ✓
09-10 07:31:30 p21316 重放 member#4 登录点击 4 步…
09-10 07:31:30 p15716 → 新 PID=21316 播种/登录流程接管完成
09-10 07:31:31 p18992 已重启为新进程 PID=9928，等待登录界面…
09-10 07:31:32 p9928 检测到登录界面，开始播种…
09-10 07:31:32 p5588 登录点击重放完毕，等待进入场景…
09-10 07:31:32 [看门狗] 队长 PID 变更 12168 → 5588，跟随新通道
09-10 07:31:34 p3888 登录点击重放完毕，等待进入场景…
09-10 07:31:35 p5588 检测到已登录 ✓
09-10 07:31:35 [sat] 队长准备: 传送 大唐官府 + 走位 [139,80]
09-10 07:31:37 p3888 检测到已登录 ✓
09-10 07:31:37 p3888 重登待命：等队长联动信号（队长未就位/未建队则不动）
09-10 07:31:37 p3888 收到队长联动 → 传送+申请归队
09-10 07:31:37 p20028 登录点击重放完毕，等待进入场景…
09-10 07:31:38 p21316 登录点击重放完毕，等待进入场景…
09-10 07:31:39 p20028 检测到已登录 ✓
09-10 07:31:39 p20028 重登待命：等队长联动信号（队长未就位/未建队则不动）
09-10 07:31:39 p20028 收到队长联动 → 传送+申请归队
09-10 07:31:40 p9928 播种成功 ✓
09-10 07:31:40 p9928 重放 member#3 登录点击 4 步…
09-10 07:31:40 p18992 → 新 PID=9928 播种/登录流程接管完成
09-10 07:31:41 p21316 检测到已登录 ✓
09-10 07:31:41 p21316 重登待命：等队长联动信号（队长未就位/未建队则不动）
09-10 07:31:41 p21316 收到队长联动 → 传送+申请归队
09-10 07:31:43 [sat] p3888: tp/窗口不可用
09-10 07:31:45 [sat] p20028: tp/窗口不可用
09-10 07:31:46 [sat] 队长当前位置: None（第1次传送后）
09-10 07:31:46 [sat] 面板读不到，按传送统一落点 [132,83] 兜底走位
09-10 07:31:46 [sat] [fail] tp 不可用
09-10 07:31:46 [sat] [warn] 第1轮走位未到锚点（pos=None）→ 重传送再来
09-10 07:31:47 [sat] p21316: tp/窗口不可用
09-10 07:31:47 p9928 登录点击重放完毕，等待进入场景…
09-10 07:31:49 p9928 检测到已登录 ✓
09-10 07:31:49 p9928 重登待命：等队长联动信号（队长未就位/未建队则不动）
09-10 07:31:49 p9928 收到队长联动 → 传送+申请归队
09-10 07:31:49 [sat] p3888: tp/窗口不可用
09-10 07:31:51 [sat] p20028: tp/窗口不可用
09-10 07:31:51 [sat] 队长当前位置: None（第2次传送后）
09-10 07:31:51 [sat] 面板读不到，按传送统一落点 [132,83] 兜底走位
09-10 07:31:51 [sat] [fail] tp 不可用
09-10 07:31:51 [sat] [warn] 第2轮走位未到锚点（pos=None）→ 重传送再来
09-10 07:31:51 [sat] [fail] 队长两轮走位均未到达 [139,80]——本轮禁止队员归队（防打乱坐标）
09-10 07:31:53 [sat] p21316: tp/窗口不可用
09-10 07:31:54 [任务闸] 队长任务暂不启动：未到齐：p3888 p3888（掉线/未登录）、p20028 p20028（掉线/未登录）、p9928 p9928（掉线/未登录）、p21316 p21316（掉线/未登录）（队伍 ?/5）——请先完成组队或确认队友在线
09-10 07:31:54 [sat] p9928: tp/窗口不可用
09-10 07:31:55 [sat] p3888: tp/窗口不可用
09-10 07:31:57 [sat] p20028: tp/窗口不可用
09-10 07:31:59 p5588 tp 状态消失（第1次，疑似服务器抹除）
09-10 07:31:59 [sat] p21316: tp/窗口不可用
09-10 07:32:01 [sat] p9928: tp/窗口不可用
09-10 07:32:02 [sat] p3888: 申请轮次结束（是否入队由队长批准裁决）
09-10 07:32:03 [看门狗] 队伍数据连续读不到（68 轮），检查通道/面板
09-10 07:32:03 [sat] p20028: 申请轮次结束（是否入队由队长批准裁决）
09-10 07:32:04 p3888 已拉起任务脚本（队员·三号美人 gw=file://pzxy_p3888）
09-10 07:32:05 p3888 tp 状态消失（第1次，疑似服务器抹除）
09-10 07:32:05 [sat] p21316: 申请轮次结束（是否入队由队长批准裁决）
09-10 07:32:06 p20028 已拉起任务脚本（队员·这是帅哥 gw=file://pzxy_p20028）
09-10 07:32:07 [sat] p9928: tp/窗口不可用
09-10 07:32:08 p20028 tp 状态消失（第1次，疑似服务器抹除）
09-10 07:32:08 p21316 已拉起任务脚本（队员·一号美人 gw=file://pzxy_p21316）
09-10 07:32:12 p20028 tp 连续消失 3 次 → 杀游戏重启闭环
09-10 07:32:13 [sat] p9928: 申请轮次结束（是否入队由队长批准裁决）
09-10 07:32:13 p20028 旧游戏进程卡死，已强制结束
09-10 07:32:14 p20028 已重启为新进程 PID=22696，等待登录界面…
09-10 07:32:14 p9928 tp 状态消失（第1次，疑似服务器抹除）
09-10 07:32:15 p9928 已拉起任务脚本（队员·这是猛男 gw=file://pzxy_p9928）
09-10 07:32:16 p22696 检测到登录界面，开始播种…
09-10 07:32:19 p9928 tp 连续消失 3 次 → 杀游戏重启闭环
09-10 07:32:20 p9928 旧游戏进程卡死，已强制结束
09-10 07:32:21 p21316 tp 状态消失（第1次，疑似服务器抹除）
09-10 07:32:21 p9928 已重启为新进程 PID=19088，等待登录界面…
09-10 07:32:22 p19088 检测到登录界面，开始播种…
09-10 07:32:23 p22696 播种成功 ✓
09-10 07:32:23 p22696 重放 member#2 登录点击 4 步…
09-10 07:32:23 p20028 → 新 PID=22696 播种/登录流程接管完成
09-10 07:32:28 p19088 播种成功 ✓
09-10 07:32:28 p9928 → 新 PID=19088 播种/登录流程接管完成
09-10 07:32:28 p19088 重放 member#3 登录点击 4 步…
09-10 07:32:31 p22696 登录点击重放完毕，等待进入场景…
09-10 07:32:32 p5588 tp 连续消失 3 次 → 杀游戏重启闭环
09-10 07:32:33 p5588 旧游戏进程卡死，已强制结束
09-10 07:32:34 p22696 检测到已登录 ✓
09-10 07:32:34 p22696 重登待命：等队长联动信号（队长未就位/未建队则不动）
09-10 07:32:34 p22696 收到队长联动 → 传送+申请归队
09-10 07:32:34 p5588 已重启为新进程 PID=7060，等待登录界面…
09-10 07:32:35 p7060 检测到登录界面，开始播种…
09-10 07:32:35 [看门狗] 队长 PID 变更 5588 → 7060，跟随新通道
09-10 07:32:36 p21316 tp 连续消失 3 次 → 杀游戏重启闭环
09-10 07:32:36 p19088 登录点击重放完毕，等待进入场景…
09-10 07:32:37 p21316 旧游戏进程卡死，已强制结束
09-10 07:32:38 p19088 检测到已登录 ✓
09-10 07:32:38 p19088 重登待命：等队长联动信号（队长未就位/未建队则不动）
09-10 07:32:38 p19088 收到队长联动 → 传送+申请归队
09-10 07:32:38 p21316 已重启为新进程 PID=21672，等待登录界面…
09-10 07:32:39 p21672 检测到登录界面，开始播种…
09-10 07:32:41 p7060 播种成功 ✓
09-10 07:32:41 p7060 重放 leader#1 登录点击 4 步…
09-10 07:32:41 p5588 → 新 PID=7060 播种/登录流程接管完成
09-10 07:32:44 p3888 tp 连续消失 3 次 → 杀游戏重启闭环
09-10 07:32:45 p3888 旧游戏进程卡死，已强制结束
09-10 07:32:45 [sat] p22696: 已点队长身体 (537,187)（第1次申请）
09-10 07:32:45 p21672 播种成功 ✓
09-10 07:32:45 p21672 重放 member#4 登录点击 4 步…
09-10 07:32:45 p21316 → 新 PID=21672 播种/登录流程接管完成
09-10 07:32:46 p3888 已重启为新进程 PID=10104，等待登录界面…
09-10 07:32:48 p7060 登录点击重放完毕，等待进入场景…
09-10 07:32:48 p10104 检测到登录界面，开始播种…
09-10 07:32:49 [sat] p19088: 已点队长身体 (537,187)（第1次申请）
09-10 07:32:50 p7060 检测到已登录 ✓
09-10 07:32:50 [sat] 队长准备: 传送 大唐官府 + 走位 [139,80]
09-10 07:32:53 p21672 登录点击重放完毕，等待进入场景…
09-10 07:32:55 p10104 播种成功 ✓
09-10 07:32:55 p10104 重放 member#1 登录点击 4 步…
09-10 07:32:55 p3888 → 新 PID=10104 播种/登录流程接管完成
09-10 07:32:55 [sat] p22696: 已点队长身体 (415,332)（第2次申请）
09-10 07:32:56 p21672 检测到已登录 ✓
09-10 07:32:56 p21672 重登待命：等队长联动信号（队长未就位/未建队则不动）
09-10 07:32:56 p21672 收到队长联动 → 传送+申请归队
09-10 07:32:59 [sat] 队长当前位置: (2640.0, 1660.0)（第1次传送后）
09-10 07:32:59 [sat] 走位点击 (540,240)（偏差 140,-60）——途中不点组队图标
09-10 07:33:01 [sat] p19088: 已点队长身体 (414,331)（第2次申请）
09-10 07:33:03 p10104 登录点击重放完毕，等待进入场景…
09-10 07:33:04 [sat] 队长已就位: (2778.2853738059, 1600.7348397975)（目标 (2780.0, 1600.0)，±3 格容差）
09-10 07:33:04 p10104 检测到已登录 ✓
09-10 07:33:04 p10104 重登待命：等队长联动信号（队长p7060 未就位/未建队则不动）
09-10 07:33:04 p10104 收到队长联动 → 传送+申请归队
09-10 07:33:05 [sat] p22696: 已点队长身体 (415,332)（第3次申请）
09-10 07:33:05 [sat] p10104: 异图(江南野外≠队长大唐官府) 就地传送
09-10 07:33:06 [任务闸] 队长任务暂不启动：未到齐：p10104 p10104（掉线/未登录）、p22696 p22696（掉线/未登录）、p19088 p19088（掉线/未登录）、p21672 p21672（掉线/未登录）（队伍 0/5）——请先完成组队或确认队友在线
09-10 07:33:07 [看门狗] 心跳: 0/5
09-10 07:33:07 [看门狗] 检测到缺员 0/5 → 打断抓鬼，启动补组队
09-10 07:33:07 [sat] p21672: 已点队长身体 (537,187)（第1次申请）
09-10 07:33:08 [sat] 队长准备: 传送 大唐官府 + 走位 [139,80]
09-10 07:33:08 [sat] 队长已在锚点附近 (2778.2853738059, 1600.7348397975)，跳过传送直接就位
09-10 07:33:08 [看门狗] 队伍已散（0 人）→ 重新建队
09-10 07:33:09 [sat] 建队第1次 脚底屏幕位 (417,292) → 身体点上移 50
09-10 07:33:11 [sat] p19088: 已点队长身体 (414,331)（第3次申请）
09-10 07:33:12 [sat] p22696: 申请轮次结束（是否入队由队长批准裁决）
09-10 07:33:13 [sat] 建队第1次 顶栏stats（应为 1）: ((1, 0, '二号美人'),)
09-10 07:33:13 [sat] 联动信号已发布: 队长 p7060 就位 (2778, 1601)（队员凭此行动）
09-10 07:33:13 [看门狗] 1 名在线队员并行申请归队
09-10 07:33:14 [sat] p22696: 已与队长同图(大唐官府)，直接申请
09-10 07:33:15 p22696 已拉起任务脚本（队员·这是帅哥 gw=file://pzxy_p22696）
09-10 07:33:16 [sat] p10104: 已点队长身体 (537,187)（第1次申请）
09-10 07:33:17 [sat] p22696: 已点队长身体 (416,386)（第1次申请）
09-10 07:33:18 [sat] p21672: 已点队长身体 (414,331)（第2次申请）
09-10 07:33:19 [sat] p19088: 申请轮次结束（是否入队由队长批准裁决）
09-10 07:33:22 p19088 已拉起任务脚本（队员·这是猛男 gw=file://pzxy_p19088）
09-10 07:33:27 [sat] p22696: 已点队长身体 (416,386)（第2次申请）
09-10 07:33:28 [sat] p21672: 已点队长身体 (414,331)（第3次申请）
09-10 07:33:28 [sat] p10104: 已点队长身体 (537,187)（第2次申请）
09-10 07:33:35 [sat] p21672: 申请轮次结束（是否入队由队长批准裁决）
09-10 07:33:38 p21672 已拉起任务脚本（队员·一号美人 gw=file://pzxy_p21672）
09-10 07:33:40 [sat] p22696: 已点队长身体 (416,386)（第3次申请）
09-10 07:33:40 [sat] p10104: 已点队长身体 (537,187)（第3次申请）
09-10 07:33:42 p7060 任务脚本已死 → 自动补拉
09-10 07:33:42 [任务闸] 队长任务暂不启动：未到齐：p10104 p10104（掉线/未登录）、p22696 p22696（在线但未入队）、p19088 p19088（在线但未入队）、p21672 p21672（在线但未入队）（队伍 1/5）——请先完成组队或确认队友在线
09-10 07:33:48 [sat] p10104: 申请轮次结束（是否入队由队长批准裁决）
09-10 07:33:49 [sat] p22696: 申请轮次结束（是否入队由队长批准裁决）
09-10 07:33:51 p10104 已拉起任务脚本（队员·三号美人 gw=file://pzxy_p10104）
09-10 07:33:51 [sat] 当前成员数: 1（目标 5）
09-10 07:33:56 [sat] 当前成员数: 2（目标 5）
09-10 07:34:01 [sat] 当前成员数: 3（目标 5）
09-10 07:34:06 [sat] 当前成员数: 4（目标 5）
09-10 07:34:49 p7060 任务脚本已死 → 自动补拉
09-10 07:34:50 [任务闸] 队长任务暂不启动：未到齐：p10104 p10104（在线但未入队）（队伍 4/5）——请先完成组队或确认队友在线
09-10 07:35:22 [看门狗] 心跳: 4/5
09-10 07:35:57 p7060 任务脚本已死 → 自动补拉
09-10 07:35:57 [任务闸] 队长任务暂不启动：未到齐：p10104 p10104（在线但未入队）（队伍 4/5）——请先完成组队或确认队友在线
09-10 07:37:05 p7060 任务脚本已死 → 自动补拉
09-10 07:37:05 [任务闸] 队长任务暂不启动：未到齐：p10104 p10104（在线但未入队）（队伍 4/5）——请先完成组队或确认队友在线
09-10 07:37:38 [看门狗] 心跳: 4/5
09-10 07:38:13 p7060 任务脚本已死 → 自动补拉
09-10 07:38:13 [任务闸] 队长任务暂不启动：未到齐：p10104 p10104（在线但未入队）（队伍 4/5）——请先完成组队或确认队友在线
09-10 07:38:23 [内存] 已修剪 5 个游戏进程：1.7GB → 43.8MB（释放 1.7GB）
09-10 07:39:21 p7060 任务脚本已死 → 自动补拉
09-10 07:39:21 [任务闸] 队长任务暂不启动：未到齐：p10104 p10104（在线但未入队）（队伍 4/5）——请先完成组队或确认队友在线
09-10 07:39:53 [看门狗] 心跳: 4/5
09-10 07:40:28 p7060 任务脚本已死 → 自动补拉
09-10 07:40:28 [任务闸] 队长任务暂不启动：未到齐：p10104 p10104（在线但未入队）（队伍 4/5）——请先完成组队或确认队友在线
09-10 07:40:57 [看门狗] 补组批准结束: 4/5
09-10 07:40:58 [看门狗] 仍未满员，掉线队员回来后继续下一轮
09-10 07:41:00 [sat] 队长准备: 传送 大唐官府 + 走位 [139,80]
09-10 07:41:00 [sat] 队长已在锚点附近 (2774.1545942075, 1549.9024013155)，跳过传送直接就位
09-10 07:41:01 [sat] 联动信号已发布: 队长 p7060 就位 (2774, 1550)（队员凭此行动）
09-10 07:41:01 [看门狗] 4 名在线队员并行申请归队
09-10 07:41:01 [sat] p10104: 已与队长同图(大唐官府)，直接申请
09-10 07:41:02 [sat] p21672: 已与队长同图(大唐官府)，直接申请
09-10 07:41:02 [sat] p19088: 已与队长同图(大唐官府)，直接申请
09-10 07:41:02 [sat] p22696: 已与队长同图(大唐官府)，直接申请
09-10 07:41:06 [sat] p10104: 已点队长身体 (534,189)（第1次申请）
09-10 07:41:06 [sat] p21672: 已点队长身体 (410,334)（第1次申请）
09-10 07:41:06 [sat] p19088: 已点队长身体 (410,334)（第1次申请）
09-10 07:41:06 [sat] p22696: 已点队长身体 (412,335)（第1次申请）
09-10 07:41:16 [sat] p21672: 已点队长身体 (410,334)（第2次申请）
09-10 07:41:18 [sat] p19088: 已点队长身体 (410,334)（第2次申请）
09-10 07:41:19 [sat] p10104: 已点队长身体 (534,189)（第2次申请）
09-10 07:41:19 [sat] p22696: 已点队长身体 (412,335)（第2次申请）
09-10 07:41:28 [sat] p21672: 已点队长身体 (410,334)（第3次申请）
09-10 07:41:30 [sat] p10104: 已点队长身体 (534,189)（第3次申请）
09-10 07:41:31 [sat] p19088: 已点队长身体 (410,334)（第3次申请）
09-10 07:41:32 [sat] p22696: 已点队长身体 (412,335)（第3次申请）
09-10 07:41:35 [sat] p21672: 申请轮次结束（是否入队由队长批准裁决）
09-10 07:41:35 p7060 任务脚本已死 → 自动补拉
09-10 07:41:35 [任务闸] 队长任务暂不启动：未到齐：p10104 p10104（在线但未入队）（队伍 4/5）——请先完成组队或确认队友在线
09-10 07:41:37 [sat] p10104: 申请轮次结束（是否入队由队长批准裁决）
09-10 07:41:37 [sat] p19088: 申请轮次结束（是否入队由队长批准裁决）
09-10 07:41:39 [sat] p22696: 申请轮次结束（是否入队由队长批准裁决）
09-10 07:41:41 [sat] 当前成员数: 4（目标 5）
09-10 07:41:46 [sat] 当前成员数: 5（目标 5）
09-10 07:41:46 [看门狗] 补组批准结束: 5/5
09-10 07:41:51 [看门狗] 队伍满员 5/5，恢复抓鬼
09-10 07:41:52 p10104 任务脚本已在跑，跳过
09-10 07:41:53 p22696 任务脚本已在跑，跳过
09-10 07:41:53 [sat] 阵法验证: 天覆阵/4
09-10 07:41:54 p19088 任务脚本已在跑，跳过
09-10 07:41:54 p10104 任务脚本已在跑，跳过
09-10 07:41:55 p21672 任务脚本已在跑，跳过
09-10 07:41:55 p22696 任务脚本已在跑，跳过
09-10 07:41:56 p19088 任务脚本已在跑，跳过
09-10 07:41:56 p7060 已拉起任务脚本（队长·二号美人 gw=file://pzxy_p7060）
09-10 07:41:57 p21672 任务脚本已在跑，跳过
09-10 07:41:58 p7060 任务脚本已在跑，跳过
09-10 07:41:58 [看门狗] 满员，抓鬼已恢复 ✓
09-10 07:42:16 [看门狗] 心跳: 5/5
09-10 07:44:34 [看门狗] 心跳: 5/5
09-10 07:49:05 [看门狗] 心跳: 5/5
09-10 07:51:20 [看门狗] 心跳: 5/5
09-10 07:55:54 [看门狗] 心跳: 5/5
09-10 08:02:06 p7060 任务脚本已死 → 自动补拉
09-10 08:02:07 p7060 已拉起任务脚本（队长·二号美人 gw=file://pzxy_p7060）
09-10 08:02:39 [看门狗] 心跳: 5/5
09-10 08:08:23 [内存] 已修剪 5 个游戏进程：3.2GB → 172.1MB（释放 3.0GB）
09-10 08:11:34 [看门狗] 心跳: 5/5
09-10 08:12:35 p19088 tp 状态消失（第1次，疑似服务器抹除）
09-10 08:12:37 p22696 tp 状态消失（第1次，疑似服务器抹除）
09-10 08:12:39 p10104 tp 状态消失（第1次，疑似服务器抹除）
09-10 08:12:40 p7060 tp 状态消失（第1次，疑似服务器抹除）
09-10 08:12:42 p21672 tp 状态消失（第1次，疑似服务器抹除）
09-10 08:12:42 [看门狗] 队伍数据连续读不到（212 轮），检查通道/面板
09-10 08:12:53 p19088 tp 连续消失 3 次 → 杀游戏重启闭环
09-10 08:12:54 p19088 旧游戏进程卡死，已强制结束
09-10 08:12:55 p19088 已重启为新进程 PID=11664，等待登录界面…
09-10 08:12:55 p22696 tp 连续消失 3 次 → 杀游戏重启闭环
09-10 08:12:56 p11664 检测到登录界面，开始播种…
09-10 08:12:56 p22696 旧游戏进程卡死，已强制结束
09-10 08:12:57 p22696 已重启为新进程 PID=22376，等待登录界面…
09-10 08:12:57 p21672 tp 连续消失 3 次 → 杀游戏重启闭环
09-10 08:12:58 p22376 检测到登录界面，开始播种…
09-10 08:12:58 p21672 旧游戏进程卡死，已强制结束
09-10 08:12:59 p21672 已重启为新进程 PID=21916，等待登录界面…
09-10 08:13:01 p21916 检测到登录界面，开始播种…
09-10 08:13:01 p10104 tp 连续消失 3 次 → 杀游戏重启闭环
09-10 08:13:02 p11664 播种成功 ✓
09-10 08:13:02 p11664 重放 member#3 登录点击 4 步…
09-10 08:13:02 p19088 → 新 PID=11664 播种/登录流程接管完成
09-10 08:13:02 p10104 旧游戏进程卡死，已强制结束
09-10 08:13:03 p10104 已重启为新进程 PID=8676，等待登录界面…
09-10 08:13:04 p22376 播种成功 ✓
09-10 08:13:04 p22376 重放 member#2 登录点击 4 步…
09-10 08:13:04 p22696 → 新 PID=22376 播种/登录流程接管完成
09-10 08:13:05 p8676 检测到登录界面，开始播种…
09-10 08:13:08 p7060 tp 连续消失 3 次 → 杀游戏重启闭环
09-10 08:13:08 p21916 播种成功 ✓
09-10 08:13:08 p21672 → 新 PID=21916 播种/登录流程接管完成
09-10 08:13:08 p21916 重放 member#4 登录点击 4 步…
09-10 08:13:09 p7060 旧游戏进程卡死，已强制结束
09-10 08:13:10 p7060 已重启为新进程 PID=11420，等待登录界面…
09-10 08:13:10 p11664 登录点击重放完毕，等待进入场景…
09-10 08:13:11 p11420 检测到登录界面，开始播种…
09-10 08:13:12 p11664 检测到已登录 ✓
09-10 08:13:12 p11664 重登待命：等队长联动信号（队长未就位/未建队则不动）
09-10 08:13:12 p8676 播种成功 ✓
09-10 08:13:12 p8676 重放 member#1 登录点击 4 步…
09-10 08:13:12 p10104 → 新 PID=8676 播种/登录流程接管完成
09-10 08:13:12 p22376 登录点击重放完毕，等待进入场景…
09-10 08:13:13 [看门狗] 队长 PID 变更 7060 → 11420，跟随新通道
09-10 08:13:14 p22376 检测到已登录 ✓
09-10 08:13:14 p22376 重登待命：等队长联动信号（队长未就位/未建队则不动）
09-10 08:13:16 p21916 登录点击重放完毕，等待进入场景…
09-10 08:13:17 p11420 播种成功 ✓
09-10 08:13:17 p11420 重放 leader#1 登录点击 4 步…
09-10 08:13:17 p7060 → 新 PID=11420 播种/登录流程接管完成
09-10 08:13:18 p21916 检测到已登录 ✓
09-10 08:13:18 p21916 重登待命：等队长联动信号（队长未就位/未建队则不动）
09-10 08:13:21 p8676 登录点击重放完毕，等待进入场景…
09-10 08:13:22 p8676 检测到已登录 ✓
09-10 08:13:22 p8676 重登待命：等队长联动信号（队长未就位/未建队则不动）
09-10 08:13:24 p11420 登录点击重放完毕，等待进入场景…
09-10 08:13:26 p11420 检测到已登录 ✓
09-10 08:13:26 [sat] 队长准备: 传送 大唐官府 + 走位 [139,80]
09-10 08:13:37 [sat] 队长当前位置: None（第1次传送后）
09-10 08:13:37 [sat] 面板读不到，按传送统一落点 [132,83] 兜底走位
09-10 08:13:37 [sat] [fail] tp 不可用
09-10 08:13:37 [sat] [warn] 第1轮走位未到锚点（pos=None）→ 重传送再来
09-10 08:13:41 [sat] 队长当前位置: None（第2次传送后）
09-10 08:13:41 [sat] 面板读不到，按传送统一落点 [132,83] 兜底走位
09-10 08:13:42 [sat] [fail] tp 不可用
09-10 08:13:42 [sat] [warn] 第2轮走位未到锚点（pos=None）→ 重传送再来
09-10 08:13:42 [sat] [fail] 队长两轮走位均未到达 [139,80]——本轮禁止队员归队（防打乱坐标）
09-10 08:13:44 [任务闸] 队长任务暂不启动：未到齐：p8676 p8676（掉线/未登录）、p22376 p22376（掉线/未登录）、p11664 p11664（掉线/未登录）、p21916 p21916（掉线/未登录）（队伍 ?/5）——请先完成组队或确认队友在线
09-10 08:13:44 [看门狗] 队伍数据连续读不到（216 轮），检查通道/面板
09-10 08:13:48 p11420 tp 状态消失（第1次，疑似服务器抹除）
09-10 08:14:04 p11420 tp 连续消失 3 次 → 杀游戏重启闭环
09-10 08:14:05 p11420 旧游戏进程卡死，已强制结束
09-10 08:14:06 p11420 已重启为新进程 PID=22684，等待登录界面…
09-10 08:14:08 p22684 检测到登录界面，开始播种…
09-10 08:14:15 [看门狗] 队长 PID 变更 11420 → 22684，跟随新通道
09-10 08:14:15 p22684 播种成功 ✓
09-10 08:14:15 p22684 重放 leader#1 登录点击 4 步…
09-10 08:14:15 p11420 → 新 PID=22684 播种/登录流程接管完成
09-10 08:14:21 p22684 登录点击重放完毕，等待进入场景…
09-10 08:14:22 p22684 检测到已登录 ✓
09-10 08:14:22 [sat] 队长准备: 传送 大唐官府 + 走位 [139,80]
09-10 08:14:33 [sat] 队长当前位置: None（第1次传送后）
09-10 08:14:33 [sat] 面板读不到，按传送统一落点 [132,83] 兜底走位
09-10 08:14:33 [sat] [fail] tp 不可用
09-10 08:14:33 [sat] [warn] 第1轮走位未到锚点（pos=None）→ 重传送再来
09-10 08:14:38 [sat] 队长当前位置: None（第2次传送后）
09-10 08:14:38 [sat] 面板读不到，按传送统一落点 [132,83] 兜底走位
09-10 08:14:38 [sat] [fail] tp 不可用
09-10 08:14:38 [sat] [warn] 第2轮走位未到锚点（pos=None）→ 重传送再来
09-10 08:14:38 [sat] [fail] 队长两轮走位均未到达 [139,80]——本轮禁止队员归队（防打乱坐标）
09-10 08:14:40 [任务闸] 队长任务暂不启动：未到齐：p8676 p8676（掉线/未登录）、p22376 p22376（掉线/未登录）、p11664 p11664（掉线/未登录）、p21916 p21916（掉线/未登录）（队伍 ?/5）——请先完成组队或确认队友在线
09-10 08:14:45 p22684 tp 状态消失（第1次，疑似服务器抹除）
09-10 08:14:46 [看门狗] 队伍数据连续读不到（220 轮），检查通道/面板
09-10 08:15:02 p22684 tp 连续消失 3 次 → 杀游戏重启闭环
09-10 08:15:02 p22684 旧游戏进程卡死，已强制结束
09-10 08:15:03 p22684 已重启为新进程 PID=2768，等待登录界面…
09-10 08:15:05 p2768 检测到登录界面，开始播种…
09-10 08:15:12 p2768 播种成功 ✓
09-10 08:15:12 p2768 重放 leader#1 登录点击 4 步…
09-10 08:15:12 p22684 → 新 PID=2768 播种/登录流程接管完成
09-10 08:15:16 [看门狗] 队长 PID 变更 22684 → 2768，跟随新通道
09-10 08:15:19 p2768 登录点击重放完毕，等待进入场景…
09-10 08:15:20 p2768 检测到已登录 ✓
09-10 08:15:20 [sat] 队长准备: 传送 大唐官府 + 走位 [139,80]
09-10 08:15:30 [sat] 队长当前位置: None（第1次传送后）
09-10 08:15:30 [sat] 面板读不到，按传送统一落点 [132,83] 兜底走位
09-10 08:15:30 [sat] [fail] tp 不可用
09-10 08:15:30 [sat] [warn] 第1轮走位未到锚点（pos=None）→ 重传送再来
09-10 08:15:35 [sat] 队长当前位置: None（第2次传送后）
09-10 08:15:35 [sat] 面板读不到，按传送统一落点 [132,83] 兜底走位
09-10 08:15:35 [sat] [fail] tp 不可用
09-10 08:15:35 [sat] [warn] 第2轮走位未到锚点（pos=None）→ 重传送再来
09-10 08:15:35 [sat] [fail] 队长两轮走位均未到达 [139,80]——本轮禁止队员归队（防打乱坐标）
09-10 08:15:37 [任务闸] 队长任务暂不启动：未到齐：p8676 p8676（掉线/未登录）、p22376 p22376（掉线/未登录）、p11664 p11664（掉线/未登录）、p21916 p21916（掉线/未登录）（队伍 ?/5）——请先完成组队或确认队友在线
09-10 08:15:42 p2768 tp 状态消失（第1次，疑似服务器抹除）
09-10 08:15:48 [看门狗] 队伍数据连续读不到（224 轮），检查通道/面板
09-10 08:15:58 p2768 tp 连续消失 3 次 → 杀游戏重启闭环
09-10 08:15:59 p2768 旧游戏进程卡死，已强制结束
09-10 08:16:00 p2768 已重启为新进程 PID=20528，等待登录界面…
09-10 08:16:01 p20528 检测到登录界面，开始播种…
09-10 08:16:03 [看门狗] 队长 PID 变更 2768 → 20528，跟随新通道
09-10 08:16:07 p20528 播种成功 ✓
09-10 08:16:07 p2768 → 新 PID=20528 播种/登录流程接管完成
09-10 08:16:14 p20528 登录点击重放完毕，等待进入场景…
09-10 08:16:16 p20528 检测到已登录 ✓
09-10 08:16:16 [sat] 队长准备: 传送 大唐官府 + 走位 [139,80]
09-10 08:16:26 [sat] 队长当前位置: (2640.0, 1660.0)（第1次传送后）
09-10 08:16:26 [sat] 走位点击 (540,240)（偏差 140,-60）——途中不点组队图标
09-10 08:16:31 [sat] 队长已就位: (2778.1291205805, 1600.8018054655)（目标 (2780.0, 1600.0)，±3 格容差）
09-10 08:16:33 [看门狗] 检测到缺员 0/5 → 打断抓鬼，启动补组队
09-10 08:16:33 [任务闸] 队长任务暂不启动：未到齐：p8676 p8676（掉线/未登录）、p22376 p22376（掉线/未登录）、p11664 p11664（掉线/未登录）、p21916 p21916（掉线/未登录）（队伍 0/5）——请先完成组队或确认队友在线
09-10 08:16:34 [sat] 队长准备: 传送 大唐官府 + 走位 [139,80]
09-10 08:16:34 [sat] 队长已在锚点附近 (2778.1291205805, 1600.8018054655)，跳过传送直接就位
09-10 08:16:34 [看门狗] 队伍已散（0 人）→ 重新建队
09-10 08:16:36 [sat] 建队第1次 脚底屏幕位 (417,292) → 身体点上移 50
09-10 08:16:39 [sat] 建队第1次 顶栏stats（应为 1）: ((1, 0, '二号美人'),)
09-10 08:16:40 [sat] 联动信号已发布: 队长 p20528 就位 (2778, 1601)（队员凭此行动）
09-10 08:16:42 p8676 收到队长联动 → 传送+申请归队
09-10 08:16:42 [sat] 当前成员数: 1（目标 5）
09-10 08:16:48 [sat] p8676: tp/窗口不可用
09-10 08:16:52 p11664 收到队长联动 → 传送+申请归队
09-10 08:16:54 p22376 收到队长联动 → 传送+申请归队
09-10 08:16:55 [sat] p8676: tp/窗口不可用
09-10 08:16:58 p21916 收到队长联动 → 传送+申请归队
09-10 08:16:58 [sat] p11664: tp/窗口不可用
09-10 08:17:01 [sat] p22376: tp/窗口不可用
09-10 08:17:02 [sat] p8676: tp/窗口不可用
09-10 08:17:04 [sat] p21916: tp/窗口不可用
09-10 08:17:05 [sat] p11664: tp/窗口不可用
09-10 08:17:08 [sat] p22376: tp/窗口不可用
09-10 08:17:08 [sat] p8676: 申请轮次结束（是否入队由队长批准裁决）
09-10 08:17:11 [sat] p21916: tp/窗口不可用
09-10 08:17:11 p8676 已拉起任务脚本（队员·三号美人 gw=file://pzxy_p8676）
09-10 08:17:12 [sat] p11664: tp/窗口不可用
09-10 08:17:14 [sat] p22376: tp/窗口不可用
09-10 08:17:17 [sat] p21916: tp/窗口不可用
09-10 08:17:18 [sat] p11664: 申请轮次结束（是否入队由队长批准裁决）
09-10 08:17:18 p11664 tp 状态消失（第1次，疑似服务器抹除）
09-10 08:17:20 [sat] p22376: 申请轮次结束（是否入队由队长批准裁决）
09-10 08:17:21 p11664 已拉起任务脚本（队员·这是猛男 gw=file://pzxy_p11664）
09-10 08:17:23 p22376 任务脚本已死 → 自动补拉
09-10 08:17:23 p22376 已拉起任务脚本（队员·这是帅哥 gw=file://pzxy_p22376）
09-10 08:17:23 [sat] p21916: 申请轮次结束（是否入队由队长批准裁决）
09-10 08:17:24 p22376 任务脚本已在跑，跳过
09-10 08:17:25 p21916 tp 状态消失（第1次，疑似服务器抹除）
09-10 08:17:26 p20528 任务脚本已死 → 自动补拉
09-10 08:17:26 [任务闸] 队长任务暂不启动：未到齐：p8676 p8676（在线但未入队）、p22376 p22376（在线但未入队）、p11664 p11664（在线但未入队）、p21916 p21916（在线但未入队）（队伍 1/5）——请先完成组队或确认队友在线
09-10 08:17:26 p21916 已拉起任务脚本（队员·一号美人 gw=file://pzxy_p21916）
09-10 08:17:29 p22376 tp 状态消失（第1次，疑似服务器抹除）
09-10 08:17:31 p8676 tp 状态消失（第1次，疑似服务器抹除）
09-10 08:17:36 p11664 tp 连续消失 3 次 → 杀游戏重启闭环
09-10 08:17:37 p11664 旧游戏进程卡死，已强制结束
09-10 08:17:38 p11664 已重启为新进程 PID=23516，等待登录界面…
09-10 08:17:39 p23516 检测到登录界面，开始播种…
09-10 08:17:40 p22376 tp 连续消失 3 次 → 杀游戏重启闭环
09-10 08:17:41 p22376 旧游戏进程卡死，已强制结束
09-10 08:17:42 p22376 已重启为新进程 PID=3960，等待登录界面…
09-10 08:17:42 p21916 tp 连续消失 3 次 → 杀游戏重启闭环
09-10 08:17:43 p21916 旧游戏进程卡死，已强制结束
09-10 08:17:44 p3960 检测到登录界面，开始播种…
09-10 08:17:44 p21916 已重启为新进程 PID=4068，等待登录界面…
09-10 08:17:45 p23516 播种成功 ✓
09-10 08:17:45 p23516 重放 member#3 登录点击 4 步…
09-10 08:17:45 p11664 → 新 PID=23516 播种/登录流程接管完成
09-10 08:17:46 p4068 检测到登录界面，开始播种…
09-10 08:17:51 p3960 播种成功 ✓
09-10 08:17:51 p22376 → 新 PID=3960 播种/登录流程接管完成
09-10 08:17:51 p8676 tp 连续消失 3 次 → 杀游戏重启闭环
09-10 08:17:52 p8676 旧游戏进程卡死，已强制结束
09-10 08:17:53 p8676 已重启为新进程 PID=22160，等待登录界面…
09-10 08:17:53 p4068 播种成功 ✓
09-10 08:17:53 p21916 → 新 PID=4068 播种/登录流程接管完成
09-10 08:17:53 p4068 重放 member#4 登录点击 4 步…
09-10 08:17:53 p23516 登录点击重放完毕，等待进入场景…
09-10 08:17:54 p22160 检测到登录界面，开始播种…
09-10 08:17:55 p23516 检测到已登录 ✓
09-10 08:17:55 p23516 重登待命：等队长联动信号（队长p20528 未就位/未建队则不动）
09-10 08:17:55 p23516 收到队长联动 → 传送+申请归队
09-10 08:17:55 [sat] p23516: 异图(江南野外≠队长大唐官府) 就地传送
09-10 08:17:58 [看门狗] 心跳: 1/5
09-10 08:17:59 p3960 登录点击重放完毕，等待进入场景…
09-10 08:18:00 p22160 播种成功 ✓
09-10 08:18:00 p22160 重放 member#1 登录点击 4 步…
09-10 08:18:00 p8676 → 新 PID=22160 播种/登录流程接管完成
09-10 08:18:01 p4068 登录点击重放完毕，等待进入场景…
09-10 08:18:01 p3960 检测到已登录 ✓
09-10 08:18:01 p3960 重登待命：等队长联动信号（队长p20528 未就位/未建队则不动）
09-10 08:18:01 p3960 收到队长联动 → 传送+申请归队
09-10 08:18:02 [sat] p3960: 异图(江南野外≠队长大唐官府) 就地传送
09-10 08:18:03 p4068 检测到已登录 ✓
09-10 08:18:03 p4068 重登待命：等队长联动信号（队长p20528 未就位/未建队则不动）
09-10 08:18:03 p4068 收到队长联动 → 传送+申请归队
09-10 08:18:03 [sat] p4068: 异图(江南野外≠队长大唐官府) 就地传送
09-10 08:18:07 [sat] p23516: 已点队长身体 (538,240)（第1次申请）
09-10 08:18:09 p22160 登录点击重放完毕，等待进入场景…
09-10 08:18:11 [sat] 当前成员数: 2（目标 5）
09-10 08:18:11 p22160 检测到已登录 ✓
09-10 08:18:11 p22160 重登待命：等队长联动信号（队长p20528 未就位/未建队则不动）
09-10 08:18:11 p22160 收到队长联动 → 传送+申请归队
09-10 08:18:12 [sat] p22160: 异图(江南野外≠队长大唐官府) 就地传送
09-10 08:18:13 [sat] p3960: 已点队长身体 (538,240)（第1次申请）
09-10 08:18:15 [sat] p4068: 已点队长身体 (538,240)（第1次申请）
09-10 08:18:19 [sat] p23516: 已点队长身体 (538,240)（第2次申请）
09-10 08:18:24 [sat] p22160: 已点队长身体 (538,240)（第1次申请）
09-10 08:18:24 [sat] p3960: 已点队长身体 (538,240)（第2次申请）
09-10 08:18:26 [sat] 当前成员数: 3（目标 5）
09-10 08:18:27 [sat] p4068: 已点队长身体 (538,240)（第2次申请）
09-10 08:18:30 p20528 任务脚本已死 → 自动补拉
09-10 08:18:30 [任务闸] 队长任务暂不启动：未到齐：p22160 p22160（掉线/未登录）、p3960 p3960（掉线/未登录）、p23516 p23516（掉线/未登录）、p4068 p4068（掉线/未登录）（队伍 4/5）——请先完成组队或确认队友在线
09-10 08:18:30 [sat] p23516: 已点队长身体 (538,240)（第3次申请）
09-10 08:18:31 [sat] 当前成员数: 4（目标 5）
09-10 08:18:35 [sat] p3960: 已点队长身体 (538,240)（第3次申请）
09-10 08:18:35 [sat] p22160: 已点队长身体 (538,240)（第2次申请）
09-10 08:18:36 [sat] 当前成员数: 5（目标 5）
09-10 08:18:36 [看门狗] 补组批准结束: 5/5
09-10 08:18:38 [sat] p23516: 申请轮次结束（是否入队由队长批准裁决）
09-10 08:18:39 [sat] p4068: 已点队长身体 (538,240)（第3次申请）
09-10 08:18:41 p23516 已拉起任务脚本（队员·这是猛男 gw=file://pzxy_p23516）
09-10 08:18:42 [sat] p3960: 申请轮次结束（是否入队由队长批准裁决）
09-10 08:18:44 [sat] 阵法验证: 天覆阵/4
09-10 08:18:44 p3960 已拉起任务脚本（队员·这是帅哥 gw=file://pzxy_p3960）
09-10 08:18:45 p3960 任务脚本已在跑，跳过
09-10 08:18:45 p23516 任务脚本已在跑，跳过
09-10 08:18:45 [sat] p22160: 已点队长身体 (538,240)（第3次申请）
09-10 08:18:46 [sat] p4068: 申请轮次结束（是否入队由队长批准裁决）
09-10 08:18:46 [任务闸] 队长任务暂不启动：未到齐：p22160 p22160（掉线/未登录）、p4068 p4068（掉线/未登录）（队伍 5/5）——请先完成组队或确认队友在线
09-10 08:18:46 [看门狗] 满员，抓鬼已恢复 ✓
09-10 08:18:48 p4068 已拉起任务脚本（队员·一号美人 gw=file://pzxy_p4068）
09-10 08:18:53 [sat] p22160: 申请轮次结束（是否入队由队长批准裁决）
09-10 08:18:56 p22160 已拉起任务脚本（队员·三号美人 gw=file://pzxy_p22160）
09-10 08:19:37 p20528 任务脚本已死 → 自动补拉
09-10 08:19:38 p20528 已拉起任务脚本（队长·二号美人 gw=file://pzxy_p20528）
09-10 08:22:28 [看门狗] 心跳: 5/5
09-10 08:28:10 p3960 tp 状态消失（第1次，疑似服务器抹除）
09-10 08:28:13 p22160 tp 状态消失（第1次，疑似服务器抹除）
09-10 08:28:13 p20528 tp 状态消失（第1次，疑似服务器抹除）
09-10 08:28:15 p4068 tp 状态消失（第1次，疑似服务器抹除）
09-10 08:28:17 p23516 tp 状态消失（第1次，疑似服务器抹除）
09-10 08:28:29 p3960 tp 连续消失 3 次 → 杀游戏重启闭环
09-10 08:28:30 p3960 旧游戏进程卡死，已强制结束
09-10 08:28:31 p3960 已重启为新进程 PID=9132，等待登录界面…
09-10 08:28:31 p22160 tp 连续消失 3 次 → 杀游戏重启闭环
09-10 08:28:32 p22160 旧游戏进程卡死，已强制结束
09-10 08:28:33 p9132 检测到登录界面，开始播种…
09-10 08:28:33 p22160 已重启为新进程 PID=11532，等待登录界面…
09-10 08:28:33 p23516 tp 连续消失 3 次 → 杀游戏重启闭环
09-10 08:28:34 p11532 检测到登录界面，开始播种…
09-10 08:28:34 p23516 旧游戏进程卡死，已强制结束
09-10 08:28:35 p23516 已重启为新进程 PID=9868，等待登录界面…
09-10 08:28:35 p20528 tp 连续消失 3 次 → 杀游戏重启闭环
09-10 08:28:36 p9868 检测到登录界面，开始播种…
09-10 08:28:37 p20528 旧游戏进程卡死，已强制结束
09-10 08:28:38 p20528 已重启为新进程 PID=15084，等待登录界面…
09-10 08:28:39 p15084 检测到登录界面，开始播种…
09-10 08:28:40 [看门狗] 队长 PID 变更 20528 → 15084，跟随新通道
09-10 08:28:42 p9132 播种成功 ✓
09-10 08:28:42 p9132 重放 member#2 登录点击 4 步…
09-10 08:28:42 p3960 → 新 PID=9132 播种/登录流程接管完成
09-10 08:28:43 p11532 播种成功 ✓
09-10 08:28:43 p11532 重放 member#1 登录点击 4 步…
09-10 08:28:43 p22160 → 新 PID=11532 播种/登录流程接管完成
09-10 08:28:43 p4068 tp 连续消失 3 次 → 杀游戏重启闭环
09-10 08:28:44 p4068 旧游戏进程卡死，已强制结束
09-10 08:28:45 p9868 播种成功 ✓
09-10 08:28:45 p9868 重放 member#3 登录点击 4 步…
09-10 08:28:45 p23516 → 新 PID=9868 播种/登录流程接管完成
09-10 08:28:46 p4068 已重启为新进程 PID=19552，等待登录界面…
09-10 08:28:48 p19552 检测到登录界面，开始播种…
09-10 08:28:48 p15084 播种成功 ✓
09-10 08:28:48 p15084 重放 leader#1 登录点击 4 步…
09-10 08:28:48 p20528 → 新 PID=15084 播种/登录流程接管完成
09-10 08:28:50 p9132 登录点击重放完毕，等待进入场景…
09-10 08:28:52 p9132 检测到已登录 ✓
09-10 08:28:52 p9132 重登待命：等队长联动信号（队长未就位/未建队则不动）
09-10 08:28:52 p9132 收到队长联动 → 传送+申请归队
09-10 08:28:52 p11532 登录点击重放完毕，等待进入场景…
09-10 08:28:53 p9868 登录点击重放完毕，等待进入场景…
09-10 08:28:54 p11532 检测到已登录 ✓
09-10 08:28:54 p11532 重登待命：等队长联动信号（队长未就位/未建队则不动）
09-10 08:28:54 p11532 收到队长联动 → 传送+申请归队
09-10 08:28:54 p19552 播种成功 ✓
09-10 08:28:54 p4068 → 新 PID=19552 播种/登录流程接管完成
09-10 08:28:54 p19552 重放 member#4 登录点击 4 步…
09-10 08:28:55 p15084 登录点击重放完毕，等待进入场景…
09-10 08:28:56 p9868 检测到已登录 ✓
09-10 08:28:56 p9868 重登待命：等队长联动信号（队长未就位/未建队则不动）
09-10 08:28:56 p9868 收到队长联动 → 传送+申请归队
09-10 08:28:58 p15084 检测到已登录 ✓
09-10 08:28:58 [sat] 队长准备: 传送 大唐官府 + 走位 [139,80]
09-10 08:28:58 [sat] p9132: tp/窗口不可用
09-10 08:28:59 [sat] p11532: tp/窗口不可用
09-10 08:29:02 [sat] p9868: tp/窗口不可用
09-10 08:29:03 p19552 登录点击重放完毕，等待进入场景…
09-10 08:29:04 p19552 检测到已登录 ✓
09-10 08:29:04 p19552 重登待命：等队长联动信号（队长未就位/未建队则不动）
09-10 08:29:04 p19552 收到队长联动 → 传送+申请归队
09-10 08:29:04 [sat] p9132: tp/窗口不可用
09-10 08:29:05 [sat] p11532: tp/窗口不可用
09-10 08:29:08 [sat] p9868: tp/窗口不可用
09-10 08:29:09 [sat] 队长当前位置: None（第1次传送后）
09-10 08:29:09 [sat] 面板读不到，按传送统一落点 [132,83] 兜底走位
09-10 08:29:09 [sat] [fail] tp 不可用
09-10 08:29:09 [sat] [warn] 第1轮走位未到锚点（pos=None）→ 重传送再来
09-10 08:29:10 [sat] p19552: tp/窗口不可用
09-10 08:29:10 [sat] p9132: tp/窗口不可用
09-10 08:29:12 [sat] p11532: tp/窗口不可用
09-10 08:29:14 [sat] 队长当前位置: None（第2次传送后）
09-10 08:29:14 [sat] 面板读不到，按传送统一落点 [132,83] 兜底走位
09-10 08:29:14 [sat] [fail] tp 不可用
09-10 08:29:14 [sat] [warn] 第2轮走位未到锚点（pos=None）→ 重传送再来
09-10 08:29:14 [sat] [fail] 队长两轮走位均未到达 [139,80]——本轮禁止队员归队（防打乱坐标）
09-10 08:29:14 [sat] p9868: tp/窗口不可用
09-10 08:29:16 [任务闸] 队长任务暂不启动：未到齐：p11532 p11532（掉线/未登录）、p9132 p9132（掉线/未登录）、p9868 p9868（掉线/未登录）、p19552 p19552（掉线/未登录）（队伍 ?/5）——请先完成组队或确认队友在线
09-10 08:29:16 [sat] p9132: 申请轮次结束（是否入队由队长批准裁决）
09-10 08:29:16 [sat] p19552: tp/窗口不可用
09-10 08:29:18 [sat] p11532: 申请轮次结束（是否入队由队长批准裁决）
09-10 08:29:19 p9132 已拉起任务脚本（队员·这是帅哥 gw=file://pzxy_p9132）
09-10 08:29:20 p11532 tp 状态消失（第1次，疑似服务器抹除）
09-10 08:29:20 [sat] p9868: 申请轮次结束（是否入队由队长批准裁决）
09-10 08:29:20 p11532 已拉起任务脚本（队员·三号美人 gw=file://pzxy_p11532）
09-10 08:29:22 p9132 tp 状态消失（第1次，疑似服务器抹除）
09-10 08:29:23 [sat] p19552: tp/窗口不可用
09-10 08:29:23 p9868 已拉起任务脚本（队员·这是猛男 gw=file://pzxy_p9868）
09-10 08:29:27 p9132 tp 连续消失 3 次 → 杀游戏重启闭环
09-10 08:29:28 p9132 旧游戏进程卡死，已强制结束
09-10 08:29:29 p9132 已重启为新进程 PID=7152，等待登录界面…
09-10 08:29:29 [sat] p19552: 申请轮次结束（是否入队由队长批准裁决）
09-10 08:29:29 p9868 tp 状态消失（第1次，疑似服务器抹除）
09-10 08:29:31 p7152 检测到登录界面，开始播种…
09-10 08:29:32 p19552 已拉起任务脚本（队员·一号美人 gw=file://pzxy_p19552）
09-10 08:29:33 p9868 tp 连续消失 3 次 → 杀游戏重启闭环
09-10 08:29:34 p9868 旧游戏进程卡死，已强制结束
09-10 08:29:35 p9868 已重启为新进程 PID=3888，等待登录界面…
09-10 08:29:35 p19552 tp 状态消失（第1次，疑似服务器抹除）
09-10 08:29:37 p7152 播种成功 ✓
09-10 08:29:37 p7152 重放 member#2 登录点击 4 步…
09-10 08:29:37 p9132 → 新 PID=7152 播种/登录流程接管完成
09-10 08:29:37 p3888 检测到登录界面，开始播种…
09-10 08:29:38 p15084 tp 状态消失（第1次，疑似服务器抹除）
09-10 08:29:44 p3888 播种成功 ✓
09-10 08:29:44 p3888 重放 member#3 登录点击 4 步…
09-10 08:29:44 p9868 → 新 PID=3888 播种/登录流程接管完成
09-10 08:29:44 p15084 任务脚本已死 → 自动补拉
09-10 08:29:44 [任务闸] 队长任务暂不启动：未到齐：p7152 p7152（掉线/未登录）、p3888 p3888（掉线/未登录）（队伍 ?/5）——请先完成组队或确认队友在线
09-10 08:29:45 p7152 登录点击重放完毕，等待进入场景…
09-10 08:29:48 p7152 检测到已登录 ✓
09-10 08:29:48 p7152 重登待命：等队长联动信号（队长p15084 未就位/未建队则不动）
09-10 08:29:48 p7152 收到队长联动 → 传送+申请归队
09-10 08:29:50 p11532 tp 连续消失 3 次 → 杀游戏重启闭环
09-10 08:29:51 p11532 旧游戏进程卡死，已强制结束
09-10 08:29:52 p3888 登录点击重放完毕，等待进入场景…
09-10 08:29:52 p3888 检测到已登录 ✓
09-10 08:29:52 p3888 重登待命：等队长联动信号（队长p15084 未就位/未建队则不动）
09-10 08:29:52 p3888 收到队长联动 → 传送+申请归队
09-10 08:29:52 p11532 已重启为新进程 PID=15776，等待登录界面…
09-10 08:29:52 p15084 tp 连续消失 3 次 → 杀游戏重启闭环
09-10 08:29:53 p15084 旧游戏进程卡死，已强制结束
09-10 08:29:54 [sat] p7152: tp/窗口不可用
09-10 08:29:54 p15776 检测到登录界面，开始播种…
09-10 08:29:54 p15084 已重启为新进程 PID=8240，等待登录界面…
09-10 08:29:56 p8240 检测到登录界面，开始播种…
09-10 08:29:59 [sat] p3888: tp/窗口不可用
09-10 08:29:59 [看门狗] 队长 PID 变更 15084 → 8240，跟随新通道
09-10 08:30:00 [sat] p7152: tp/窗口不可用
09-10 08:30:01 p19552 tp 连续消失 3 次 → 杀游戏重启闭环
09-10 08:30:01 p15776 播种成功 ✓
09-10 08:30:01 p11532 → 新 PID=15776 播种/登录流程接管完成
09-10 08:30:01 p15776 重放 member#1 登录点击 4 步…
09-10 08:30:02 p19552 旧游戏进程卡死，已强制结束
09-10 08:30:03 p19552 已重启为新进程 PID=12112，等待登录界面…
09-10 08:30:03 p8240 播种成功 ✓
09-10 08:30:03 p8240 重放 leader#1 登录点击 4 步…
09-10 08:30:03 p15084 → 新 PID=8240 播种/登录流程接管完成
09-10 08:30:04 p12112 检测到登录界面，开始播种…
09-10 08:30:06 [sat] p3888: tp/窗口不可用
09-10 08:30:07 [sat] p7152: tp/窗口不可用
09-10 08:30:09 p8240 登录点击重放完毕，等待进入场景…
09-10 08:30:10 p15776 登录点击重放完毕，等待进入场景…
09-10 08:30:10 p12112 播种成功 ✓
09-10 08:30:10 p12112 重放 member#4 登录点击 4 步…
09-10 08:30:10 p19552 → 新 PID=12112 播种/登录流程接管完成
09-10 08:30:11 p15776 检测到已登录 ✓
09-10 08:30:11 p15776 重登待命：等队长联动信号（队长未就位/未建队则不动）
09-10 08:30:11 p8240 检测到已登录 ✓
09-10 08:30:11 p15776 收到队长联动 → 传送+申请归队
09-10 08:30:11 [sat] 队长准备: 传送 大唐官府 + 走位 [139,80]
09-10 08:30:12 [sat] p3888: tp/窗口不可用
09-10 08:30:13 [sat] p7152: 申请轮次结束（是否入队由队长批准裁决）
09-10 08:30:16 p7152 已拉起任务脚本（队员·这是帅哥 gw=file://pzxy_p7152）
09-10 08:30:17 [sat] p15776: tp/窗口不可用
09-10 08:30:18 p12112 登录点击重放完毕，等待进入场景…
09-10 08:30:18 [sat] p3888: 申请轮次结束（是否入队由队长批准裁决）
09-10 08:30:19 p3888 tp 状态消失（第1次，疑似服务器抹除）
09-10 08:30:21 p12112 检测到已登录 ✓
09-10 08:30:21 p12112 重登待命：等队长联动信号（队长未就位/未建队则不动）
09-10 08:30:21 p12112 收到队长联动 → 传送+申请归队
09-10 08:30:21 p3888 已拉起任务脚本（队员·这是猛男 gw=file://pzxy_p3888）
09-10 08:30:22 [sat] 队长当前位置: None（第1次传送后）
09-10 08:30:22 [sat] 面板读不到，按传送统一落点 [132,83] 兜底走位
09-10 08:30:22 [sat] [fail] tp 不可用
09-10 08:30:22 [sat] [warn] 第1轮走位未到锚点（pos=None）→ 重传送再来
09-10 08:30:23 [sat] p15776: tp/窗口不可用
09-10 08:30:27 [sat] p12112: tp/窗口不可用
09-10 08:30:27 [sat] 队长当前位置: None（第2次传送后）
09-10 08:30:27 [sat] 面板读不到，按传送统一落点 [132,83] 兜底走位
09-10 08:30:27 [sat] [fail] tp 不可用
09-10 08:30:27 [sat] [warn] 第2轮走位未到锚点（pos=None）→ 重传送再来
09-10 08:30:27 [sat] [fail] 队长两轮走位均未到达 [139,80]——本轮禁止队员归队（防打乱坐标）
09-10 08:30:27 p3888 tp 连续消失 3 次 → 杀游戏重启闭环
09-10 08:30:28 p3888 旧游戏进程卡死，已强制结束
09-10 08:30:29 [任务闸] 队长任务暂不启动：未到齐：p15776 p15776（掉线/未登录）、p3888 p3888（掉线/未登录）、p12112 p12112（掉线/未登录）（队伍 ?/5）——请先完成组队或确认队友在线
09-10 08:30:29 [sat] p15776: tp/窗口不可用
09-10 08:30:29 p3888 已重启为新进程 PID=10372，等待登录界面…
09-10 08:30:31 p10372 检测到登录界面，开始播种…
09-10 08:30:31 p7152 tp 状态消失（第1次，疑似服务器抹除）
09-10 08:30:33 [sat] p12112: tp/窗口不可用
09-10 08:30:35 [sat] p15776: 申请轮次结束（是否入队由队长批准裁决）
09-10 08:30:36 p15776 tp 状态消失（第1次，疑似服务器抹除）
09-10 08:30:38 p10372 播种成功 ✓
09-10 08:30:38 p10372 重放 member#3 登录点击 4 步…
09-10 08:30:38 p3888 → 新 PID=10372 播种/登录流程接管完成
09-10 08:30:38 p15776 已拉起任务脚本（队员·三号美人 gw=file://pzxy_p15776）
09-10 08:30:39 [sat] p12112: tp/窗口不可用
09-10 08:30:40 p8240 tp 状态消失（第1次，疑似服务器抹除）
09-10 08:30:45 [sat] p12112: 申请轮次结束（是否入队由队长批准裁决）
09-10 08:30:46 p10372 登录点击重放完毕，等待进入场景…
09-10 08:30:46 p7152 tp 连续消失 3 次 → 杀游戏重启闭环
09-10 08:30:48 p7152 旧游戏进程卡死，已强制结束
09-10 08:30:48 p12112 已拉起任务脚本（队员·一号美人 gw=file://pzxy_p12112）
09-10 08:30:48 p10372 检测到已登录 ✓
09-10 08:30:48 p10372 重登待命：等队长联动信号（队长p8240 未就位/未建队则不动）
09-10 08:30:48 p10372 收到队长联动 → 传送+申请归队
09-10 08:30:49 p7152 已重启为新进程 PID=3364，等待登录界面…
09-10 08:30:49 p12112 tp 状态消失（第1次，疑似服务器抹除）
09-10 08:30:49 p8240 任务脚本已死 → 自动补拉
09-10 08:30:49 [任务闸] 队长任务暂不启动：未到齐：p7152 p7152（掉线/未登录）、p10372 p10372（掉线/未登录）（队伍 ?/5）——请先完成组队或确认队友在线
09-10 08:30:51 p3364 检测到登录界面，开始播种…
09-10 08:30:55 p15776 tp 连续消失 3 次 → 杀游戏重启闭环
09-10 08:30:56 p15776 旧游戏进程卡死，已强制结束
09-10 08:30:57 p15776 已重启为新进程 PID=10400，等待登录界面…
09-10 08:30:57 p3364 播种成功 ✓
09-10 08:30:57 p3364 重放 member#2 登录点击 4 步…
09-10 08:30:57 p7152 → 新 PID=3364 播种/登录流程接管完成
09-10 08:30:57 p8240 tp 连续消失 3 次 → 杀游戏重启闭环
09-10 08:30:58 p10400 检测到登录界面，开始播种…
09-10 08:30:58 p8240 旧游戏进程卡死，已强制结束
09-10 08:30:59 p8240 已重启为新进程 PID=13392，等待登录界面…
09-10 08:31:00 p13392 检测到登录界面，开始播种…
09-10 08:31:00 [sat] p10372: 已点队长身体 (538,240)（第1次申请）
09-10 08:31:04 p10400 播种成功 ✓
09-10 08:31:04 p15776 → 新 PID=10400 播种/登录流程接管完成
09-10 08:31:04 p10400 重放 member#1 登录点击 4 步…
09-10 08:31:05 [看门狗] 队长 PID 变更 8240 → 13392，跟随新通道
09-10 08:31:05 p3364 登录点击重放完毕，等待进入场景…
09-10 08:31:07 p3364 检测到已登录 ✓
09-10 08:31:07 p3364 重登待命：等队长联动信号（队长未就位/未建队则不动）
09-10 08:31:07 p3364 收到队长联动 → 传送+申请归队
09-10 08:31:08 p13392 播种成功 ✓
09-10 08:31:08 p13392 重放 leader#1 登录点击 4 步…
09-10 08:31:08 p8240 → 新 PID=13392 播种/登录流程接管完成
09-10 08:31:12 [sat] p10372: 已点队长身体 (412,338)（第2次申请）
09-10 08:31:13 p10400 登录点击重放完毕，等待进入场景…
09-10 08:31:14 p12112 tp 连续消失 3 次 → 杀游戏重启闭环
09-10 08:31:14 p13392 登录点击重放完毕，等待进入场景…
09-10 08:31:15 p12112 旧游戏进程卡死，已强制结束
09-10 08:31:16 p10400 检测到已登录 ✓
09-10 08:31:16 p10400 重登待命：等队长联动信号（队长未就位/未建队则不动）
09-10 08:31:16 p13392 检测到已登录 ✓
09-10 08:31:16 p10400 收到队长联动 → 传送+申请归队
09-10 08:31:16 [sat] 队长准备: 传送 大唐官府 + 走位 [139,80]
09-10 08:31:16 p12112 已重启为新进程 PID=19552，等待登录界面…
09-10 08:31:18 p19552 检测到登录界面，开始播种…
09-10 08:31:18 [sat] p3364: 已点队长身体 (538,240)（第1次申请）
09-10 08:31:22 [sat] p10372: 已点队长身体 (412,338)（第3次申请）
09-10 08:31:24 p19552 播种成功 ✓
09-10 08:31:24 p19552 重放 member#4 登录点击 4 步…
09-10 08:31:24 p12112 → 新 PID=19552 播种/登录流程接管完成
09-10 08:31:24 [sat] 队长当前位置: (2640.0, 1660.0)（第1次传送后）
09-10 08:31:25 [sat] 走位点击 (540,240)（偏差 140,-60）——途中不点组队图标
09-10 08:31:27 [sat] p10400: 已点队长身体 (538,240)（第1次申请）
09-10 08:31:29 [sat] p3364: 已点队长身体 (419,337)（第2次申请）
09-10 08:31:29 [sat] p10372: 申请轮次结束（是否入队由队长批准裁决）
09-10 08:31:29 [sat] 队长已就位: (2778.1291194163, 1600.8018059645)（目标 (2780.0, 1600.0)，±3 格容差）
09-10 08:31:31 [任务闸] 队长任务暂不启动：未到齐：p10400 p10400（掉线/未登录）、p3364 p3364（掉线/未登录）、p19552 p19552（掉线/未登录）、p10372 p10372（在线但未入队）（队伍 0/5）——请先完成组队或确认队友在线
09-10 08:31:32 p10372 已拉起任务脚本（队员·这是猛男 gw=file://pzxy_p10372）
09-10 08:31:32 p19552 登录点击重放完毕，等待进入场景…
09-10 08:31:34 p19552 检测到已登录 ✓
09-10 08:31:34 p19552 重登待命：等队长联动信号（队长p13392 未就位/未建队则不动）
09-10 08:31:34 p19552 收到队长联动 → 传送+申请归队
09-10 08:31:34 [sat] p19552: 异图(江南野外≠队长大唐官府) 就地传送
09-10 08:31:37 [看门狗] 检测到缺员 0/5 → 打断抓鬼，启动补组队
09-10 08:31:38 [sat] 队长准备: 传送 大唐官府 + 走位 [139,80]
09-10 08:31:38 [sat] 队长已在锚点附近 (2778.1291194163, 1600.8018059645)，跳过传送直接就位
09-10 08:31:38 [看门狗] 队伍已散（0 人）→ 重新建队
09-10 08:31:39 [sat] 建队第1次 脚底屏幕位 (417,292) → 身体点上移 50
09-10 08:31:39 [sat] p10400: 已点队长身体 (538,240)（第2次申请）
09-10 08:31:40 [sat] p3364: 已点队长身体 (419,337)（第3次申请）
09-10 08:31:42 [sat] 建队第1次 顶栏stats（应为 1）: ((1, 0, '二号美人'),)
09-10 08:31:42 [sat] 联动信号已发布: 队长 p13392 就位 (2778, 1601)（队员凭此行动）
09-10 08:31:42 [看门狗] 1 名在线队员并行申请归队
09-10 08:31:43 [sat] p10372: 已与队长同图(大唐官府)，直接申请
09-10 08:31:45 [sat] p19552: 已点队长身体 (538,240)（第1次申请）
09-10 08:31:46 [sat] p10372: 已点队长身体 (412,338)（第1次申请）
09-10 08:31:47 [sat] p3364: 申请轮次结束（是否入队由队长批准裁决）
09-10 08:31:50 p3364 已拉起任务脚本（队员·这是帅哥 gw=file://pzxy_p3364）
09-10 08:31:50 [sat] p10400: 已点队长身体 (538,240)（第3次申请）
09-10 08:31:55 p13392 任务脚本已死 → 自动补拉
09-10 08:31:55 [任务闸] 队长任务暂不启动：未到齐：p10400 p10400（掉线/未登录）、p19552 p19552（掉线/未登录）、p3364 p3364（在线但未入队）、p10372 p10372（在线但未入队）（队伍 1/5）——请先完成组队或确认队友在线
09-10 08:31:56 [sat] p19552: 已点队长身体 (538,240)（第2次申请）
09-10 08:31:57 [sat] p10372: 已点队长身体 (412,338)（第2次申请）
09-10 08:31:57 [sat] p10400: 申请轮次结束（是否入队由队长批准裁决）
09-10 08:32:00 p10400 已拉起任务脚本（队员·三号美人 gw=file://pzxy_p10400）
09-10 08:32:07 [sat] p10372: 已点队长身体 (412,338)（第3次申请）
09-10 08:32:08 [sat] p19552: 已点队长身体 (538,240)（第3次申请）
09-10 08:32:14 [sat] p19552: 申请轮次结束（是否入队由队长批准裁决）
09-10 08:32:15 [sat] p10372: 申请轮次结束（是否入队由队长批准裁决）
09-10 08:32:17 p19552 已拉起任务脚本（队员·一号美人 gw=file://pzxy_p19552）
09-10 08:32:18 [sat] 当前成员数: 1（目标 5）
09-10 08:32:23 [sat] 当前成员数: 2（目标 5）
09-10 08:32:28 [sat] 当前成员数: 3（目标 5）
09-10 08:32:33 [sat] 当前成员数: 4（目标 5）
09-10 08:32:38 [sat] 当前成员数: 5（目标 5）
09-10 08:32:38 [看门狗] 补组批准结束: 5/5
09-10 08:32:43 [看门狗] 队伍满员 5/5，恢复抓鬼
09-10 08:32:44 p10400 任务脚本已在跑，跳过
09-10 08:32:45 [sat] 阵法验证: 天覆阵/4
09-10 08:32:45 p3364 任务脚本已在跑，跳过
09-10 08:32:45 p10400 任务脚本已在跑，跳过
09-10 08:32:46 p10372 任务脚本已在跑，跳过
09-10 08:32:46 p3364 任务脚本已在跑，跳过
09-10 08:32:47 p19552 任务脚本已在跑，跳过
09-10 08:32:47 p10372 任务脚本已在跑，跳过
09-10 08:32:48 p13392 已拉起任务脚本（队长·二号美人 gw=file://pzxy_p13392）
09-10 08:32:48 p19552 任务脚本已在跑，跳过
09-10 08:32:49 p13392 任务脚本已在跑，跳过
09-10 08:32:49 [看门狗] 满员，抓鬼已恢复 ✓
09-10 08:33:32 p19552 tp 状态消失（第1次，疑似服务器抹除）
09-10 08:33:35 p10372 tp 状态消失（第1次，疑似服务器抹除）
09-10 08:33:37 p3364 tp 状态消失（第1次，疑似服务器抹除）
09-10 08:33:39 p10400 tp 状态消失（第1次，疑似服务器抹除）
09-10 08:33:39 p13392 tp 状态消失（第1次，疑似服务器抹除）
09-10 08:33:40 [看门狗] 队伍数据连续读不到（288 轮），检查通道/面板
09-10 08:33:50 p19552 tp 连续消失 3 次 → 杀游戏重启闭环
09-10 08:33:51 p19552 旧游戏进程卡死，已强制结束
09-10 08:33:52 p19552 已重启为新进程 PID=13992，等待登录界面…
09-10 08:33:52 p10372 tp 连续消失 3 次 → 杀游戏重启闭环
09-10 08:33:53 p10372 旧游戏进程卡死，已强制结束
09-10 08:33:54 p13992 检测到登录界面，开始播种…
09-10 08:33:55 p10372 已重启为新进程 PID=2500，等待登录界面…
09-10 08:33:56 p13392 tp 连续消失 3 次 → 杀游戏重启闭环
09-10 08:33:57 p2500 检测到登录界面，开始播种…
09-10 08:33:58 p13392 旧游戏进程卡死，已强制结束
09-10 08:33:59 p13392 已重启为新进程 PID=3724，等待登录界面…
09-10 08:34:01 p3724 检测到登录界面，开始播种…
09-10 08:34:01 p3364 tp 连续消失 3 次 → 杀游戏重启闭环
09-10 08:34:01 p13992 播种成功 ✓
09-10 08:34:01 p13992 重放 member#4 登录点击 4 步…
09-10 08:34:01 p19552 → 新 PID=13992 播种/登录流程接管完成
09-10 08:34:02 p3364 旧游戏进程卡死，已强制结束
09-10 08:34:03 p3364 已重启为新进程 PID=21900，等待登录界面…
09-10 08:34:03 p2500 播种成功 ✓
09-10 08:34:03 p2500 重放 member#3 登录点击 4 步…
09-10 08:34:03 p10372 → 新 PID=2500 播种/登录流程接管完成
09-10 08:34:05 p21900 检测到登录界面，开始播种…
09-10 08:34:07 p3724 播种成功 ✓
09-10 08:34:07 p3724 重放 leader#1 登录点击 4 步…
09-10 08:34:07 p13392 → 新 PID=3724 播种/登录流程接管完成
09-10 08:34:09 p10400 tp 连续消失 3 次 → 杀游戏重启闭环
09-10 08:34:09 p13992 登录点击重放完毕，等待进入场景…
09-10 08:34:10 p10400 旧游戏进程卡死，已强制结束
09-10 08:34:11 p2500 登录点击重放完毕，等待进入场景…
09-10 08:34:11 p13992 检测到已登录 ✓
09-10 08:34:11 p13992 重登待命：等队长联动信号（队长未就位/未建队则不动）
09-10 08:34:11 p13992 收到队长联动 → 传送+申请归队
09-10 08:34:11 p10400 已重启为新进程 PID=10696，等待登录界面…
09-10 08:34:11 p21900 播种成功 ✓
09-10 08:34:11 p21900 重放 member#2 登录点击 4 步…
09-10 08:34:11 p3364 → 新 PID=21900 播种/登录流程接管完成
09-10 08:34:11 [看门狗] 队长 PID 变更 13392 → 3724，跟随新通道
09-10 08:34:12 p10696 检测到登录界面，开始播种…
09-10 08:34:13 p2500 检测到已登录 ✓
09-10 08:34:13 p2500 重登待命：等队长联动信号（队长未就位/未建队则不动）
09-10 08:34:13 p2500 收到队长联动 → 传送+申请归队
09-10 08:34:14 p3724 登录点击重放完毕，等待进入场景…
09-10 08:34:15 p3724 检测到已登录 ✓
09-10 08:34:15 [sat] 队长准备: 传送 大唐官府 + 走位 [139,80]
09-10 08:34:17 [sat] p13992: tp/窗口不可用
09-10 08:34:18 p10696 播种成功 ✓
09-10 08:34:18 p10400 → 新 PID=10696 播种/登录流程接管完成
09-10 08:34:18 p10696 重放 member#1 登录点击 4 步…
09-10 08:34:19 [sat] p2500: tp/窗口不可用
09-10 08:34:19 p21900 登录点击重放完毕，等待进入场景…
09-10 08:34:21 p21900 检测到已登录 ✓
09-10 08:34:21 p21900 重登待命：等队长联动信号（队长未就位/未建队则不动）
09-10 08:34:21 p21900 收到队长联动 → 传送+申请归队
09-10 08:34:23 [sat] p13992: tp/窗口不可用
09-10 08:34:25 [sat] p2500: tp/窗口不可用
09-10 08:34:27 [sat] 队长当前位置: None（第1次传送后）
09-10 08:34:27 [sat] 面板读不到，按传送统一落点 [132,83] 兜底走位
09-10 08:34:27 [sat] [fail] tp 不可用
09-10 08:34:27 [sat] [warn] 第1轮走位未到锚点（pos=None）→ 重传送再来
09-10 08:34:27 p10696 登录点击重放完毕，等待进入场景…
09-10 08:34:27 [sat] p21900: tp/窗口不可用
09-10 08:34:29 p10696 检测到已登录 ✓
09-10 08:34:29 p10696 重登待命：等队长联动信号（队长未就位/未建队则不动）
09-10 08:34:29 p10696 收到队长联动 → 传送+申请归队
09-10 08:34:29 [sat] p13992: tp/窗口不可用
09-10 08:34:31 [sat] p2500: tp/窗口不可用
09-10 08:34:31 [sat] 队长当前位置: None（第2次传送后）
09-10 08:34:31 [sat] 面板读不到，按传送统一落点 [132,83] 兜底走位
09-10 08:34:31 [sat] [fail] tp 不可用
09-10 08:34:31 [sat] [warn] 第2轮走位未到锚点（pos=None）→ 重传送再来
09-10 08:34:31 [sat] [fail] 队长两轮走位均未到达 [139,80]——本轮禁止队员归队（防打乱坐标）
09-10 08:34:33 [sat] p21900: tp/窗口不可用
09-10 08:34:34 [任务闸] 队长任务暂不启动：未到齐：p10696 p10696（掉线/未登录）、p21900 p21900（掉线/未登录）、p2500 p2500（掉线/未登录）、p13992 p13992（掉线/未登录）（队伍 ?/5）——请先完成组队或确认队友在线
09-10 08:34:34 [sat] p10696: tp/窗口不可用
09-10 08:34:35 [sat] p13992: 申请轮次结束（是否入队由队长批准裁决）
09-10 08:34:37 p3724 tp 状态消失（第1次，疑似服务器抹除）
09-10 08:34:37 [sat] p2500: 申请轮次结束（是否入队由队长批准裁决）
09-10 08:34:38 p13992 已拉起任务脚本（队员·一号美人 gw=file://pzxy_p13992）
09-10 08:34:40 [sat] p21900: tp/窗口不可用
09-10 08:34:40 p2500 已拉起任务脚本（队员·这是猛男 gw=file://pzxy_p2500）
09-10 08:34:41 [sat] p10696: tp/窗口不可用
09-10 08:34:41 p2500 tp 状态消失（第1次，疑似服务器抹除）
09-10 08:34:42 [看门狗] 队伍数据连续读不到（292 轮），检查通道/面板
09-10 08:34:43 p13992 tp 状态消失（第1次，疑似服务器抹除）
09-10 08:34:46 [sat] p21900: 申请轮次结束（是否入队由队长批准裁决）
09-10 08:34:47 [sat] p10696: tp/窗口不可用
09-10 08:34:48 p3724 tp 连续消失 3 次 → 杀游戏重启闭环
09-10 08:34:49 p21900 已拉起任务脚本（队员·这是帅哥 gw=file://pzxy_p21900）
09-10 08:34:49 p3724 旧游戏进程卡死，已强制结束
09-10 08:34:50 p3724 已重启为新进程 PID=10092，等待登录界面…
09-10 08:34:51 p10092 检测到登录界面，开始播种…
09-10 08:34:52 p21900 tp 状态消失（第1次，疑似服务器抹除）
09-10 08:34:53 [sat] p10696: 申请轮次结束（是否入队由队长批准裁决）
09-10 08:34:56 p10696 已拉起任务脚本（队员·三号美人 gw=file://pzxy_p10696）
09-10 08:34:57 p21900 tp 连续消失 3 次 → 杀游戏重启闭环
09-10 08:34:57 p10092 播种成功 ✓
09-10 08:34:57 p10092 重放 leader#1 登录点击 4 步…
09-10 08:34:57 p3724 → 新 PID=10092 播种/登录流程接管完成
09-10 08:34:57 [看门狗] 队长 PID 变更 3724 → 10092，跟随新通道
09-10 08:34:58 p21900 旧游戏进程卡死，已强制结束
09-10 08:34:59 p21900 已重启为新进程 PID=21436，等待登录界面…
09-10 08:35:01 p21436 检测到登录界面，开始播种…
09-10 08:35:04 p10092 登录点击重放完毕，等待进入场景…
09-10 08:35:05 p10696 tp 状态消失（第1次，疑似服务器抹除）
09-10 08:35:05 p10092 检测到已登录 ✓
09-10 08:35:05 [sat] 队长准备: 传送 大唐官府 + 走位 [139,80]
09-10 08:35:07 p21436 播种成功 ✓
09-10 08:35:07 p21436 重放 member#2 登录点击 4 步…
09-10 08:35:07 p21900 → 新 PID=21436 播种/登录流程接管完成
09-10 08:35:07 p2500 tp 连续消失 3 次 → 杀游戏重启闭环
09-10 08:35:08 p2500 旧游戏进程卡死，已强制结束
09-10 08:35:09 p2500 已重启为新进程 PID=8684，等待登录界面…
09-10 08:35:11 p8684 检测到登录界面，开始播种…
09-10 08:35:15 p21436 登录点击重放完毕，等待进入场景…
09-10 08:35:16 p10696 tp 连续消失 3 次 → 杀游戏重启闭环
09-10 08:35:16 [sat] 队长当前位置: None（第1次传送后）
09-10 08:35:16 [sat] 面板读不到，按传送统一落点 [132,83] 兜底走位
09-10 08:35:17 p10696 旧游戏进程卡死，已强制结束
09-10 08:35:17 [sat] [fail] tp 不可用
09-10 08:35:17 [sat] [warn] 第1轮走位未到锚点（pos=None）→ 重传送再来
09-10 08:35:18 p21436 检测到已登录 ✓
09-10 08:35:18 p21436 重登待命：等队长联动信号（队长未就位/未建队则不动）
09-10 08:35:18 p21436 收到队长联动 → 传送+申请归队
09-10 08:35:18 p10696 已重启为新进程 PID=10844，等待登录界面…
09-10 08:35:18 p8684 播种成功 ✓
09-10 08:35:18 p8684 重放 member#3 登录点击 4 步…
管完成
09-10 08:35:20 p10844 检测到登录界面，开始播种…
09-10 08:35:21 [sat] 队长当前位置: None（第2次传送后）
09-10 08:35:21 [sat] 面板读不到，按传送统一落点 [132,83] 兜底走位
09-10 08:35:21 [sat] [fail] tp 不可用
09-10 08:35:21 [sat] [warn] 第2轮走位未到锚点（pos=None）→ 重传送再来
09-10 08:35:21 [sat] [fail] 队长两轮走位均未到达 [139,80]——本轮禁止队员归队（防打乱坐标）
09-10 08:35:22 p13992 tp 连续消失 3 次 → 杀游戏重启闭环
09-10 08:35:23 p13992 旧游戏进程卡死，已强制结束
09-10 08:35:23 [sat] p21436: tp/窗口不可用
09-10 08:35:24 [任务闸] 队长任务暂不启动：未到齐：p10844 p10844（掉线/未登录）、p21436 p21436（掉线/未登录）、p8684 p8684（掉线/未登录）、p13992 p13992（掉线/未登录）（队伍 ?/5）——请先完成组队或确认队友在线
09-10 08:35:24 p13992 已重启为新进程 PID=12252，等待登录界面…
09-10 08:35:25 p12252 检测到登录界面，开始播种…
09-10 08:35:25 p8684 登录点击重放完毕，等待进入场景…
09-10 08:35:26 p10844 播种成功 ✓
09-10 08:35:26 p10696 → 新 PID=10844 播种/登录流程接管完成
09-10 08:35:26 p10844 重放 member#1 登录点击 4 步…
09-10 08:35:28 p8684 检测到已登录 ✓
09-10 08:35:28 p8684 重登待命：等队长联动信号（队长p10092 未就位/未建队则不动）
09-10 08:35:28 p8684 收到队长联动 → 传送+申请归队
09-10 08:35:28 p10092 tp 状态消失（第1次，疑似服务器抹除）
09-10 08:35:28 p8684 检测到系统弹窗(游戏出错啦!) → 已点确定/关闭
09-10 08:35:30 p8684 进程已死（状态=组队中）→ 重启闭环
09-10 08:35:31 p8684 已重启为新进程 PID=12796，等待登录界面…
09-10 08:35:31 p12252 播种成功 ✓
09-10 08:35:31 p12252 重放 member#4 登录点击 4 步…
09-10 08:35:31 p13992 → 新 PID=12252 播种/登录流程接管完成
09-10 08:35:32 p12796 检测到登录界面，开始播种…
09-10 08:35:33 [sat] p21436: tp/窗口不可用
09-10 08:35:33 [sat] p8684: 找不到窗口，跳过传送
09-10 08:35:34 [sat] p8684: tp/窗口不可用
09-10 08:35:35 p10844 登录点击重放完毕，等待进入场景…
09-10 08:35:36 p10844 检测到已登录 ✓
09-10 08:35:36 p10844 重登待命：等队长联动信号（队长p10092 未就位/未建队则不动）
09-10 08:35:36 p10844 收到队长联动 → 传送+申请归队
09-10 08:35:39 p12796 播种成功 ✓
09-10 08:35:39 p8684 → 新 PID=12796 播种/登录流程接管完成
09-10 08:35:39 p12796 重放 member#3 登录点击 4 步…
09-10 08:35:39 [sat] p21436: tp/窗口不可用
09-10 08:35:39 p12252 登录点击重放完毕，等待进入场景…
09-10 08:35:40 [sat] p8684: tp/窗口不可用
09-10 08:35:42 [sat] p10844: tp/窗口不可用
09-10 08:35:42 p12252 检测到已登录 ✓
09-10 08:35:42 p12252 重登待命：等队长联动信号（队长p10092 未就位/未建队则不动）
09-10 08:35:42 p12252 收到队长联动 → 传送+申请归队
09-10 08:35:44 p10092 tp 连续消失 3 次 → 杀游戏重启闭环
09-10 08:35:45 [sat] p21436: 申请轮次结束（是否入队由队长批准裁决）
09-10 08:35:45 p10092 旧游戏进程卡死，已强制结束
09-10 08:35:46 p10092 已重启为新进程 PID=16964，等待登录界面…
09-10 08:35:46 p12796 登录点击重放完毕，等待进入场景…
09-10 08:35:48 p21436 已拉起任务脚本（队员·这是帅哥 gw=file://pzxy_p21436）
09-10 08:35:48 p16964 检测到登录界面，开始播种…
09-10 08:35:48 p12796 检测到已登录 ✓
09-10 08:35:48 p12796 重登待命：等队长联动信号（队长未就位/未建队则不动）
09-10 08:35:48 p12796 收到队长联动 → 传送+申请归队
09-10 08:35:50 [看门狗] 队长 PID 变更 10092 → 16964，跟随新通道
09-10 08:35:52 [sat] p8684: tp/窗口不可用
09-10 08:35:52 [sat] p10844: tp/窗口不可用
09-10 08:35:53 p21436 tp 状态消失（第1次，疑似服务器抹除）
09-10 08:35:53 [sat] p12252: tp/窗口不可用
09-10 08:35:55 p16964 播种成功 ✓
09-10 08:35:55 p16964 重放 leader#1 登录点击 4 步…
09-10 08:35:55 p10092 → 新 PID=16964 播种/登录流程接管完成
09-10 08:35:58 [sat] p8684: 申请轮次结束（是否入队由队长批准裁决）
09-10 08:35:58 [sat] p12796: tp/窗口不可用
09-10 08:35:59 [sat] p10844: tp/窗口不可用
09-10 08:35:59 p12796 tp 状态消失（第1次，疑似服务器抹除）
09-10 08:36:00 [sat] p12252: tp/窗口不可用
09-10 08:36:01 p12796 已拉起任务脚本（队员·这是猛男 gw=file://pzxy_p12796）
09-10 08:36:01 p16964 登录点击重放完毕，等待进入场景…
09-10 08:36:03 p16964 检测到已登录 ✓
09-10 08:36:03 [sat] 队长准备: 传送 大唐官府 + 走位 [139,80]
09-10 08:36:04 [sat] p12796: tp/窗口不可用
09-10 08:36:05 [sat] p10844: 申请轮次结束（是否入队由队长批准裁决）
09-10 08:36:06 [sat] p12252: tp/窗口不可用
09-10 08:36:07 p10844 tp 状态消失（第1次，疑似服务器抹除）
09-10 08:36:07 p10844 已拉起任务脚本（队员·三号美人 gw=file://pzxy_p10844）
09-10 08:36:10 [sat] p12796: tp/窗口不可用
09-10 08:36:12 p12796 tp 连续消失 3 次 → 杀游戏重启闭环
09-10 08:36:12 [sat] p12252: 申请轮次结束（是否入队由队长批准裁决）
09-10 08:36:13 p12796 旧游戏进程卡死，已强制结束
09-10 08:36:14 p12796 已重启为新进程 PID=21208，等待登录界面…
09-10 08:36:14 [sat] 队长当前位置: None（第1次传送后）
09-10 08:36:14 [sat] 面板读不到，按传送统一落点 [132,83] 兜底走位
09-10 08:36:14 [sat] [fail] tp 不可用
09-10 08:36:14 [sat] [warn] 第1轮走位未到锚点（pos=None）→ 重传送再来
09-10 08:36:15 p21208 检测到登录界面，开始播种…
09-10 08:36:15 p12252 已拉起任务脚本（队员·一号美人 gw=file://pzxy_p12252）
09-10 08:36:16 [sat] p12796: 申请轮次结束（是否入队由队长批准裁决）
09-10 08:36:18 p21436 tp 连续消失 3 次 → 杀游戏重启闭环
09-10 08:36:18 p21208 掉线判定: 退回登录界面 → 重启闭环
09-10 08:36:19 p21208 旧游戏进程卡死，已强制结束
09-10 08:36:19 p21436 旧游戏进程卡死，已强制结束
09-10 08:36:19 [sat] 队长当前位置: None（第2次传送后）
09-10 08:36:19 [sat] 面板读不到，按传送统一落点 [132,83] 兜底走位
09-10 08:36:19 p21208 已拉起任务脚本（队员·p21208 gw=file://pzxy_p21208）
09-10 08:36:19 [sat] [fail] tp 不可用
09-10 08:36:19 [sat] [warn] 第2轮走位未到锚点（pos=None）→ 重传送再来
09-10 08:36:19 [sat] [fail] 队长两轮走位均未到达 [139,80]——本轮禁止队员归队（防打乱坐标）
09-10 08:36:20 p21208 已重启为新进程 PID=11408，等待登录界面…
09-10 08:36:20 p21436 已重启为新进程 PID=18152，等待登录界面…
09-10 08:36:20 p21208 播种失败：[2/4] 网关就绪，Lua state 已捕获 | [fail] 播种失败: rpc 调用失败: script has been destroyed | [4/4] 网关进程 12348 已终止（frida 退出）（3s 后重试）
09-10 08:36:20 p16964 tp 状态消失（第1次，疑似服务器抹除）
09-10 08:36:21 p11408 检测到登录界面，开始播种…
09-10 08:36:21 p18152 检测到登录界面，开始播种…
09-10 08:36:21 [任务闸] 队长任务暂不启动：未到齐：p18152 p18152（掉线/未登录）、p11408 p11408（掉线/未登录）（队伍 ?/5）——请先完成组队或确认队友在线
09-10 08:36:22 p16964 任务脚本已死 → 自动补拉
09-10 08:36:23 [任务闸] 队长任务暂不启动：未到齐：p18152 p18152（掉线/未登录）、p11408 p11408（掉线/未登录）（队伍 ?/5）——请先完成组队或确认队友在线
09-10 08:36:24 p10844 tp 连续消失 3 次 → 杀游戏重启闭环
09-10 08:36:25 p10844 旧游戏进程卡死，已强制结束
09-10 08:36:26 p10844 已重启为新进程 PID=21956，等待登录界面…
09-10 08:36:27 p21956 检测到登录界面，开始播种…
09-10 08:36:27 p11408 播种成功 ✓
09-10 08:36:27 p11408 重放 member#3 登录点击 4 步…
09-10 08:36:27 p21208 → 新 PID=11408 播种/登录流程接管完成
09-10 08:36:27 p18152 播种成功 ✓
09-10 08:36:27 p18152 重放 member#2 登录点击 4 步…
09-10 08:36:27 p21436 → 新 PID=18152 播种/登录流程接管完成
09-10 08:36:30 p16964 tp 连续消失 3 次 → 杀游戏重启闭环
09-10 08:36:31 p16964 旧游戏进程卡死，已强制结束
09-10 08:36:32 p16964 已重启为新进程 PID=23244，等待登录界面…
09-10 08:36:33 p21956 播种成功 ✓
09-10 08:36:33 p21956 重放 member#1 登录点击 4 步…
09-10 08:36:33 p10844 → 新 PID=21956 播种/登录流程接管完成
09-10 08:36:34 p23244 检测到登录界面，开始播种…
09-10 08:36:35 p11408 登录点击重放完毕，等待进入场景…
09-10 08:36:36 p18152 登录点击重放完毕，等待进入场景…
09-10 08:36:36 p18152 检测到已登录 ✓
09-10 08:36:36 p18152 重登待命：等队长联动信号（队长未就位/未建队则不动）
09-10 08:36:36 p11408 检测到已登录 ✓
09-10 08:36:36 p11408 重登待命：等队长联动信号（队长未就位/未建队则不动）
09-10 08:36:36 p18152 收到队长联动 → 传送+申请归队
09-10 08:36:36 p11408 收到队长联动 → 传送+申请归队
09-10 08:36:38 [看门狗] 队长 PID 变更 16964 → 23244，跟随新通道
09-10 08:36:38 p11408 播种失败(第2次)：[2/4] 网关就绪，Lua state 已捕获 | [fail] 播种失败: 执行超时(10.0s)——游戏可能卡住或无 lua API 回调 | [4/4] 网关进程 15952 已终止（frida 退出）（60s 后再试，窗口登录/消失则停）
09-10 08:36:39 p12252 tp 状态消失（第1次，疑似服务器抹除）
09-10 08:36:40 p11408 等待期间检测到已登录 → 交回监控
09-10 08:36:40 p12796 → 新 PID=21208 播种/登录流程接管完成
09-10 08:36:41 p11408 检测到已登录 ✓
09-10 08:36:41 p23244 播种成功 ✓
09-10 08:36:41 p16964 → 新 PID=23244 播种/登录流程接管完成
09-10 08:36:41 p23244 重放 leader#1 登录点击 4 步…
09-10 08:36:42 p21956 登录点击重放完毕，等待进入场景…
09-10 08:36:43 p21956 检测到已登录 ✓
09-10 08:36:43 p21956 重登待命：等队长联动信号（队长未就位/未建队则不动）
09-10 08:36:43 p21956 收到队长联动 → 传送+申请归队
09-10 08:36:44 p11408 已拉起任务脚本（队员·这是猛男 gw=file://pzxy_p11408）
09-10 08:36:47 p23244 登录点击重放完毕，等待进入场景…
09-10 08:36:48 [sat] p18152: 已点队长身体 (538,240)（第1次申请）
09-10 08:36:49 [sat] p11408: 已点队长身体 (538,240)（第1次申请）
09-10 08:36:49 p23244 检测到已登录 ✓
09-10 08:36:49 [sat] 队长准备: 传送 大唐官府 + 走位 [139,80]
09-10 08:36:54 已清理残留任务脚本（绑定死 PID 21208，系统 PID 13748）
09-10 08:36:54 [sat] p21956: 已点队长身体 (538,240)（第1次申请）
09-10 08:36:59 [sat] 队长当前位置: (2640.0, 1660.0)（第1次传送后）
09-10 08:36:59 [sat] 走位点击 (540,240)（偏差 140,-60）——途中不点组队图标
09-10 08:37:00 [sat] p18152: 已点队长身体 (414,336)（第2次申请）
09-10 08:37:00 [sat] p11408: 已点队长身体 (413,331)（第2次申请）
09-10 08:37:04 [sat] 队长已就位: (2778.285374097, 1600.7348396727)（目标 (2780.0, 1600.0)，±3 格容差）
09-10 08:37:06 [任务闸] 队长任务暂不启动：未到齐：p21956 p21956（掉线/未登录）、p18152 p18152（掉线/未登录）、p11408 p11408（在线但未入队）、p12252 p12252（在线但未入队）（队伍 0/5）——请先完成组队或确认队友在线
09-10 08:37:07 [sat] p21956: 已点队长身体 (413,340)（第2次申请）
09-10 08:37:09 [看门狗] 检测到缺员 0/5 → 打断抓鬼，启动补组队
09-10 08:37:10 [sat] p18152: 已点队长身体 (414,336)（第3次申请）
09-10 08:37:10 [sat] 队长准备: 传送 大唐官府 + 走位 [139,80]
09-10 08:37:10 [sat] 队长已在锚点附近 (2778.285374097, 1600.7348396727)，跳过传送直接就位
09-10 08:37:10 [sat] p11408: 已点队长身体 (413,331)（第3次申请）
09-10 08:37:11 [看门狗] 队伍已散（0 人）→ 重新建队
09-10 08:37:12 [sat] 建队第1次 脚底屏幕位 (417,292) → 身体点上移 50
09-10 08:37:15 [sat] 建队第1次 顶栏stats（应为 1）: ((1, 0, '二号美人'),)
09-10 08:37:15 [sat] 联动信号已发布: 队长 p23244 就位 (2778, 1601)（队员凭此行动）
09-10 08:37:15 [看门狗] 2 名在线队员并行申请归队
09-10 08:37:16 [sat] p11408: 已与队长同图(大唐官府)，直接申请
09-10 08:37:16 [sat] p12252: 已与队长同图(?)，直接申请
09-10 08:37:16 [sat] p12252: tp/窗口不可用
09-10 08:37:17 [sat] p18152: 申请轮次结束（是否入队由队长批准裁决）
09-10 08:37:18 [sat] p21956: 已点队长身体 (413,340)（第3次申请）
09-10 08:37:18 [sat] p11408: 申请轮次结束（是否入队由队长批准裁决）
09-10 08:37:19 [sat] p11408: 已点队长身体 (413,331)（第1次申请）
09-10 08:37:20 p18152 已拉起任务脚本（队员·这是帅哥 gw=file://pzxy_p18152）
09-10 08:37:21 p11408 任务脚本已在跑，跳过
09-10 08:37:23 [sat] p12252: tp/窗口不可用
09-10 08:37:26 [sat] p21956: 申请轮次结束（是否入队由队长批准裁决）
09-10 08:37:29 p23244 任务脚本已死 → 自动补拉
09-10 08:37:29 [任务闸] 队长任务暂不启动：未到齐：p21956 p21956（在线但未入队）、p18152 p18152（在线但未入队）、p11408 p11408（在线但未入队）、p12252 p12252（在线但未入队）（队伍 1/5）——请先完成组队或确认队友在线
09-10 08:37:29 p21956 已拉起任务脚本（队员·三号美人 gw=file://pzxy_p21956）
09-10 08:37:30 [sat] p12252: tp/窗口不可用
09-10 08:37:32 [sat] p11408: 已点队长身体 (413,331)（第2次申请）
09-10 08:37:33 p12252 tp 连续消失 3 次 → 杀游戏重启闭环
09-10 08:37:34 p12252 旧游戏进程卡死，已强制结束
09-10 08:37:35 p12252 已重启为新进程 PID=1608，等待登录界面…
09-10 08:37:36 p1608 检测到登录界面，开始播种…
09-10 08:37:36 [sat] p12252: 申请轮次结束（是否入队由队长批准裁决）
09-10 08:37:42 p1608 播种成功 ✓
09-10 08:37:42 p1608 重放 member#4 登录点击 4 步…
09-10 08:37:42 p12252 → 新 PID=1608 播种/登录流程接管完成
09-10 08:37:44 [sat] p11408: 已点队长身体 (413,331)（第3次申请）
09-10 08:37:50 p1608 登录点击重放完毕，等待进入场景…
09-10 08:37:52 [sat] p11408: 申请轮次结束（是否入队由队长批准裁决）
09-10 08:37:53 p1608 检测到已登录 ✓
09-10 08:37:53 p1608 重登待命：等队长联动信号（队长p23244 未就位/未建队则不动）
09-10 08:37:53 p1608 收到队长联动 → 传送+申请归队
09-10 08:37:53 [sat] p1608: 异图(江南野外≠队长大唐官府) 就地传送
09-10 08:37:55 [sat] 当前成员数: 1（目标 5）
09-10 08:37:59 [sat] 当前成员数: 2（目标 5）
09-10 08:38:01 [看门狗] 心跳: 2/5
09-10 08:38:04 [sat] 当前成员数: 3（目标 5）
09-10 08:38:04 [sat] p1608: 已点队长身体 (538,240)（第1次申请）
09-10 08:38:08 [sat] 当前成员数: 4（目标 5）
09-10 08:38:17 [sat] p1608: 已点队长身体 (538,240)（第2次申请）
09-10 08:38:24 [内存] 已修剪 5 个游戏进程：1.8GB → 59.6MB（释放 1.7GB）
09-10 08:38:30 [sat] p1608: 已点队长身体 (538,240)（第3次申请）
09-10 08:38:36 p23244 任务脚本已死 → 自动补拉
09-10 08:38:36 [任务闸] 队长任务暂不启动：未到齐：p1608 p1608（掉线/未登录）、p21956 p21956（在线但未入队）（队伍 4/5）——请先完成组队或确认队友在线
09-10 08:38:37 [sat] p1608: 申请轮次结束（是否入队由队长批准裁决）
09-10 08:38:40 p1608 已拉起任务脚本（队员·一号美人 gw=file://pzxy_p1608）
09-10 08:39:44 p23244 任务脚本已死 → 自动补拉
09-10 08:39:44 [任务闸] 队长任务暂不启动：未到齐：p21956 p21956（在线但未入队）（队伍 4/5）——请先完成组队或确认队友在线
09-10 08:40:17 [看门狗] 心跳: 4/5
09-10 08:40:52 p23244 任务脚本已死 → 自动补拉
09-10 08:40:53 [任务闸] 队长任务暂不启动：未到齐：p21956 p21956（在线但未入队）（队伍 4/5）——请先完成组队或确认队友在线
09-10 08:42:00 p23244 任务脚本已死 → 自动补拉
09-10 08:42:00 [任务闸] 队长任务暂不启动：未到齐：p21956 p21956（在线但未入队）（队伍 4/5）——请先完成组队或确认队友在线
09-10 08:42:33 [看门狗] 心跳: 4/5
09-10 08:43:08 p23244 任务脚本已死 → 自动补拉
09-10 08:43:08 [任务闸] 队长任务暂不启动：未到齐：p21956 p21956（在线但未入队）（队伍 4/5）——请先完成组队或确认队友在线
09-10 08:44:16 p23244 任务脚本已死 → 自动补拉
09-10 08:44:16 [任务闸] 队长任务暂不启动：未到齐：p21956 p21956（在线但未入队）（队伍 4/5）——请先完成组队或确认队友在线
09-10 08:44:49 [看门狗] 心跳: 4/5
09-10 08:45:03 [看门狗] 补组批准结束: 4/5
09-10 08:45:04 [看门狗] 仍未满员，掉线队员回来后继续下一轮
09-10 08:45:04 [sat] 队长准备: 传送 大唐官府 + 走位 [139,80]
09-10 08:45:04 [sat] 队长已在锚点附近 (2777.038512145, 1549.5800316806)，跳过传送直接就位
09-10 08:45:05 [sat] 联动信号已发布: 队长 p23244 就位 (2777, 1550)（队员凭此行动）
09-10 08:45:05 [看门狗] 4 名在线队员并行申请归队
09-10 08:45:06 [sat] p21956: 已与队长同图(大唐官府)，直接申请
09-10 08:45:06 [sat] p1608: 已与队长同图(大唐官府)，直接申请
09-10 08:45:06 [sat] p18152: 已与队长同图(大唐官府)，直接申请
09-10 08:45:06 [sat] p11408: 已与队长同图(大唐官府)，直接申请
09-10 08:45:11 [sat] p21956: 已点队长身体 (412,288)（第1次申请）
09-10 08:45:11 [sat] p1608: 已点队长身体 (537,189)（第1次申请）
09-10 08:45:11 [sat] p18152: 已点队长身体 (413,284)（第1次申请）
09-10 08:45:12 [sat] p11408: 已点队长身体 (412,280)（第1次申请）
09-10 08:45:23 [sat] p11408: 已点队长身体 (412,280)（第2次申请）
09-10 08:45:24 p23244 任务脚本已死 → 自动补拉
09-10 08:45:24 [任务闸] 队长任务暂不启动：未到齐：p21956 p21956（在线但未入队）（队伍 4/5）——请先完成组队或确认队友在线
09-10 08:45:24 [sat] p18152: 已点队长身体 (413,284)（第2次申请）
09-10 08:45:24 [sat] p21956: 已点队长身体 (412,288)（第2次申请）
09-10 08:45:24 [sat] p1608: 已点队长身体 (537,189)（第2次申请）
09-10 08:45:34 [sat] p11408: 已点队长身体 (412,280)（第3次申请）
09-10 08:45:35 [sat] p18152: 已点队长身体 (413,284)（第3次申请）
09-10 08:45:36 [sat] p21956: 已点队长身体 (412,288)（第3次申请）
09-10 08:45:37 [sat] p1608: 已点队长身体 (537,189)（第3次申请）
09-10 08:45:41 [sat] p11408: 申请轮次结束（是否入队由队长批准裁决）
09-10 08:45:42 [sat] p18152: 申请轮次结束（是否入队由队长批准裁决）
09-10 08:45:43 [sat] p21956: 申请轮次结束（是否入队由队长批准裁决）
09-10 08:45:45 [sat] p1608: 申请轮次结束（是否入队由队长批准裁决）
09-10 08:45:47 [sat] 当前成员数: 4（目标 5）
09-10 08:45:52 [sat] 当前成员数: 5（目标 5）
09-10 08:45:52 [看门狗] 补组批准结束: 5/5
09-10 08:45:56 [看门狗] 队伍满员 5/5，恢复抓鬼
09-10 08:45:57 p21956 任务脚本已在跑，跳过
09-10 08:45:58 p18152 任务脚本已在跑，跳过
09-10 08:45:59 p11408 任务脚本已在跑，跳过
09-10 08:45:59 [sat] 阵法验证: 天覆阵/4
09-10 08:46:00 p1608 任务脚本已在跑，跳过
09-10 08:46:00 p21956 任务脚本已在跑，跳过
09-10 08:46:01 p23244 已拉起任务脚本（队长·二号美人 gw=file://pzxy_p23244）
09-10 08:46:01 p18152 任务脚本已在跑，跳过
09-10 08:46:02 p11408 任务脚本已在跑，跳过
09-10 08:46:03 p1608 任务脚本已在跑，跳过
09-10 08:46:04 p23244 任务脚本已在跑，跳过
09-10 08:46:04 [看门狗] 满员，抓鬼已恢复 ✓
09-10 08:47:08 [看门狗] 心跳: 5/5
09-10 08:56:08 [看门狗] 心跳: 5/5
09-10 09:00:37 [看门狗] 心跳: 5/5
09-10 09:05:05 [看门狗] 心跳: 5/5
09-10 09:05:40 p23244 任务脚本已死 → 自动补拉
09-10 09:05:41 p23244 已拉起任务脚本（队长·二号美人 gw=file://pzxy_p23244）
09-10 09:07:20 [看门狗] 心跳: 5/5
09-10 09:08:24 [内存] 已修剪 5 个游戏进程：3.0GB → 119.7MB（释放 2.9GB）
09-10 09:16:17 [看门狗] 心跳: 5/5
09-10 09:18:34 [看门狗] 心跳: 5/5
09-10 09:20:48 [看门狗] 心跳: 5/5
09-10 09:23:03 [看门狗] 心跳: 5/5
09-10 09:25:19 [看门狗] 心跳: 5/5
09-10 09:26:05 p11408 tp 状态消失（第1次，疑似服务器抹除）
09-10 09:26:07 p18152 tp 状态消失（第1次，疑似服务器抹除）
09-10 09:26:09 p21956 tp 状态消失（第1次，疑似服务器抹除）
09-10 09:26:10 p23244 tp 状态消失（第1次，疑似服务器抹除）
09-10 09:26:12 p1608 tp 状态消失（第1次，疑似服务器抹除）
09-10 09:26:23 p11408 tp 连续消失 3 次 → 杀游戏重启闭环
09-10 09:26:24 p11408 旧游戏进程卡死，已强制结束
09-10 09:26:25 p11408 已重启为新进程 PID=8304，等待登录界面…
09-10 09:26:25 p18152 tp 连续消失 3 次 → 杀游戏重启闭环
09-10 09:26:26 p8304 检测到登录界面，开始播种…
09-10 09:26:26 p18152 旧游戏进程卡死，已强制结束
09-10 09:26:27 p18152 已重启为新进程 PID=14720，等待登录界面…
09-10 09:26:27 p1608 tp 连续消失 3 次 → 杀游戏重启闭环
09-10 09:26:28 [看门狗] 队伍数据连续读不到（476 轮），检查通道/面板
09-10 09:26:28 p1608 旧游戏进程卡死，已强制结束
09-10 09:26:29 p14720 检测到登录界面，开始播种…
09-10 09:26:29 p1608 已重启为新进程 PID=3184，等待登录界面…
09-10 09:26:31 p3184 检测到登录界面，开始播种…
09-10 09:26:32 p21956 tp 连续消失 3 次 → 杀游戏重启闭环
09-10 09:26:33 p8304 播种成功 ✓
09-10 09:26:33 p8304 重放 member#3 登录点击 4 步…
09-10 09:26:33 p11408 → 新 PID=8304 播种/登录流程接管完成
09-10 09:26:33 p21956 旧游戏进程卡死，已强制结束
09-10 09:26:34 p21956 已重启为新进程 PID=11120，等待登录界面…
09-10 09:26:36 p11120 检测到登录界面，开始播种…
09-10 09:26:36 p14720 播种成功 ✓
09-10 09:26:36 p14720 重放 member#2 登录点击 4 步…
09-10 09:26:36 p18152 → 新 PID=14720 播种/登录流程接管完成
09-10 09:26:38 p23244 tp 连续消失 3 次 → 杀游戏重启闭环
09-10 09:26:38 p3184 播种成功 ✓
09-10 09:26:38 p3184 重放 member#4 登录点击 4 步…
09-10 09:26:38 p1608 → 新 PID=3184 播种/登录流程接管完成
09-10 09:26:39 p23244 旧游戏进程卡死，已强制结束
09-10 09:26:40 p23244 已重启为新进程 PID=20256，等待登录界面…
09-10 09:26:40 p8304 登录点击重放完毕，等待进入场景…
09-10 09:26:41 p20256 检测到登录界面，开始播种…
09-10 09:26:42 p8304 检测到已登录 ✓
09-10 09:26:42 p8304 重登待命：等队长联动信号（队长未就位/未建队则不动）
09-10 09:26:42 p11120 播种成功 ✓
09-10 09:26:42 p11120 重放 member#1 登录点击 4 步…
09-10 09:26:42 p21956 → 新 PID=11120 播种/登录流程接管完成
09-10 09:26:43 [看门狗] 队长 PID 变更 23244 → 20256，跟随新通道
09-10 09:26:44 p14720 登录点击重放完毕，等待进入场景…
09-10 09:26:46 p14720 检测到已登录 ✓
09-10 09:26:46 p14720 重登待命：等队长联动信号（队长未就位/未建队则不动）
09-10 09:26:46 p3184 登录点击重放完毕，等待进入场景…
09-10 09:26:47 p20256 播种成功 ✓
09-10 09:26:47 p20256 重放 leader#1 登录点击 4 步…
09-10 09:26:47 p23244 → 新 PID=20256 播种/登录流程接管完成
09-10 09:26:48 p3184 检测到已登录 ✓
09-10 09:26:48 p3184 重登待命：等队长联动信号（队长未就位/未建队则不动）
09-10 09:26:51 p11120 登录点击重放完毕，等待进入场景…
09-10 09:26:54 p11120 检测到已登录 ✓
09-10 09:26:54 p11120 重登待命：等队长联动信号（队长未就位/未建队则不动）
09-10 09:26:54 p20256 登录点击重放完毕，等待进入场景…
09-10 09:26:56 p20256 检测到已登录 ✓
09-10 09:26:56 [sat] 队长准备: 传送 大唐官府 + 走位 [139,80]
09-10 09:27:07 [sat] 队长当前位置: None（第1次传送后）
09-10 09:27:07 [sat] 面板读不到，按传送统一落点 [132,83] 兜底走位
09-10 09:27:07 [sat] [fail] tp 不可用
09-10 09:27:07 [sat] [warn] 第1轮走位未到锚点（pos=None）→ 重传送再来
09-10 09:27:11 [sat] 队长当前位置: None（第2次传送后）
09-10 09:27:11 [sat] 面板读不到，按传送统一落点 [132,83] 兜底走位
09-10 09:27:11 [sat] [fail] tp 不可用
09-10 09:27:11 [sat] [warn] 第2轮走位未到锚点（pos=None）→ 重传送再来
09-10 09:27:11 [sat] [fail] 队长两轮走位均未到达 [139,80]——本轮禁止队员归队（防打乱坐标）
09-10 09:27:14 [任务闸] 队长任务暂不启动：未到齐：p11120 p11120（掉线/未登录）、p14720 p14720（掉线/未登录）、p8304 p8304（掉线/未登录）、p3184 p3184（掉线/未登录）（队伍 ?/5）——请先完成组队或确认队友在线
09-10 09:27:18 p20256 tp 状态消失（第1次，疑似服务器抹除）
09-10 09:27:29 [看门狗] 队伍数据连续读不到（480 轮），检查通道/面板
09-10 09:27:34 p20256 tp 连续消失 3 次 → 杀游戏重启闭环
09-10 09:27:35 p20256 旧游戏进程卡死，已强制结束
09-10 09:27:36 p20256 已重启为新进程 PID=2052，等待登录界面…
09-10 09:27:38 p2052 检测到登录界面，开始播种…
09-10 09:27:44 [看门狗] 队长 PID 变更 20256 → 2052，跟随新通道
09-10 09:27:45 p2052 播种成功 ✓
09-10 09:27:45 p2052 重放 leader#1 登录点击 4 步…
09-10 09:27:45 p20256 → 新 PID=2052 播种/登录流程接管完成
09-10 09:27:51 p2052 登录点击重放完毕，等待进入场景…
09-10 09:27:52 p2052 检测到已登录 ✓
09-10 09:27:52 [sat] 队长准备: 传送 大唐官府 + 走位 [139,80]
09-10 09:28:02 [sat] 队长当前位置: (2640.0, 1660.0)（第1次传送后）
09-10 09:28:03 [sat] 走位点击 (540,240)（偏差 140,-60）——途中不点组队图标
09-10 09:28:07 [sat] 队长已就位: (2778.1291211626, 1600.801805216)（目标 (2780.0, 1600.0)，±3 格容差）
09-10 09:28:10 [任务闸] 队长任务暂不启动：未到齐：p11120 p11120（掉线/未登录）、p14720 p14720（掉线/未登录）、p8304 p8304（掉线/未登录）、p3184 p3184（掉线/未登录）（队伍 0/5）——请先完成组队或确认队友在线
09-10 09:28:15 [看门狗] 检测到缺员 0/5 → 打断抓鬼，启动补组队
09-10 09:28:16 [sat] 队长准备: 传送 大唐官府 + 走位 [139,80]
09-10 09:28:16 [sat] 队长已在锚点附近 (2778.1291211626, 1600.801805216)，跳过传送直接就位
09-10 09:28:16 [看门狗] 队伍已散（0 人）→ 重新建队
09-10 09:28:18 [sat] 建队第1次 脚底屏幕位 (417,292) → 身体点上移 50
09-10 09:28:21 [sat] 建队第1次 顶栏stats（应为 1）: ((1, 0, '二号美人'),)
09-10 09:28:21 [sat] 联动信号已发布: 队长 p2052 就位 (2778, 1601)（队员凭此行动）
09-10 09:28:22 p8304 收到队长联动 → 传送+申请归队
09-10 09:28:24 [sat] 当前成员数: 1（目标 5）
09-10 09:28:26 p14720 收到队长联动 → 传送+申请归队
09-10 09:28:28 p3184 收到队长联动 → 传送+申请归队
09-10 09:28:28 [sat] p8304: tp/窗口不可用
09-10 09:28:32 [sat] p14720: tp/窗口不可用
09-10 09:28:34 p11120 收到队长联动 → 传送+申请归队
09-10 09:28:34 [sat] p3184: tp/窗口不可用
09-10 09:28:35 [sat] p8304: tp/窗口不可用
09-10 09:28:39 [sat] p14720: tp/窗口不可用
09-10 09:28:40 [sat] p11120: tp/窗口不可用
09-10 09:28:41 [sat] p3184: tp/窗口不可用
09-10 09:28:42 [sat] p8304: tp/窗口不可用
09-10 09:28:45 [sat] p14720: tp/窗口不可用
09-10 09:28:47 [sat] p11120: tp/窗口不可用
09-10 09:28:48 [sat] p3184: tp/窗口不可用
09-10 09:28:48 [sat] p8304: 申请轮次结束（是否入队由队长批准裁决）
09-10 09:28:51 p8304 已拉起任务脚本（队员·这是猛男 gw=file://pzxy_p8304）
09-10 09:28:51 [sat] p14720: 申请轮次结束（是否入队由队长批准裁决）
09-10 09:28:52 p8304 tp 状态消失（第1次，疑似服务器抹除）
09-10 09:28:53 [sat] p11120: tp/窗口不可用
09-10 09:28:54 [sat] p3184: 申请轮次结束（是否入队由队长批准裁决）
09-10 09:28:54 p14720 已拉起任务脚本（队员·这是帅哥 gw=file://pzxy_p14720）
09-10 09:28:57 p3184 已拉起任务脚本（队员·一号美人 gw=file://pzxy_p3184）
09-10 09:28:59 [sat] p11120: 申请轮次结束（是否入队由队长批准裁决）
09-10 09:29:00 p3184 tp 状态消失（第1次，疑似服务器抹除）
09-10 09:29:02 p11120 已拉起任务脚本（队员·三号美人 gw=file://pzxy_p11120）
09-10 09:29:04 p14720 tp 状态消失（第1次，疑似服务器抹除）
09-10 09:29:07 p11120 tp 状态消失（第1次，疑似服务器抹除）
09-10 09:29:08 p2052 任务脚本已死 → 自动补拉
09-10 09:29:08 [任务闸] 队长任务暂不启动：未到齐：p11120 p11120（在线但未入队）、p14720 p14720（在线但未入队）、p8304 p8304（在线但未入队）、p3184 p3184（在线但未入队）（队伍 1/5）——请先完成组队或确认队友在线
09-10 09:29:12 p8304 tp 连续消失 3 次 → 杀游戏重启闭环
09-10 09:29:13 p8304 旧游戏进程卡死，已强制结束
09-10 09:29:14 p8304 已重启为新进程 PID=2200，等待登录界面…
09-10 09:29:16 p2200 检测到登录界面，开始播种…
09-10 09:29:16 p14720 tp 连续消失 3 次 → 杀游戏重启闭环
09-10 09:29:17 p14720 旧游戏进程卡死，已强制结束
09-10 09:29:18 p14720 已重启为新进程 PID=15888，等待登录界面…
09-10 09:29:18 p3184 tp 连续消失 3 次 → 杀游戏重启闭环
09-10 09:29:19 p15888 检测到登录界面，开始播种…
09-10 09:29:19 p3184 旧游戏进程卡死，已强制结束
09-10 09:29:20 p3184 已重启为新进程 PID=19812，等待登录界面…
09-10 09:29:21 p19812 检测到登录界面，开始播种…
09-10 09:29:22 p2200 播种成功 ✓
09-10 09:29:22 p8304 → 新 PID=2200 播种/登录流程接管完成
09-10 09:29:22 p2200 重放 member#3 登录点击 4 步…
09-10 09:29:25 p15888 播种成功 ✓
09-10 09:29:25 p15888 重放 member#2 登录点击 4 步…
09-10 09:29:25 p14720 → 新 PID=15888 播种/登录流程接管完成
09-10 09:29:26 p11120 tp 连续消失 3 次 → 杀游戏重启闭环
09-10 09:29:27 p11120 旧游戏进程卡死，已强制结束
09-10 09:29:28 p11120 已重启为新进程 PID=13872，等待登录界面…
09-10 09:29:29 p19812 播种成功 ✓
09-10 09:29:29 p19812 重放 member#4 登录点击 4 步…
09-10 09:29:29 p3184 → 新 PID=19812 播种/登录流程接管完成
09-10 09:29:30 p2200 登录点击重放完毕，等待进入场景…
09-10 09:29:30 p13872 检测到登录界面，开始播种…
09-10 09:29:32 p2200 检测到已登录 ✓
09-10 09:29:32 p2200 重登待命：等队长联动信号（队长p2052 未就位/未建队则不动）
09-10 09:29:32 p2200 收到队长联动 → 传送+申请归队
09-10 09:29:33 [sat] p2200: 异图(江南野外≠队长大唐官府) 就地传送
09-10 09:29:33 p15888 登录点击重放完毕，等待进入场景…
09-10 09:29:35 p15888 检测到已登录 ✓
09-10 09:29:35 p15888 重登待命：等队长联动信号（队长p2052 未就位/未建队则不动）
09-10 09:29:35 p15888 收到队长联动 → 传送+申请归队
09-10 09:29:35 [sat] p15888: 异图(江南野外≠队长大唐官府) 就地传送
09-10 09:29:37 p19812 登录点击重放完毕，等待进入场景…
09-10 09:29:37 p13872 播种成功 ✓
09-10 09:29:37 p13872 重放 member#1 登录点击 4 步…
09-10 09:29:37 p11120 → 新 PID=13872 播种/登录流程接管完成
09-10 09:29:39 p19812 检测到已登录 ✓
09-10 09:29:39 p19812 重登待命：等队长联动信号（队长p2052 未就位/未建队则不动）
09-10 09:29:39 p19812 收到队长联动 → 传送+申请归队
09-10 09:29:39 [sat] p19812: 异图(江南野外≠队长大唐官府) 就地传送
09-10 09:29:41 [看门狗] 心跳: 1/5
09-10 09:29:44 [sat] p2200: 已点队长身体 (538,240)（第1次申请）
09-10 09:29:46 p13872 登录点击重放完毕，等待进入场景…
09-10 09:29:47 [sat] p15888: 已点队长身体 (538,240)（第1次申请）
09-10 09:29:47 p13872 检测到已登录 ✓
09-10 09:29:47 p13872 重登待命：等队长联动信号（队长p2052 未就位/未建队则不动）
09-10 09:29:47 p13872 收到队长联动 → 传送+申请归队
09-10 09:29:47 [sat] p13872: 异图(江南野外≠队长大唐官府) 就地传送
09-10 09:29:50 [sat] p19812: 已点队长身体 (538,240)（第1次申请）
09-10 09:29:53 [sat] 当前成员数: 2（目标 5）
09-10 09:29:58 [sat] p2200: 已点队长身体 (538,240)（第2次申请）
09-10 09:29:58 [sat] p15888: 已点队长身体 (538,240)（第2次申请）
09-10 09:29:59 [sat] 当前成员数: 3（目标 5）
09-10 09:29:59 [sat] p13872: 已点队长身体 (538,240)（第1次申请）
09-10 09:30:01 [sat] p19812: 已点队长身体 (538,240)（第2次申请）
09-10 09:30:03 [sat] 当前成员数: 4（目标 5）
09-10 09:30:11 [sat] p2200: 已点队长身体 (538,240)（第3次申请）
09-10 09:30:12 [sat] p15888: 已点队长身体 (538,240)（第3次申请）
09-10 09:30:12 p2052 任务脚本已死 → 自动补拉
09-10 09:30:12 [sat] p13872: 已点队长身体 (538,240)（第2次申请）
09-10 09:30:12 [任务闸] 队长任务暂不启动：未到齐：p13872 p13872（掉线/未登录）、p15888 p15888（掉线/未登录）、p2200 p2200（掉线/未登录）、p19812 p19812（掉线/未登录）（队伍 4/5）——请先完成组队或确认队友在线
09-10 09:30:12 [sat] p19812: 已点队长身体 (538,240)（第3次申请）
09-10 09:30:18 [sat] p15888: 申请轮次结束（是否入队由队长批准裁决）
09-10 09:30:19 [sat] 当前成员数: 5（目标 5）
09-10 09:30:19 [看门狗] 补组批准结束: 5/5
09-10 09:30:19 [sat] p2200: 申请轮次结束（是否入队由队长批准裁决）
09-10 09:30:21 [sat] p19812: 申请轮次结束（是否入队由队长批准裁决）
09-10 09:30:21 p15888 已拉起任务脚本（队员·这是帅哥 gw=file://pzxy_p15888）
09-10 09:30:22 p2200 已拉起任务脚本（队员·这是猛男 gw=file://pzxy_p2200）
09-10 09:30:23 [sat] p13872: 已点队长身体 (538,240)（第3次申请）
09-10 09:30:24 p19812 已拉起任务脚本（队员·一号美人 gw=file://pzxy_p19812）
09-10 09:30:26 [sat] 阵法验证: 天覆阵/4
09-10 09:30:27 p15888 任务脚本已在跑，跳过
09-10 09:30:28 p2200 任务脚本已在跑，跳过
09-10 09:30:28 p19812 任务脚本已在跑，跳过
09-10 09:30:29 [任务闸] 队长任务暂不启动：未到齐：p13872 p13872（掉线/未登录）（队伍 5/5）——请先完成组队或确认队友在线
09-10 09:30:29 [看门狗] 满员，抓鬼已恢复 ✓
09-10 09:30:30 [sat] p13872: 申请轮次结束（是否入队由队长批准裁决）
09-10 09:30:33 p13872 已拉起任务脚本（队员·三号美人 gw=file://pzxy_p13872）
09-10 09:31:19 p2052 任务脚本已死 → 自动补拉
09-10 09:31:20 p2052 已拉起任务脚本（队长·二号美人 gw=file://pzxy_p2052）
09-10 09:34:06 [看门狗] 心跳: 5/5
09-10 09:36:25 [看门狗] 心跳: 5/5
09-10 09:38:24 [内存] 已修剪 5 个游戏进程：2.9GB → 106.9MB（释放 2.8GB）
09-10 09:40:56 [看门狗] 心跳: 5/5
09-10 09:45:26 [看门狗] 心跳: 5/5
09-10 09:47:40 [看门狗] 心跳: 5/5
09-10 09:49:54 [看门狗] 心跳: 5/5
09-10 09:57:10 p2052 任务脚本已死 → 自动补拉
09-10 09:57:11 p2052 已拉起任务脚本（队长·二号美人 gw=file://pzxy_p2052）
09-10 09:58:51 [看门狗] 心跳: 5/5
09-10 10:05:32 [看门狗] 心跳: 5/5
09-10 10:08:25 [内存] 已修剪 5 个游戏进程：3.0GB → 197.9MB（释放 2.8GB）
09-10 10:10:00 [看门狗] 心跳: 5/5
09-10 10:14:34 [看门狗] 心跳: 5/5
09-10 10:21:19 [看门狗] 心跳: 5/5
09-10 10:23:32 [看门狗] 心跳: 5/5
09-10 10:25:46 [看门狗] 心跳: 5/5
09-10 10:28:01 [看门狗] 心跳: 5/5
09-10 10:30:14 [看门狗] 心跳: 5/5
09-10 10:31:57 p2052 任务脚本已死 → 自动补拉
09-10 10:31:58 p2052 已拉起任务脚本（队长·二号美人 gw=file://pzxy_p2052）
09-10 10:34:47 [看门狗] 心跳: 5/5
09-10 10:37:03 [看门狗] 心跳: 5/5
09-10 10:38:25 [内存] 已修剪 5 个游戏进程：2.8GB → 148.6MB（释放 2.7GB）
09-10 10:41:39 [看门狗] 心跳: 5/5
09-10 10:50:42 [看门狗] 心跳: 5/5
09-10 10:52:57 [看门狗] 心跳: 5/5
09-10 10:55:45 p2052 任务脚本已死 → 自动补拉
09-10 10:55:46 p2052 已拉起任务脚本（队长·二号美人 gw=file://pzxy_p2052）
09-10 11:01:56 [看门狗] 心跳: 5/5
09-10 11:08:26 [内存] 已修剪 5 个游戏进程：2.9GB → 162.0MB（释放 2.8GB）
09-10 11:10:26 p13872 tp 状态消失（第1次，疑似服务器抹除）
09-10 11:10:27 p2052 tp 状态消失（第1次，疑似服务器抹除）
09-10 11:10:29 p19812 tp 状态消失（第1次，疑似服务器抹除）
09-10 11:10:31 p2200 tp 状态消失（第1次，疑似服务器抹除）
09-10 11:10:33 p15888 tp 状态消失（第1次，疑似服务器抹除）
09-10 11:10:44 p13872 tp 连续消失 3 次 → 杀游戏重启闭环
09-10 11:10:45 p2052 tp 连续消失 3 次 → 杀游戏重启闭环
09-10 11:10:45 p13872 旧游戏进程卡死，已强制结束
09-10 11:10:46 p2052 旧游戏进程卡死，已强制结束
09-10 11:10:46 p13872 已重启为新进程 PID=8468，等待登录界面…
09-10 11:10:47 p2052 已重启为新进程 PID=6404，等待登录界面…
09-10 11:10:47 p8468 检测到登录界面，开始播种…
09-10 11:10:49 p6404 检测到登录界面，开始播种…
09-10 11:10:49 p15888 tp 连续消失 3 次 → 杀游戏重启闭环
09-10 11:10:50 p15888 旧游戏进程卡死，已强制结束
09-10 11:10:51 p15888 已重启为新进程 PID=9800，等待登录界面…
09-10 11:10:51 p19812 tp 连续消失 3 次 → 杀游戏重启闭环
09-10 11:10:52 p9800 检测到登录界面，开始播种…
09-10 11:10:52 p19812 旧游戏进程卡死，已强制结束
09-10 11:10:53 p19812 已重启为新进程 PID=14036，等待登录界面…
09-10 11:10:54 p8468 播种成功 ✓
09-10 11:10:54 p8468 重放 member#1 登录点击 4 步…
09-10 11:10:54 p13872 → 新 PID=8468 播种/登录流程接管完成
09-10 11:10:54 p14036 检测到登录界面，开始播种…
09-10 11:10:55 p6404 播种成功 ✓
09-10 11:10:55 p6404 重放 leader#1 登录点击 4 步…
09-10 11:10:55 p2052 → 新 PID=6404 播种/登录流程接管完成
09-10 11:10:59 p9800 播种成功 ✓
09-10 11:10:59 p9800 重放 member#2 登录点击 4 步…
09-10 11:10:59 p15888 → 新 PID=9800 播种/登录流程接管完成
09-10 11:11:00 p2200 tp 连续消失 3 次 → 杀游戏重启闭环
09-10 11:11:01 p2200 旧游戏进程卡死，已强制结束
09-10 11:11:01 p14036 播种成功 ✓
09-10 11:11:01 p14036 重放 member#4 登录点击 4 步…
09-10 11:11:01 p19812 → 新 PID=14036 播种/登录流程接管完成
09-10 11:11:02 [看门狗] 队长 PID 变更 2052 → 6404，跟随新通道
09-10 11:11:02 p2200 已重启为新进程 PID=22624，等待登录界面…
09-10 11:11:02 p6404 登录点击重放完毕，等待进入场景…
09-10 11:11:02 p8468 登录点击重放完毕，等待进入场景…
09-10 11:11:04 p22624 检测到登录界面，开始播种…
09-10 11:11:04 p8468 检测到已登录 ✓
09-10 11:11:04 p8468 重登待命：等队长联动信号（队长未就位/未建队则不动）
09-10 11:11:04 p6404 检测到已登录 ✓
09-10 11:11:04 [sat] 队长准备: 传送 大唐官府 + 走位 [139,80]
09-10 11:11:07 p9800 登录点击重放完毕，等待进入场景…
09-10 11:11:08 p9800 检测到已登录 ✓
09-10 11:11:08 p9800 重登待命：等队长联动信号（队长未就位/未建队则不动）
09-10 11:11:09 p14036 登录点击重放完毕，等待进入场景…
09-10 11:11:10 p14036 检测到已登录 ✓
09-10 11:11:10 p14036 重登待命：等队长联动信号（队长未就位/未建队则不动）
09-10 11:11:10 p22624 播种成功 ✓
09-10 11:11:10 p2200 → 新 PID=22624 播种/登录流程接管完成
09-10 11:11:10 p22624 重放 member#3 登录点击 4 步…
09-10 11:11:15 [sat] 队长当前位置: None（第1次传送后）
09-10 11:11:15 [sat] 面板读不到，按传送统一落点 [132,83] 兜底走位
09-10 11:11:15 [sat] [fail] tp 不可用
09-10 11:11:15 [sat] [warn] 第1轮走位未到锚点（pos=None）→ 重传送再来
09-10 11:11:18 p22624 登录点击重放完毕，等待进入场景…
09-10 11:11:19 [sat] 队长当前位置: None（第2次传送后）
09-10 11:11:19 [sat] 面板读不到，按传送统一落点 [132,83] 兜底走位
09-10 11:11:19 [sat] [fail] tp 不可用
09-10 11:11:19 [sat] [warn] 第2轮走位未到锚点（pos=None）→ 重传送再来
09-10 11:11:19 [sat] [fail] 队长两轮走位均未到达 [139,80]——本轮禁止队员归队（防打乱坐标）
09-10 11:11:20 p22624 检测到已登录 ✓
09-10 11:11:20 p22624 重登待命：等队长联动信号（队长p6404 未就位/未建队则不动）
09-10 11:11:22 [任务闸] 队长任务暂不启动：未到齐：p8468 p8468（掉线/未登录）、p9800 p9800（掉线/未登录）、p22624 p22624（掉线/未登录）、p14036 p14036（掉线/未登录）（队伍 ?/5）——请先完成组队或确认队友在线
09-10 11:11:26 p6404 tp 状态消失（第1次，疑似服务器抹除）
09-10 11:11:32 p6404 任务脚本已死 → 自动补拉
09-10 11:11:33 [任务闸] 队长任务暂不启动：未到齐：p8468 p8468（掉线/未登录）、p9800 p9800（掉线/未登录）、p22624 p22624（掉线/未登录）、p14036 p14036（掉线/未登录）（队伍 ?/5）——请先完成组队或确认队友在线
09-10 11:11:42 p6404 tp 连续消失 3 次 → 杀游戏重启闭环
09-10 11:11:43 p6404 旧游戏进程卡死，已强制结束
09-10 11:11:44 p6404 已重启为新进程 PID=15756，等待登录界面…
09-10 11:11:45 p15756 检测到登录界面，开始播种…
09-10 11:11:48 [看门狗] 队长 PID 变更 6404 → 15756，跟随新通道
09-10 11:11:52 p15756 播种成功 ✓
09-10 11:11:52 p6404 → 新 PID=15756 播种/登录流程接管完成
09-10 11:11:52 p15756 重放 leader#1 登录点击 4 步…
09-10 11:11:58 p15756 登录点击重放完毕，等待进入场景…
09-10 11:12:00 p15756 检测到已登录 ✓
09-10 11:12:00 [sat] 队长准备: 传送 大唐官府 + 走位 [139,80]
09-10 11:12:10 [sat] 队长当前位置: (2640.0, 1660.0)（第1次传送后）
09-10 11:12:10 [sat] 走位点击 (540,240)（偏差 140,-60）——途中不点组队图标
09-10 11:12:15 [sat] 队长已就位: (2778.2853764254, 1600.7348386748)（目标 (2780.0, 1600.0)，±3 格容差）
09-10 11:12:17 [任务闸] 队长任务暂不启动：未到齐：p8468 p8468（掉线/未登录）、p9800 p9800（掉线/未登录）、p22624 p22624（掉线/未登录）、p14036 p14036（掉线/未登录）（队伍 0/5）——请先完成组队或确认队友在线
09-10 11:12:20 [看门狗] 检测到缺员 0/5 → 打断抓鬼，启动补组队
09-10 11:12:20 [sat] 队长准备: 传送 大唐官府 + 走位 [139,80]
09-10 11:12:21 [sat] 队长已在锚点附近 (2778.2853764254, 1600.7348386748)，跳过传送直接就位
09-10 11:12:21 [看门狗] 队伍已散（0 人）→ 重新建队
09-10 11:12:22 [sat] 建队第1次 脚底屏幕位 (417,292) → 身体点上移 50
09-10 11:12:26 [sat] 建队第1次 顶栏stats（应为 1）: ((1, 0, '二号美人'),)
09-10 11:12:26 [sat] 联动信号已发布: 队长 p15756 就位 (2778, 1601)（队员凭此行动）
09-10 11:12:28 p9800 收到队长联动 → 传送+申请归队
09-10 11:12:28 [sat] 当前成员数: 1（目标 5）
09-10 11:12:30 p14036 收到队长联动 → 传送+申请归队
09-10 11:12:34 [sat] p9800: tp/窗口不可用
09-10 11:12:36 [sat] p14036: tp/窗口不可用
09-10 11:12:36 p15756 任务脚本已死 → 自动补拉
09-10 11:12:37 [任务闸] 队长任务暂不启动：未到齐：p8468 p8468（掉线/未登录）、p9800 p9800（掉线/未登录）、p22624 p22624（掉线/未登录）、p14036 p14036（掉线/未登录）（队伍 1/5）——请先完成组队或确认队友在线
09-10 11:12:40 p22624 收到队长联动 → 传送+申请归队
09-10 11:12:41 [sat] p9800: tp/窗口不可用
09-10 11:12:42 [sat] p14036: tp/窗口不可用
09-10 11:12:44 p8468 收到队长联动 → 传送+申请归队
09-10 11:12:46 [sat] p22624: tp/窗口不可用
09-10 11:12:47 [sat] p9800: tp/窗口不可用
09-10 11:12:49 [sat] p14036: tp/窗口不可用
09-10 11:12:51 [sat] p8468: tp/窗口不可用
09-10 11:12:53 [sat] p22624: tp/窗口不可用
09-10 11:12:53 [sat] p9800: 申请轮次结束（是否入队由队长批准裁决）
09-10 11:12:55 [sat] p14036: 申请轮次结束（是否入队由队长批准裁决）
09-10 11:12:56 p9800 已拉起任务脚本（队员·这是帅哥 gw=file://pzxy_p9800）
09-10 11:12:57 [sat] p8468: tp/窗口不可用
09-10 11:12:58 p9800 tp 状态消失（第1次，疑似服务器抹除）
09-10 11:12:58 p14036 已拉起任务脚本（队员·一号美人 gw=file://pzxy_p14036）
09-10 11:13:00 [sat] p22624: tp/窗口不可用
09-10 11:13:00 p14036 tp 状态消失（第1次，疑似服务器抹除）
09-10 11:13:04 [sat] p8468: tp/窗口不可用
09-10 11:13:06 [sat] p22624: 申请轮次结束（是否入队由队长批准裁决）
09-10 11:13:08 p9800 tp 连续消失 3 次 → 杀游戏重启闭环
09-10 11:13:09 p22624 已拉起任务脚本（队员·这是猛男 gw=file://pzxy_p22624）
09-10 11:13:09 [看门狗] 心跳: 1/5
09-10 11:13:10 p9800 旧游戏进程卡死，已强制结束
09-10 11:13:10 [sat] p8468: 申请轮次结束（是否入队由队长批准裁决）
09-10 11:13:11 p9800 已重启为新进程 PID=20672，等待登录界面…
09-10 11:13:11 p8468 tp 状态消失（第1次，疑似服务器抹除）
09-10 11:13:12 p20672 检测到登录界面，开始播种…
09-10 11:13:13 p8468 已拉起任务脚本（队员·三号美人 gw=file://pzxy_p8468）
09-10 11:13:15 p8468 tp 连续消失 3 次 → 杀游戏重启闭环
09-10 11:13:16 p8468 旧游戏进程卡死，已强制结束
09-10 11:13:17 p8468 已重启为新进程 PID=11180，等待登录界面…
09-10 11:13:17 p22624 tp 状态消失（第1次，疑似服务器抹除）
09-10 11:13:18 p20672 播种成功 ✓
09-10 11:13:18 p20672 重放 member#2 登录点击 4 步…
09-10 11:13:18 p9800 → 新 PID=20672 播种/登录流程接管完成
09-10 11:13:19 p11180 检测到登录界面，开始播种…
09-10 11:13:25 p11180 播种成功 ✓
09-10 11:13:25 p11180 重放 member#1 登录点击 4 步…
09-10 11:13:25 p8468 → 新 PID=11180 播种/登录流程接管完成
09-10 11:13:26 p20672 登录点击重放完毕，等待进入场景…
09-10 11:13:28 p20672 检测到已登录 ✓
09-10 11:13:28 p20672 重登待命：等队长联动信号（队长p15756 未就位/未建队则不动）
09-10 11:13:28 p20672 收到队长联动 → 传送+申请归队
09-10 11:13:28 p14036 tp 连续消失 3 次 → 杀游戏重启闭环
09-10 11:13:29 [sat] p20672: 异图(江南野外≠队长大唐官府) 就地传送
09-10 11:13:29 p14036 旧游戏进程卡死，已强制结束
09-10 11:13:30 p14036 已重启为新进程 PID=9480，等待登录界面…
09-10 11:13:31 p9480 检测到登录界面，开始播种…
09-10 11:13:32 p22624 tp 连续消失 3 次 → 杀游戏重启闭环
09-10 11:13:33 p22624 旧游戏进程卡死，已强制结束
09-10 11:13:34 p11180 登录点击重放完毕，等待进入场景…
09-10 11:13:34 p22624 已重启为新进程 PID=14012，等待登录界面…
09-10 11:13:35 p14012 检测到登录界面，开始播种…
09-10 11:13:36 p11180 检测到已登录 ✓
09-10 11:13:36 p11180 重登待命：等队长联动信号（队长p15756 未就位/未建队则不动）
09-10 11:13:36 p11180 收到队长联动 → 传送+申请归队
09-10 11:13:37 [sat] p11180: 异图(江南野外≠队长大唐官府) 就地传送
09-10 11:13:38 p9480 播种成功 ✓
09-10 11:13:38 p14036 → 新 PID=9480 播种/登录流程接管完成
09-10 11:13:38 p9480 重放 member#4 登录点击 4 步…
09-10 11:13:40 [sat] p20672: 已点队长身体 (538,240)（第1次申请）
09-10 11:13:41 p15756 任务脚本已死 → 自动补拉
09-10 11:13:41 [任务闸] 队长任务暂不启动：未到齐：p11180 p11180（掉线/未登录）、p20672 p20672（掉线/未登录）、p14012 p14012（掉线/未登录）、p9480 p9480（掉线/未登录）（队伍 1/5）——请先完成组队或确认队友在线
09-10 11:13:42 p14012 播种成功 ✓
09-10 11:13:42 p14012 重放 member#3 登录点击 4 步…
09-10 11:13:42 p22624 → 新 PID=14012 播种/登录流程接管完成
09-10 11:13:46 p9480 登录点击重放完毕，等待进入场景…
09-10 11:13:47 p9480 检测到已登录 ✓
09-10 11:13:47 p9480 重登待命：等队长联动信号（队长p15756 未就位/未建队则不动）
09-10 11:13:47 p9480 收到队长联动 → 传送+申请归队
09-10 11:13:47 [sat] p9480: 异图(江南野外≠队长大唐官府) 就地传送
09-10 11:13:49 [sat] p11180: 已点队长身体 (538,240)（第1次申请）
09-10 11:13:49 [sat] 当前成员数: 2（目标 5）
09-10 11:13:50 p14012 登录点击重放完毕，等待进入场景…
09-10 11:13:51 p14012 检测到已登录 ✓
09-10 11:13:51 p14012 重登待命：等队长联动信号（队长p15756 未就位/未建队则不动）
09-10 11:13:51 p14012 收到队长联动 → 传送+申请归队
09-10 11:13:51 [sat] p14012: 异图(江南野外≠队长大唐官府) 就地传送
09-10 11:13:51 [sat] p20672: 已点队长身体 (538,240)（第2次申请）
09-10 11:13:53 [sat] 当前成员数: 3（目标 5）
09-10 11:14:00 [sat] p9480: 已点队长身体 (538,240)（第1次申请）
09-10 11:14:02 [sat] p11180: 已点队长身体 (538,240)（第2次申请）
09-10 11:14:03 [sat] p14012: 已点队长身体 (538,240)（第1次申请）
09-10 11:14:04 [sat] p20672: 已点队长身体 (538,240)（第3次申请）
09-10 11:14:09 [sat] 当前成员数: 4（目标 5）
09-10 11:14:10 [sat] p9480: 已点队长身体 (538,240)（第2次申请）
09-10 11:14:12 [sat] p20672: 申请轮次结束（是否入队由队长批准裁决）
09-10 11:14:13 [看门狗] 队伍满员 5/5，恢复抓鬼
09-10 11:14:14 [sat] p11180: 已点队长身体 (538,240)（第3次申请）
09-10 11:14:14 [sat] p14012: 已点队长身体 (538,240)（第2次申请）
09-10 11:14:14 p20672 已拉起任务脚本（队员·这是帅哥 gw=file://pzxy_p20672）
09-10 11:14:14 [任务闸] 队长任务暂不启动：未到齐：p11180 p11180（掉线/未登录）、p14012 p14012（掉线/未登录）、p9480 p9480（掉线/未登录）（队伍 5/5）——请先完成组队或确认队友在线
09-10 11:14:15 [sat] 当前成员数: 5（目标 5）
09-10 11:14:15 [看门狗] 补组批准结束: 5/5
09-10 11:14:15 p20672 任务脚本已在跑，跳过
09-10 11:14:21 [sat] p11180: 申请轮次结束（是否入队由队长批准裁决）
09-10 11:14:22 [sat] 阵法验证: 天覆阵/4
09-10 11:14:23 p11180 已拉起任务脚本（队员·三号美人 gw=file://pzxy_p11180）
09-10 11:14:23 [sat] p9480: 已点队长身体 (538,240)（第3次申请）
09-10 11:14:24 p11180 任务脚本已在跑，跳过
09-10 11:14:24 p20672 任务脚本已在跑，跳过
09-10 11:14:24 [任务闸] 队长任务暂不启动：未到齐：p14012 p14012（掉线/未登录）、p9480 p9480（掉线/未登录）（队伍 5/5）——请先完成组队或确认队友在线
09-10 11:14:24 [看门狗] 满员，抓鬼已恢复 ✓
09-10 11:14:26 [sat] p14012: 已点队长身体 (538,240)（第3次申请）
09-10 11:14:30 [sat] p9480: 申请轮次结束（是否入队由队长批准裁决）
09-10 11:14:33 p9480 已拉起任务脚本（队员·一号美人 gw=file://pzxy_p9480）
09-10 11:14:34 [sat] p14012: 申请轮次结束（是否入队由队长批准裁决）
09-10 11:14:37 p14012 已拉起任务脚本（队员·这是猛男 gw=file://pzxy_p14012）
09-10 11:14:49 p15756 任务脚本已死 → 自动补拉
09-10 11:14:50 p15756 已拉起任务脚本（队长·二号美人 gw=file://pzxy_p15756）
09-10 11:17:38 [看门狗] 心跳: 5/5
09-10 11:19:53 [看门狗] 心跳: 5/5
09-10 11:22:08 [看门狗] 心跳: 5/5
09-10 11:26:43 [看门狗] 心跳: 5/5
09-10 11:31:09 [看门狗] 心跳: 5/5
09-10 11:35:37 [看门狗] 心跳: 5/5
09-10 11:38:27 [内存] 已修剪 5 个游戏进程：3.7GB → 185.0MB（释放 3.5GB）
09-10 11:41:46 p15756 任务脚本已死 → 自动补拉
09-10 11:41:47 p15756 已拉起任务脚本（队长·二号美人 gw=file://pzxy_p15756）
09-10 11:44:33 [看门狗] 心跳: 5/5
09-10 11:45:37 p9480 tp 状态消失（第1次，疑似服务器抹除）
09-10 11:45:39 p14012 tp 状态消失（第1次，疑似服务器抹除）
09-10 11:45:41 p20672 tp 状态消失（第1次，疑似服务器抹除）
09-10 11:45:42 [看门狗] 队伍数据连续读不到（972 轮），检查通道/面板
09-10 11:45:43 p11180 tp 状态消失（第1次，疑似服务器抹除）
09-10 11:45:44 p15756 tp 状态消失（第1次，疑似服务器抹除）
09-10 11:45:55 p9480 tp 连续消失 3 次 → 杀游戏重启闭环
09-10 11:45:56 p9480 旧游戏进程卡死，已强制结束
09-10 11:45:57 p9480 已重启为新进程 PID=6996，等待登录界面…
09-10 11:45:57 p14012 tp 连续消失 3 次 → 杀游戏重启闭环
09-10 11:45:58 p14012 旧游戏进程卡死，已强制结束
09-10 11:45:59 p6996 检测到登录界面，开始播种…
09-10 11:45:59 p14012 已重启为新进程 PID=6900，等待登录界面…
09-10 11:45:59 p15756 tp 连续消失 3 次 → 杀游戏重启闭环
09-10 11:46:00 p15756 旧游戏进程卡死，已强制结束
09-10 11:46:01 p6900 检测到登录界面，开始播种…
09-10 11:46:01 p15756 已重启为新进程 PID=22892，等待登录界面…
09-10 11:46:03 p22892 检测到登录界面，开始播种…
09-10 11:46:03 p20672 tp 连续消失 3 次 → 杀游戏重启闭环
09-10 11:46:04 p20672 旧游戏进程卡死，已强制结束
09-10 11:46:05 p20672 已重启为新进程 PID=23236，等待登录界面…
09-10 11:46:06 p23236 检测到登录界面，开始播种…
09-10 11:46:08 p6996 播种成功 ✓
09-10 11:46:08 p6996 重放 member#4 登录点击 4 步…
09-10 11:46:08 p9480 → 新 PID=6996 播种/登录流程接管完成
09-10 11:46:10 p6900 播种成功 ✓
09-10 11:46:10 p6900 重放 member#3 登录点击 4 步…
09-10 11:46:10 p14012 → 新 PID=6900 播种/登录流程接管完成
09-10 11:46:11 p11180 tp 连续消失 3 次 → 杀游戏重启闭环
09-10 11:46:12 p22892 播种成功 ✓
09-10 11:46:12 p22892 重放 leader#1 登录点击 4 步…
09-10 11:46:12 p15756 → 新 PID=22892 播种/登录流程接管完成
09-10 11:46:12 p11180 旧游戏进程卡死，已强制结束
09-10 11:46:13 [看门狗] 队长 PID 变更 15756 → 22892，跟随新通道
09-10 11:46:13 p11180 已重启为新进程 PID=4120，等待登录界面…
09-10 11:46:14 p23236 播种成功 ✓
09-10 11:46:14 p23236 重放 member#2 登录点击 4 步…
09-10 11:46:14 p20672 → 新 PID=23236 播种/登录流程接管完成
09-10 11:46:14 p4120 检测到登录界面，开始播种…
09-10 11:46:16 p6996 登录点击重放完毕，等待进入场景…
09-10 11:46:17 p6996 检测到已登录 ✓
09-10 11:46:17 p6996 重登待命：等队长联动信号（队长未就位/未建队则不动）
09-10 11:46:18 p22892 登录点击重放完毕，等待进入场景…
09-10 11:46:18 p6900 登录点击重放完毕，等待进入场景…
09-10 11:46:19 p6900 检测到已登录 ✓
09-10 11:46:19 p6900 重登待命：等队长联动信号（队长未就位/未建队则不动）
09-10 11:46:19 p22892 检测到已登录 ✓
09-10 11:46:19 [sat] 队长准备: 传送 大唐官府 + 走位 [139,80]
09-10 11:46:21 p4120 播种成功 ✓
09-10 11:46:21 p4120 重放 member#1 登录点击 4 步…
09-10 11:46:21 p11180 → 新 PID=4120 播种/登录流程接管完成
09-10 11:46:22 p23236 登录点击重放完毕，等待进入场景…
09-10 11:46:23 p23236 检测到已登录 ✓
09-10 11:46:23 p23236 重登待命：等队长联动信号（队长未就位/未建队则不动）
09-10 11:46:30 p4120 登录点击重放完毕，等待进入场景…
09-10 11:46:31 [sat] 队长当前位置: None（第1次传送后）
09-10 11:46:31 [sat] 面板读不到，按传送统一落点 [132,83] 兜底走位
09-10 11:46:31 [sat] [fail] tp 不可用
09-10 11:46:31 [sat] [warn] 第1轮走位未到锚点（pos=None）→ 重传送再来
09-10 11:46:31 p4120 检测到已登录 ✓
09-10 11:46:31 p4120 重登待命：等队长联动信号（队长未就位/未建队则不动）
09-10 11:46:36 [sat] 队长当前位置: None（第2次传送后）
09-10 11:46:36 [sat] 面板读不到，按传送统一落点 [132,83] 兜底走位
09-10 11:46:36 [sat] [fail] tp 不可用
09-10 11:46:36 [sat] [warn] 第2轮走位未到锚点（pos=None）→ 重传送再来
09-10 11:46:36 [sat] [fail] 队长两轮走位均未到达 [139,80]——本轮禁止队员归队（防打乱坐标）
09-10 11:46:38 [任务闸] 队长任务暂不启动：未到齐：p4120 p4120（掉线/未登录）、p23236 p23236（掉线/未登录）、p6900 p6900（掉线/未登录）、p6996 p6996（掉线/未登录）（队伍 ?/5）——请先完成组队或确认队友在线
09-10 11:46:44 p22892 tp 状态消失（第1次，疑似服务器抹除）
09-10 11:46:44 [看门狗] 队伍数据连续读不到（976 轮），检查通道/面板
09-10 11:47:00 p22892 tp 连续消失 3 次 → 杀游戏重启闭环
09-10 11:47:01 p22892 旧游戏进程卡死，已强制结束
09-10 11:47:02 p22892 已重启为新进程 PID=15880，等待登录界面…
09-10 11:47:04 p15880 检测到登录界面，开始播种…
09-10 11:47:10 p15880 播种成功 ✓
09-10 11:47:10 p22892 → 新 PID=15880 播种/登录流程接管完成
09-10 11:47:10 p15880 重放 leader#1 登录点击 4 步…
09-10 11:47:15 [看门狗] 队长 PID 变更 22892 → 15880，跟随新通道
09-10 11:47:17 p15880 登录点击重放完毕，等待进入场景…
09-10 11:47:18 p15880 检测到已登录 ✓
09-10 11:47:18 [sat] 队长准备: 传送 大唐官府 + 走位 [139,80]
09-10 11:47:29 [sat] 队长当前位置: None（第1次传送后）
09-10 11:47:29 [sat] 面板读不到，按传送统一落点 [132,83] 兜底走位
09-10 11:47:29 [sat] [fail] tp 不可用
09-10 11:47:29 [sat] [warn] 第1轮走位未到锚点（pos=None）→ 重传送再来
09-10 11:47:34 [sat] 队长当前位置: None（第2次传送后）
09-10 11:47:34 [sat] 面板读不到，按传送统一落点 [132,83] 兜底走位
09-10 11:47:34 [sat] [fail] tp 不可用
09-10 11:47:34 [sat] [warn] 第2轮走位未到锚点（pos=None）→ 重传送再来
09-10 11:47:34 [sat] [fail] 队长两轮走位均未到达 [139,80]——本轮禁止队员归队（防打乱坐标）
09-10 11:47:36 [任务闸] 队长任务暂不启动：未到齐：p4120 p4120（掉线/未登录）、p23236 p23236（掉线/未登录）、p6900 p6900（掉线/未登录）、p6996 p6996（掉线/未登录）（队伍 ?/5）——请先完成组队或确认队友在线
09-10 11:47:40 p15880 tp 状态消失（第1次，疑似服务器抹除）
09-10 11:47:46 [看门狗] 队伍数据连续读不到（980 轮），检查通道/面板
09-10 11:47:57 p15880 tp 连续消失 3 次 → 杀游戏重启闭环
09-10 11:47:58 p15880 旧游戏进程卡死，已强制结束
09-10 11:47:59 p15880 已重启为新进程 PID=11356，等待登录界面…
09-10 11:48:01 p11356 检测到登录界面，开始播种…
09-10 11:48:01 [看门狗] 队长 PID 变更 15880 → 11356，跟随新通道
09-10 11:48:07 p11356 播种成功 ✓
09-10 11:48:07 p11356 重放 leader#1 登录点击 4 步…
09-10 11:48:07 p15880 → 新 PID=11356 播种/登录流程接管完成
09-10 11:48:14 p11356 登录点击重放完毕，等待进入场景…
09-10 11:48:15 p11356 检测到已登录 ✓
09-10 11:48:15 [sat] 队长准备: 传送 大唐官府 + 走位 [139,80]
09-10 11:48:25 [sat] 队长当前位置: (2640.0, 1660.0)（第1次传送后）
09-10 11:48:25 [sat] 走位点击 (540,240)（偏差 140,-60）——途中不点组队图标
09-10 11:48:30 [sat] 队长已就位: (2777.6603559562, 1601.0027045902)（目标 (2780.0, 1600.0)，±3 格容差）
09-10 11:48:32 [看门狗] 检测到缺员 0/5 → 打断抓鬼，启动补组队
09-10 11:48:32 [任务闸] 队长任务暂不启动：未到齐：p4120 p4120（掉线/未登录）、p23236 p23236（掉线/未登录）、p6900 p6900（掉线/未登录）、p6996 p6996（掉线/未登录）（队伍 0/5）——请先完成组队或确认队友在线
09-10 11:48:32 [sat] 队长准备: 传送 大唐官府 + 走位 [139,80]
09-10 11:48:33 [sat] 队长已在锚点附近 (2777.6603559562, 1601.0027045902)，跳过传送直接就位
09-10 11:48:33 [看门狗] 队伍已散（0 人）→ 重新建队
09-10 11:48:34 [sat] 建队第1次 脚底屏幕位 (418,292) → 身体点上移 50
09-10 11:48:38 [sat] 建队第1次 顶栏stats（应为 1）: ((1, 0, '二号美人'),)
09-10 11:48:38 [sat] 联动信号已发布: 队长 p11356 就位 (2778, 1601)（队员凭此行动）
09-10 11:48:39 p6900 收到队长联动 → 传送+申请归队
09-10 11:48:41 [sat] 当前成员数: 1（目标 5）
09-10 11:48:43 p23236 收到队长联动 → 传送+申请归队
09-10 11:48:46 [sat] p6900: tp/窗口不可用
09-10 11:48:49 [看门狗] 心跳: 1/5
09-10 11:48:51 [sat] p23236: tp/窗口不可用
09-10 11:48:51 p4120 收到队长联动 → 传送+申请归队
09-10 11:48:53 [sat] p6900: tp/窗口不可用
09-10 11:48:57 p6996 收到队长联动 → 传送+申请归队
09-10 11:48:58 [sat] p23236: tp/窗口不可用
09-10 11:48:59 [sat] p4120: tp/窗口不可用
09-10 11:49:00 [sat] p6900: tp/窗口不可用
09-10 11:49:04 [sat] p6996: tp/窗口不可用
09-10 11:49:06 [sat] p23236: tp/窗口不可用
09-10 11:49:06 [sat] p4120: tp/窗口不可用
09-10 11:49:06 [sat] p6900: 申请轮次结束（是否入队由队长批准裁决）
09-10 11:49:08 p6900 tp 状态消失（第1次，疑似服务器抹除）
09-10 11:49:09 p6900 已拉起任务脚本（队员·这是猛男 gw=file://pzxy_p6900）
09-10 11:49:11 [sat] p6996: tp/窗口不可用
09-10 11:49:12 [sat] p23236: 申请轮次结束（是否入队由队长批准裁决）
09-10 11:49:12 p23236 tp 状态消失（第1次，疑似服务器抹除）
09-10 11:49:12 [sat] p4120: tp/窗口不可用
09-10 11:49:14 p23236 已拉起任务脚本（队员·这是帅哥 gw=file://pzxy_p23236）
09-10 11:49:17 [sat] p6996: tp/窗口不可用
09-10 11:49:18 [sat] p4120: 申请轮次结束（是否入队由队长批准裁决）
09-10 11:49:21 p4120 任务脚本已死 → 自动补拉
09-10 11:49:21 p4120 已拉起任务脚本（队员·三号美人 gw=file://pzxy_p4120）
09-10 11:49:22 p4120 任务脚本已在跑，跳过
09-10 11:49:23 [sat] p6996: 申请轮次结束（是否入队由队长批准裁决）
09-10 11:49:25 p11356 任务脚本已死 → 自动补拉
09-10 11:49:25 [任务闸] 队长任务暂不启动：未到齐：p4120 p4120（在线但未入队）、p23236 p23236（在线但未入队）、p6900 p6900（在线但未入队）、p6996 p6996（在线但未入队）（队伍 1/5）——请先完成组队或确认队友在线
09-10 11:49:26 p6996 tp 状态消失（第1次，疑似服务器抹除）
09-10 11:49:26 p6996 已拉起任务脚本（队员·一号美人 gw=file://pzxy_p6996）
09-10 11:49:28 p6900 tp 连续消失 3 次 → 杀游戏重启闭环
09-10 11:49:29 p6900 旧游戏进程卡死，已强制结束
09-10 11:49:30 p6900 已重启为新进程 PID=2308，等待登录界面…
09-10 11:49:32 p2308 检测到登录界面，开始播种…
09-10 11:49:32 p23236 tp 连续消失 3 次 → 杀游戏重启闭环
09-10 11:49:33 p23236 旧游戏进程卡死，已强制结束
09-10 11:49:34 p23236 已重启为新进程 PID=7416，等待登录界面…
09-10 11:49:36 p7416 检测到登录界面，开始播种…
09-10 11:49:38 p2308 播种成功 ✓
09-10 11:49:38 p2308 重放 member#3 登录点击 4 步…
09-10 11:49:38 p6900 → 新 PID=2308 播种/登录流程接管完成
09-10 11:49:40 p4120 tp 状态消失（第1次，疑似服务器抹除）
09-10 11:49:42 p6996 tp 连续消失 3 次 → 杀游戏重启闭环
09-10 11:49:43 p7416 播种成功 ✓
09-10 11:49:43 p7416 重放 member#2 登录点击 4 步…
09-10 11:49:43 p23236 → 新 PID=7416 播种/登录流程接管完成
09-10 11:49:43 p6996 旧游戏进程卡死，已强制结束
09-10 11:49:44 p6996 已重启为新进程 PID=2728，等待登录界面…
09-10 11:49:45 p2728 检测到登录界面，开始播种…
09-10 11:49:46 p2308 登录点击重放完毕，等待进入场景…
09-10 11:49:46 p2308 检测到已登录 ✓
09-10 11:49:46 p2308 重登待命：等队长联动信号（队长p11356 未就位/未建队则不动）
09-10 11:49:46 p2308 收到队长联动 → 传送+申请归队
09-10 11:49:47 [sat] p2308: 异图(江南野外≠队长大唐官府) 就地传送
09-10 11:49:51 p7416 登录点击重放完毕，等待进入场景…
09-10 11:49:51 p4120 tp 连续消失 3 次 → 杀游戏重启闭环
09-10 11:49:52 p2728 播种成功 ✓
09-10 11:49:52 p2728 重放 member#4 登录点击 4 步…
09-10 11:49:52 p6996 → 新 PID=2728 播种/登录流程接管完成
09-10 11:49:52 p4120 旧游戏进程卡死，已强制结束
09-10 11:49:53 p7416 检测到已登录 ✓
09-10 11:49:53 p7416 重登待命：等队长联动信号（队长p11356 未就位/未建队则不动）
09-10 11:49:53 p7416 收到队长联动 → 传送+申请归队
09-10 11:49:53 p4120 已重启为新进程 PID=8928，等待登录界面…
09-10 11:49:53 [sat] p7416: 异图(江南野外≠队长大唐官府) 就地传送
09-10 11:49:55 p8928 检测到登录界面，开始播种…
09-10 11:49:58 [sat] p2308: 已点队长身体 (537,241)（第1次申请）
09-10 11:50:00 p2728 登录点击重放完毕，等待进入场景…
09-10 11:50:01 p2728 检测到已登录 ✓
09-10 11:50:01 p2728 重登待命：等队长联动信号（队长p11356 未就位/未建队则不动）
09-10 11:50:01 p2728 收到队长联动 → 传送+申请归队
09-10 11:50:01 [sat] p2728: 异图(江南野外≠队长大唐官府) 就地传送
09-10 11:50:01 p8928 播种成功 ✓
09-10 11:50:01 p8928 重放 member#1 登录点击 4 步…
09-10 11:50:01 p4120 → 新 PID=8928 播种/登录流程接管完成
09-10 11:50:05 [sat] p7416: 已点队长身体 (537,241)（第1次申请）
09-10 11:50:08 [sat] p2308: 已点队长身体 (537,241)（第2次申请）
09-10 11:50:10 p8928 登录点击重放完毕，等待进入场景…
09-10 11:50:11 p8928 检测到已登录 ✓
09-10 11:50:11 p8928 重登待命：等队长联动信号（队长p11356 未就位/未建队则不动）
09-10 11:50:11 p8928 收到队长联动 → 传送+申请归队
09-10 11:50:12 [sat] 当前成员数: 2（目标 5）
09-10 11:50:12 [sat] p8928: 异图(江南野外≠队长大唐官府) 就地传送
09-10 11:50:13 [sat] p2728: 已点队长身体 (537,241)（第1次申请）
09-10 11:50:17 [sat] p7416: 已点队长身体 (537,241)（第2次申请）
09-10 11:50:17 [sat] 当前成员数: 3（目标 5）
09-10 11:50:18 [sat] p2308: 已点队长身体 (537,241)（第3次申请）
09-10 11:50:22 [sat] 当前成员数: 4（目标 5）
09-10 11:50:24 [sat] p8928: 已点队长身体 (537,241)（第1次申请）
09-10 11:50:25 [sat] p2728: 已点队长身体 (537,241)（第2次申请）
09-10 11:50:25 [sat] p2308: 申请轮次结束（是否入队由队长批准裁决）
09-10 11:50:27 p2308 已拉起任务脚本（队员·这是猛男 gw=file://pzxy_p2308）
09-10 11:50:29 [sat] p7416: 已点队长身体 (537,241)（第3次申请）
09-10 11:50:30 p11356 任务脚本已死 → 自动补拉
09-10 11:50:30 [任务闸] 队长任务暂不启动：未到齐：p8928 p8928（掉线/未登录）、p7416 p7416（掉线/未登录）、p2728 p2728（掉线/未登录）、p2308 p2308（在线但未入队）（队伍 4/5）——请先完成组队或确认队友在线
09-10 11:50:36 [sat] p8928: 已点队长身体 (537,241)（第2次申请）
09-10 11:50:37 [sat] p2728: 已点队长身体 (537,241)（第3次申请）
09-10 11:50:37 [sat] p7416: 申请轮次结束（是否入队由队长批准裁决）
09-10 11:50:38 [sat] 当前成员数: 5（目标 5）
09-10 11:50:38 [看门狗] 补组批准结束: 5/5
09-10 11:50:40 p7416 已拉起任务脚本（队员·这是帅哥 gw=file://pzxy_p7416）
09-10 11:50:43 [sat] p2728: 申请轮次结束（是否入队由队长批准裁决）
09-10 11:50:45 [sat] 阵法验证: 天覆阵/4
09-10 11:50:46 p2728 已拉起任务脚本（队员·一号美人 gw=file://pzxy_p2728）
09-10 11:50:46 p7416 任务脚本已在跑，跳过
09-10 11:50:47 p2308 任务脚本已在跑，跳过
09-10 11:50:48 [sat] p8928: 已点队长身体 (537,241)（第3次申请）
09-10 11:50:48 p2728 任务脚本已在跑，跳过
09-10 11:50:48 [任务闸] 队长任务暂不启动：未到齐：p8928 p8928（掉线/未登录）（队伍 5/5）——请先完成组队或确认队友在线
09-10 11:50:48 [看门狗] 满员，抓鬼已恢复 ✓
09-10 11:50:55 [sat] p8928: 申请轮次结束（是否入队由队长批准裁决）
09-10 11:50:58 p8928 已拉起任务脚本（队员·三号美人 gw=file://pzxy_p8928）
09-10 11:51:03 [看门狗] 心跳: 5/5
09-10 11:51:38 p11356 任务脚本已死 → 自动补拉
09-10 11:51:39 p11356 已拉起任务脚本（队长·二号美人 gw=file://pzxy_p11356）
09-10 11:55:35 [看门狗] 心跳: 5/5
09-10 11:57:51 [看门狗] 心跳: 5/5
09-10 12:00:06 [看门狗] 心跳: 5/5
09-10 12:02:22 [看门狗] 心跳: 5/5
09-10 12:04:39 [看门狗] 心跳: 5/5
09-10 12:06:55 [看门狗] 心跳: 5/5
09-10 12:08:27 [内存] 已修剪 5 个游戏进程：3.6GB → 116.1MB（释放 3.5GB）
09-10 12:09:08 [看门狗] 心跳: 5/5
09-10 12:13:35 [看门狗] 心跳: 5/5
09-10 12:15:49 [看门狗] 心跳: 5/5
09-10 12:22:30 [看门狗] 心跳: 5/5
09-10 12:27:10 squad_auto_team 日志已桥接到 GUI（组队内部步骤可见）
09-10 12:27:15 已启动队员进程 PID=2252，等待登录界面窗口…
09-10 12:27:15 已启动队员进程 PID=22596，等待登录界面窗口…
09-10 12:27:16 已启动队员进程 PID=3228，等待登录界面窗口…
09-10 12:27:16 p22596 检测到登录界面，开始播种…
09-10 12:27:17 已启动队员进程 PID=21992，等待登录界面窗口…
09-10 12:27:17 p2252 检测到登录界面，开始播种…
09-10 12:27:17 已启动队长进程 PID=432，等待登录界面窗口…
09-10 12:27:18 p21992 检测到登录界面，开始播种…
09-10 12:27:18 p3228 检测到登录界面，开始播种…
09-10 12:27:18 p432 检测到登录界面，开始播种…
09-10 12:27:23 p22596 播种成功 ✓
09-10 12:27:23 p22596 重放 member#2 登录点击 4 步…
09-10 12:27:23 p2252 播种成功 ✓
09-10 12:27:23 p2252 重放 member#1 登录点击 4 步…
09-10 12:27:24 p21992 播种成功 ✓
09-10 12:27:24 p21992 重放 member#4 登录点击 4 步…
09-10 12:27:24 p3228 播种成功 ✓
09-10 12:27:24 p3228 重放 member#3 登录点击 4 步…
09-10 12:27:25 p432 播种成功 ✓
09-10 12:27:25 p432 重放 leader#1 登录点击 4 步…
09-10 12:27:30 [卫生] 清理旧 IPC 文件 202 个，日志轮转 0 个
09-10 12:27:31 p22596 登录点击重放完毕，等待进入场景…
09-10 12:27:31 p432 登录点击重放完毕，等待进入场景…
09-10 12:27:32 p2252 登录点击重放完毕，等待进入场景…
09-10 12:27:32 p21992 登录点击重放完毕，等待进入场景…
09-10 12:27:32 p3228 登录点击重放完毕，等待进入场景…
09-10 12:27:32 p22596 检测到已登录 ✓
09-10 12:27:34 p2252 检测到已登录 ✓
09-10 12:27:34 p3228 检测到已登录 ✓
09-10 12:27:34 p21992 检测到已登录 ✓
09-10 12:27:35 p432 检测到系统弹窗(下线通知) → 已点确定/关闭
09-10 12:27:36 p432 检测到已登录 ✓
09-10 12:27:40 [内存] 已修剪 5 个游戏进程：1.9GB → 59.0MB（释放 1.9GB）
09-10 12:27:43 p432 进程已死（状态=已登录）→ 重启闭环
09-10 12:27:44 p432 已重启为新进程 PID=21748，等待登录界面…
09-10 12:27:45 p21748 检测到登录界面，开始播种…
09-10 12:27:52 p21748 播种成功 ✓
09-10 12:27:52 p21748 重放 leader#1 登录点击 4 步…
09-10 12:27:52 p432 → 新 PID=21748 播种/登录流程接管完成
09-10 12:27:58 p21748 登录点击重放完毕，等待进入场景…
09-10 12:28:01 p21748 检测到已登录 ✓
09-10 12:28:12 [autoTeam] Lua 队伍读数 0/5 未满员 → 走组队流程
09-10 12:28:12 [autoTeam] 阶段1: 队长先行 传送+走位[139,80]
09-10 12:28:12 [sat] 队长准备: 传送 大唐官府 + 走位 [139,80]
09-10 12:28:22 [sat] 队长当前位置: (2640.0, 1660.0)（第1次传送后）
09-10 12:28:22 [sat] 走位点击 (540,240)（偏差 140,-60）——途中不点组队图标
09-10 12:28:27 [sat] 队长已就位: (2778.4416284867, 1600.6678735057)（目标 (2780.0, 1600.0)，±3 格容差）
09-10 12:28:27 [autoTeam] 阶段2: 建队
09-10 12:28:29 [sat] 建队第1次 脚底屏幕位 (418,292) → 身体点上移 50
09-10 12:28:32 [sat] 建队第1次 顶栏stats（应为 1）: ((1, 0, '二号美人'),)
09-10 12:28:32 [sat] 联动信号已发布: 队长 p21748 就位 (2778, 1601)（队员凭此行动）
09-10 12:28:32 [autoTeam] 阶段3: 4 名队员并行传送+申请入队
09-10 12:28:33 [sat] p2252: 异图(傲来国≠队长大唐官府) 就地传送
09-10 12:28:34 [sat] p3228: 异图(傲来国≠队长大唐官府) 就地传送
09-10 12:28:34 [sat] p22596: 异图(傲来国≠队长大唐官府) 就地传送
09-10 12:28:35 [sat] p21992: 异图(傲来国≠队长大唐官府) 就地传送
09-10 12:28:46 [sat] p2252: 已点队长身体 (538,240)（第1次申请）
09-10 12:28:46 [sat] p21992: 已点队长身体 (538,240)（第1次申请）
09-10 12:28:46 [sat] p22596: 已点队长身体 (538,240)（第1次申请）
09-10 12:28:46 [sat] p3228: 已点队长身体 (538,240)（第1次申请）
09-10 12:28:57 [sat] p2252: 已点队长身体 (538,240)（第2次申请）
09-10 12:29:00 [sat] p21992: 已点队长身体 (538,240)（第2次申请）
09-10 12:29:00 [sat] p3228: 已点队长身体 (538,240)（第2次申请）
09-10 12:29:00 [sat] p22596: 已点队长身体 (538,240)（第2次申请）
09-10 12:29:04 [sat] p2252: 申请轮次结束（是否入队由队长批准裁决）
09-10 12:29:06 [sat] p21992: 申请轮次结束（是否入队由队长批准裁决）
09-10 12:29:06 [sat] p22596: 申请轮次结束（是否入队由队长批准裁决）
09-10 12:29:08 [sat] p3228: 申请轮次结束（是否入队由队长批准裁决）
09-10 12:29:08 [autoTeam] 阶段4: 队长批准申请
09-10 12:29:11 [sat] 当前成员数: 1（目标 5）
09-10 12:29:15 [sat] 当前成员数: 2（目标 5）
09-10 12:29:20 [sat] 当前成员数: 3（目标 5）
09-10 12:29:25 [sat] 当前成员数: 4（目标 5）
09-10 12:29:30 [sat] 当前成员数: 5（目标 5）
09-10 12:29:30 [autoTeam] 批准结束: 成员=5/目标=5
09-10 12:29:37 [sat] 阵法验证: 天覆阵/4
09-10 12:29:37 [autoTeam] 天覆阵完成 ✓
09-10 12:29:38 p2252 已拉起任务脚本（队员·三号美人 gw=file://pzxy_p2252）
09-10 12:29:39 p22596 已拉起任务脚本（队员·这是帅哥 gw=file://pzxy_p22596）
09-10 12:29:40 p3228 已拉起任务脚本（队员·这是猛男 gw=file://pzxy_p3228）
09-10 12:29:41 p21992 已拉起任务脚本（队员·一号美人 gw=file://pzxy_p21992）
09-10 12:29:42 p21748 已拉起任务脚本（队长·二号美人 gw=file://pzxy_p21748）
09-10 12:29:42 [autoTeam] 组队+任务脚本启动完成
09-10 12:29:42 [看门狗] 启动（目标 5 人，每 15s 判定）
09-10 12:29:43 已清理残留任务脚本（绑定死 PID 2308，系统 PID 15948）
09-10 12:29:43 已清理残留任务脚本（绑定死 PID 7416，系统 PID 22580）
09-10 12:29:43 已清理残留任务脚本（绑定死 PID 2728，系统 PID 11212）
09-10 12:29:43 已清理残留任务脚本（绑定死 PID 8928，系统 PID 16144）
09-10 12:29:43 已清理残留任务脚本（绑定死 PID 11356，系统 PID 9460）
09-10 12:34:12 [看门狗] 心跳: 5/5
09-10 12:36:25 [看门狗] 心跳: 5/5
09-10 12:40:57 [看门狗] 心跳: 5/5
09-10 12:43:11 [看门狗] 心跳: 5/5
09-10 12:45:25 [看门狗] 心跳: 5/5
09-10 12:47:39 [看门狗] 心跳: 5/5
09-10 12:49:53 [看门狗] 心跳: 5/5
09-10 12:54:21 [看门狗] 心跳: 5/5
09-10 12:56:35 [看门狗] 心跳: 5/5
09-10 12:57:10 p21748 任务脚本已死 → 自动补拉
09-10 12:57:11 p21748 已拉起任务脚本（队长·二号美人 gw=file://pzxy_p21748）
09-10 12:57:41 [内存] 已修剪 5 个游戏进程：3.2GB → 120.5MB（释放 3.0GB）
09-10 12:58:52 [看门狗] 心跳: 5/5
09-10 13:01:11 [看门狗] 心跳: 5/5
09-10 13:03:26 [看门狗] 心跳: 5/5
09-10 13:05:43 [看门狗] 心跳: 5/5
09-10 13:07:57 [看门狗] 心跳: 5/5
09-10 13:10:15 [看门狗] 心跳: 5/5
09-10 13:12:32 [看门狗] 心跳: 5/5
09-10 13:12:57 p22596 tp 状态消失（第1次，疑似服务器抹除）
09-10 13:12:59 p2252 tp 状态消失（第1次，疑似服务器抹除）
09-10 13:12:59 p21748 tp 状态消失（第1次，疑似服务器抹除）
09-10 13:13:02 p21992 tp 状态消失（第1次，疑似服务器抹除）
09-10 13:13:04 p3228 tp 状态消失（第1次，疑似服务器抹除）
09-10 13:13:15 p22596 tp 连续消失 3 次 → 杀游戏重启闭环
09-10 13:13:16 p22596 旧游戏进程卡死，已强制结束
09-10 13:13:17 p22596 已重启为新进程 PID=15604，等待登录界面…
09-10 13:13:18 p2252 tp 连续消失 3 次 → 杀游戏重启闭环
09-10 13:13:18 p15604 检测到登录界面，开始播种…
09-10 13:13:19 p2252 旧游戏进程卡死，已强制结束
09-10 13:13:20 p2252 已重启为新进程 PID=22300，等待登录界面…
09-10 13:13:20 p3228 tp 连续消失 3 次 → 杀游戏重启闭环
09-10 13:13:21 p22300 检测到登录界面，开始播种…
09-10 13:13:21 p3228 旧游戏进程卡死，已强制结束
09-10 13:13:22 p3228 已重启为新进程 PID=2044，等待登录界面…
09-10 13:13:22 p21748 tp 连续消失 3 次 → 杀游戏重启闭环
09-10 13:13:23 p21748 旧游戏进程卡死，已强制结束
09-10 13:13:24 p2044 检测到登录界面，开始播种…
09-10 13:13:24 p21748 已重启为新进程 PID=22872，等待登录界面…
09-10 13:13:25 p15604 播种成功 ✓
09-10 13:13:25 p15604 重放 member#2 登录点击 4 步…
09-10 13:13:25 p22596 → 新 PID=15604 播种/登录流程接管完成
09-10 13:13:26 p22872 检测到登录界面，开始播种…
09-10 13:13:27 p22300 播种成功 ✓
09-10 13:13:27 p22300 重放 member#1 登录点击 4 步…
09-10 13:13:27 p2252 → 新 PID=22300 播种/登录流程接管完成
09-10 13:13:30 p2044 播种成功 ✓
09-10 13:13:30 p2044 重放 member#3 登录点击 4 步…
09-10 13:13:30 p3228 → 新 PID=2044 播种/登录流程接管完成
09-10 13:13:30 p21992 tp 连续消失 3 次 → 杀游戏重启闭环
09-10 13:13:31 p21992 旧游戏进程卡死，已强制结束
09-10 13:13:32 p21992 已重启为新进程 PID=11584，等待登录界面…
09-10 13:13:33 p22872 播种成功 ✓
09-10 13:13:33 p22872 重放 leader#1 登录点击 4 步…
09-10 13:13:33 p21748 → 新 PID=22872 播种/登录流程接管完成
09-10 13:13:33 p15604 登录点击重放完毕，等待进入场景…
09-10 13:13:33 p11584 检测到登录界面，开始播种…
09-10 13:13:34 p15604 检测到已登录 ✓
09-10 13:13:34 p15604 重登待命：等队长联动信号（队长未就位/未建队则不动）
09-10 13:13:36 p22300 登录点击重放完毕，等待进入场景…
09-10 13:13:38 p2044 登录点击重放完毕，等待进入场景…
09-10 13:13:38 p22300 检测到已登录 ✓
09-10 13:13:38 p2044 检测到已登录 ✓
09-10 13:13:38 p22300 重登待命：等队长联动信号（队长未就位/未建队则不动）
09-10 13:13:38 p2044 重登待命：等队长联动信号（队长未就位/未建队则不动）
09-10 13:13:39 [看门狗] 队长 PID 变更 21748 → 22872，跟随新通道
09-10 13:13:39 p22872 登录点击重放完毕，等待进入场景…
09-10 13:13:40 p11584 播种成功 ✓
09-10 13:13:40 p11584 重放 member#4 登录点击 4 步…
09-10 13:13:40 p21992 → 新 PID=11584 播种/登录流程接管完成
09-10 13:13:40 p22872 检测到已登录 ✓
09-10 13:13:40 [sat] 队长准备: 传送 大唐官府 + 走位 [139,80]
09-10 13:13:48 p11584 登录点击重放完毕，等待进入场景…
09-10 13:13:50 p11584 检测到已登录 ✓
09-10 13:13:50 p11584 重登待命：等队长联动信号（队长未就位/未建队则不动）
09-10 13:13:52 [sat] 队长当前位置: None（第1次传送后）
09-10 13:13:52 [sat] 面板读不到，按传送统一落点 [132,83] 兜底走位
09-10 13:13:52 [sat] [fail] tp 不可用
09-10 13:13:52 [sat] [warn] 第1轮走位未到锚点（pos=None）→ 重传送再来
09-10 13:13:57 [sat] 队长当前位置: None（第2次传送后）
09-10 13:13:57 [sat] 面板读不到，按传送统一落点 [132,83] 兜底走位
09-10 13:13:57 [sat] [fail] tp 不可用
09-10 13:13:57 [sat] [warn] 第2轮走位未到锚点（pos=None）→ 重传送再来
09-10 13:13:57 [sat] [fail] 队长两轮走位均未到达 [139,80]——本轮禁止队员归队（防打乱坐标）
09-10 13:13:59 [任务闸] 队长任务暂不启动：未到齐：p22300 p22300（掉线/未登录）、p15604 p15604（掉线/未登录）、p2044 p2044（掉线/未登录）、p11584 p11584（掉线/未登录）（队伍 ?/5）——请先完成组队或确认队友在线
09-10 13:14:05 p22872 tp 状态消失（第1次，疑似服务器抹除）
09-10 13:14:09 p22872 任务脚本已死 → 自动补拉
09-10 13:14:10 [任务闸] 队长任务暂不启动：未到齐：p22300 p22300（掉线/未登录）、p15604 p15604（掉线/未登录）、p2044 p2044（掉线/未登录）、p11584 p11584（掉线/未登录）（队伍 ?/5）——请先完成组队或确认队友在线
09-10 13:14:21 p22872 tp 连续消失 3 次 → 杀游戏重启闭环
09-10 13:14:22 p22872 旧游戏进程卡死，已强制结束
09-10 13:14:23 p22872 已重启为新进程 PID=6832，等待登录界面…
09-10 13:14:25 p6832 检测到登录界面，开始播种…
09-10 13:14:32 p6832 播种成功 ✓
09-10 13:14:32 p6832 重放 leader#1 登录点击 4 步…
09-10 13:14:32 p22872 → 新 PID=6832 播种/登录流程接管完成
09-10 13:14:38 p6832 登录点击重放完毕，等待进入场景…
09-10 13:14:41 [看门狗] 队长 PID 变更 22872 → 6832，跟随新通道
09-10 13:14:41 p6832 检测到已登录 ✓
09-10 13:14:41 [sat] 队长准备: 传送 大唐官府 + 走位 [139,80]
09-10 13:14:52 [sat] 队长当前位置: None（第1次传送后）
09-10 13:14:52 [sat] 面板读不到，按传送统一落点 [132,83] 兜底走位
09-10 13:14:52 [sat] [fail] tp 不可用
09-10 13:14:52 [sat] [warn] 第1轮走位未到锚点（pos=None）→ 重传送再来
09-10 13:14:57 [sat] 队长当前位置: None（第2次传送后）
09-10 13:14:57 [sat] 面板读不到，按传送统一落点 [132,83] 兜底走位
09-10 13:14:57 [sat] [fail] tp 不可用
09-10 13:14:57 [sat] [warn] 第2轮走位未到锚点（pos=None）→ 重传送再来
09-10 13:14:57 [sat] [fail] 队长两轮走位均未到达 [139,80]——本轮禁止队员归队（防打乱坐标）
09-10 13:14:59 [任务闸] 队长任务暂不启动：未到齐：p22300 p22300（掉线/未登录）、p15604 p15604（掉线/未登录）、p2044 p2044（掉线/未登录）、p11584 p11584（掉线/未登录）（队伍 ?/5）——请先完成组队或确认队友在线
09-10 13:15:03 p6832 tp 状态消失（第1次，疑似服务器抹除）
09-10 13:15:12 p6832 任务脚本已死 → 自动补拉
09-10 13:15:12 [任务闸] 队长任务暂不启动：未到齐：p22300 p22300（掉线/未登录）、p15604 p15604（掉线/未登录）、p2044 p2044（掉线/未登录）、p11584 p11584（掉线/未登录）（队伍 ?/5）——请先完成组队或确认队友在线
09-10 13:15:20 p6832 tp 连续消失 3 次 → 杀游戏重启闭环
09-10 13:15:21 p6832 旧游戏进程卡死，已强制结束
09-10 13:15:22 p6832 已重启为新进程 PID=12312，等待登录界面…
09-10 13:15:24 p12312 检测到登录界面，开始播种…
09-10 13:15:27 [看门狗] 队长 PID 变更 6832 → 12312，跟随新通道
09-10 13:15:30 p12312 播种成功 ✓
09-10 13:15:30 p12312 重放 leader#1 登录点击 4 步…
09-10 13:15:30 p6832 → 新 PID=12312 播种/登录流程接管完成
09-10 13:15:37 p12312 登录点击重放完毕，等待进入场景…
09-10 13:15:38 p12312 检测到已登录 ✓
09-10 13:15:38 [sat] 队长准备: 传送 大唐官府 + 走位 [139,80]
09-10 13:15:49 [sat] 队长当前位置: None（第1次传送后）
09-10 13:15:49 [sat] 面板读不到，按传送统一落点 [132,83] 兜底走位
09-10 13:15:49 [sat] [fail] tp 不可用
09-10 13:15:49 [sat] [warn] 第1轮走位未到锚点（pos=None）→ 重传送再来
09-10 13:15:54 [sat] 队长当前位置: None（第2次传送后）
09-10 13:15:54 [sat] 面板读不到，按传送统一落点 [132,83] 兜底走位
09-10 13:15:54 [sat] [fail] tp 不可用
09-10 13:15:54 [sat] [warn] 第2轮走位未到锚点（pos=None）→ 重传送再来
09-10 13:15:54 [sat] [fail] 队长两轮走位均未到达 [139,80]——本轮禁止队员归队（防打乱坐标）
09-10 13:15:56 [任务闸] 队长任务暂不启动：未到齐：p22300 p22300（掉线/未登录）、p15604 p15604（掉线/未登录）、p2044 p2044（掉线/未登录）、p11584 p11584（掉线/未登录）（队伍 ?/5）——请先完成组队或确认队友在线
09-10 13:16:02 p12312 tp 状态消失（第1次，疑似服务器抹除）
09-10 13:16:15 p12312 任务脚本已死 → 自动补拉
09-10 13:16:15 [任务闸] 队长任务暂不启动：未到齐：p22300 p22300（掉线/未登录）、p15604 p15604（掉线/未登录）、p2044 p2044（掉线/未登录）、p11584 p11584（掉线/未登录）（队伍 ?/5）——请先完成组队或确认队友在线
09-10 13:16:19 p12312 tp 连续消失 3 次 → 杀游戏重启闭环
09-10 13:16:20 p12312 旧游戏进程卡死，已强制结束
09-10 13:16:21 p12312 已重启为新进程 PID=22140，等待登录界面…
09-10 13:16:22 p22140 检测到登录界面，开始播种…
09-10 13:16:28 p22140 播种成功 ✓
09-10 13:16:28 p22140 重放 leader#1 登录点击 4 步…
09-10 13:16:28 p12312 → 新 PID=22140 播种/登录流程接管完成
09-10 13:16:30 [看门狗] 队长 PID 变更 12312 → 22140，跟随新通道
09-10 13:16:35 p22140 登录点击重放完毕，等待进入场景…
09-10 13:16:37 p22140 检测到已登录 ✓
09-10 13:16:37 [sat] 队长准备: 传送 大唐官府 + 走位 [139,80]
09-10 13:16:47 [sat] 队长当前位置: (2640.0, 1660.0)（第1次传送后）
09-10 13:16:47 [sat] 走位点击 (540,240)（偏差 140,-60）——途中不点组队图标
09-10 13:16:52 [sat] 队长已就位: (2778.2853752612, 1600.7348391738)（目标 (2780.0, 1600.0)，±3 格容差）
09-10 13:16:54 [任务闸] 队长任务暂不启动：未到齐：p22300 p22300（掉线/未登录）、p15604 p15604（掉线/未登录）、p2044 p2044（掉线/未登录）、p11584 p11584（掉线/未登录）（队伍 0/5）——请先完成组队或确认队友在线
09-10 13:17:02 [看门狗] 检测到缺员 0/5 → 打断抓鬼，启动补组队
09-10 13:17:02 [sat] 队长准备: 传送 大唐官府 + 走位 [139,80]
09-10 13:17:03 [sat] 队长已在锚点附近 (2778.2853752612, 1600.7348391738)，跳过传送直接就位
09-10 13:17:03 [看门狗] 队伍已散（0 人）→ 重新建队
09-10 13:17:04 [sat] 建队第1次 脚底屏幕位 (417,292) → 身体点上移 50
09-10 13:17:08 [sat] 建队第1次 顶栏stats（应为 1）: ((1, 0, '二号美人'),)
09-10 13:17:08 [sat] 联动信号已发布: 队长 p22140 就位 (2778, 1601)（队员凭此行动）
09-10 13:17:10 p11584 收到队长联动 → 传送+申请归队
09-10 13:17:11 [sat] 当前成员数: 1（目标 5）
09-10 13:17:14 p15604 收到队长联动 → 传送+申请归队
09-10 13:17:18 [sat] p11584: tp/窗口不可用
09-10 13:17:18 p22140 任务脚本已死 → 自动补拉
09-10 13:17:18 p22300 收到队长联动 → 传送+申请归队
09-10 13:17:18 p2044 收到队长联动 → 传送+申请归队
09-10 13:17:19 [任务闸] 队长任务暂不启动：未到齐：p22300 p22300（掉线/未登录）、p15604 p15604（掉线/未登录）、p2044 p2044（掉线/未登录）、p11584 p11584（掉线/未登录）（队伍 1/5）——请先完成组队或确认队友在线
09-10 13:17:22 [sat] p15604: tp/窗口不可用
09-10 13:17:25 [sat] p11584: tp/窗口不可用
09-10 13:17:27 [sat] p2044: tp/窗口不可用
09-10 13:17:27 [sat] p22300: tp/窗口不可用
09-10 13:17:29 [sat] p15604: tp/窗口不可用
09-10 13:17:32 [sat] p11584: tp/窗口不可用
09-10 13:17:35 [sat] p2044: tp/窗口不可用
09-10 13:17:35 [sat] p22300: tp/窗口不可用
09-10 13:17:36 [sat] p15604: tp/窗口不可用
09-10 13:17:38 [sat] p11584: 申请轮次结束（是否入队由队长批准裁决）
09-10 13:17:40 p11584 tp 状态消失（第1次，疑似服务器抹除）
09-10 13:17:41 p11584 已拉起任务脚本（队员·一号美人 gw=file://pzxy_p11584）
09-10 13:17:42 [sat] p2044: tp/窗口不可用
09-10 13:17:42 [sat] p15604: 申请轮次结束（是否入队由队长批准裁决）
09-10 13:17:42 [sat] p22300: tp/窗口不可用
09-10 13:17:44 p15604 tp 状态消失（第1次，疑似服务器抹除）
09-10 13:17:45 p15604 已拉起任务脚本（队员·这是帅哥 gw=file://pzxy_p15604）
09-10 13:17:48 [sat] p2044: 申请轮次结束（是否入队由队长批准裁决）
09-10 13:17:48 [sat] p22300: 申请轮次结束（是否入队由队长批准裁决）
09-10 13:17:49 p2044 tp 状态消失（第1次，疑似服务器抹除）
09-10 13:17:50 p2044 已拉起任务脚本（队员·这是猛男 gw=file://pzxy_p2044）
09-10 13:17:51 p22300 已拉起任务脚本（队员·三号美人 gw=file://pzxy_p22300）
09-10 13:17:53 p22300 tp 状态消失（第1次，疑似服务器抹除）
09-10 13:17:55 p11584 tp 连续消失 3 次 → 杀游戏重启闭环
09-10 13:17:56 p11584 旧游戏进程卡死，已强制结束
09-10 13:17:57 p11584 已重启为新进程 PID=3828，等待登录界面…
09-10 13:17:58 p3828 检测到登录界面，开始播种…
09-10 13:18:00 p2044 tp 连续消失 3 次 → 杀游戏重启闭环
09-10 13:18:01 p2044 旧游戏进程卡死，已强制结束
09-10 13:18:02 p2044 已重启为新进程 PID=21712，等待登录界面…
09-10 13:18:03 p21712 检测到登录界面，开始播种…
09-10 13:18:05 p3828 播种成功 ✓
09-10 13:18:05 p3828 重放 member#4 登录点击 4 步…
09-10 13:18:05 p11584 → 新 PID=3828 播种/登录流程接管完成
09-10 13:18:08 p15604 tp 连续消失 3 次 → 杀游戏重启闭环
09-10 13:18:09 p21712 播种成功 ✓
09-10 13:18:09 p2044 → 新 PID=21712 播种/登录流程接管完成
09-10 13:18:09 p21712 重放 member#3 登录点击 4 步…
09-10 13:18:09 p15604 旧游戏进程卡死，已强制结束
09-10 13:18:10 p15604 已重启为新进程 PID=3184，等待登录界面…
09-10 13:18:12 p3184 检测到登录界面，开始播种…
09-10 13:18:13 p22300 tp 连续消失 3 次 → 杀游戏重启闭环
09-10 13:18:13 p3828 登录点击重放完毕，等待进入场景…
09-10 13:18:14 p22300 旧游戏进程卡死，已强制结束
09-10 13:18:15 p3828 检测到已登录 ✓
09-10 13:18:15 p3828 重登待命：等队长联动信号（队长p22140 未就位/未建队则不动）
09-10 13:18:15 p3828 收到队长联动 → 传送+申请归队
09-10 13:18:15 p22300 已重启为新进程 PID=20532，等待登录界面…
09-10 13:18:16 [sat] p3828: 异图(江南野外≠队长大唐官府) 就地传送
09-10 13:18:16 p20532 检测到登录界面，开始播种…
09-10 13:18:17 p21712 登录点击重放完毕，等待进入场景…
09-10 13:18:19 p21712 检测到已登录 ✓
09-10 13:18:19 p21712 重登待命：等队长联动信号（队长p22140 未就位/未建队则不动）
09-10 13:18:19 p21712 收到队长联动 → 传送+申请归队
09-10 13:18:19 p3184 播种成功 ✓
09-10 13:18:19 p3184 重放 member#2 登录点击 4 步…
09-10 13:18:19 p15604 → 新 PID=3184 播种/登录流程接管完成
09-10 13:18:20 [sat] p21712: 异图(江南野外≠队长大唐官府) 就地传送
09-10 13:18:22 p20532 播种成功 ✓
09-10 13:18:22 p20532 重放 member#1 登录点击 4 步…
09-10 13:18:22 p22300 → 新 PID=20532 播种/登录流程接管完成
09-10 13:18:23 p22140 任务脚本已死 → 自动补拉
09-10 13:18:24 [任务闸] 队长任务暂不启动：未到齐：p20532 p20532（掉线/未登录）、p3184 p3184（掉线/未登录）、p21712 p21712（掉线/未登录）、p3828 p3828（掉线/未登录）（队伍 1/5）——请先完成组队或确认队友在线
09-10 13:18:27 p3184 登录点击重放完毕，等待进入场景…
09-10 13:18:27 [sat] p3828: 已点队长身体 (538,240)（第1次申请）
09-10 13:18:29 p3184 检测到已登录 ✓
09-10 13:18:29 p3184 重登待命：等队长联动信号（队长p22140 未就位/未建队则不动）
09-10 13:18:29 p3184 收到队长联动 → 传送+申请归队
09-10 13:18:30 [sat] p3184: 异图(江南野外≠队长大唐官府) 就地传送
09-10 13:18:30 [sat] p21712: 已点队长身体 (538,240)（第1次申请）
09-10 13:18:31 p20532 登录点击重放完毕，等待进入场景…
09-10 13:18:33 [sat] 当前成员数: 2（目标 5）
09-10 13:18:33 p20532 检测到已登录 ✓
09-10 13:18:33 p20532 重登待命：等队长联动信号（队长p22140 未就位/未建队则不动）
09-10 13:18:33 p20532 收到队长联动 → 传送+申请归队
09-10 13:18:34 [sat] p20532: 异图(江南野外≠队长大唐官府) 就地传送
09-10 13:18:35 [sat] p3828: 已在队伍中（顶栏 2 人 队长=二号美人）→ 跳过申请，不碰 UI
09-10 13:18:37 p3828 已拉起任务脚本（队员·一号美人 gw=file://pzxy_p3828）
09-10 13:18:38 [sat] 当前成员数: 3（目标 5）
09-10 13:18:39 [sat] p21712: 已在队伍中（顶栏 3 人 队长=二号美人）→ 跳过申请，不碰 UI
09-10 13:18:41 [sat] p3184: 已点队长身体 (538,240)（第1次申请）
09-10 13:18:42 p21712 已拉起任务脚本（队员·这是猛男 gw=file://pzxy_p21712）
09-10 13:18:45 [sat] p20532: 已点队长身体 (538,240)（第1次申请）
09-10 13:18:52 [sat] 当前成员数: 4（目标 5）
09-10 13:18:52 [sat] p3184: 已点队长身体 (538,240)（第2次申请）
09-10 13:18:54 [sat] p20532: 已点队长身体 (538,240)（第2次申请）
09-10 13:18:57 [看门狗] 心跳: 5/5
09-10 13:18:57 [看门狗] 队伍满员 5/5，恢复抓鬼
09-10 13:18:57 [sat] 当前成员数: 5（目标 5）
09-10 13:18:57 [看门狗] 补组批准结束: 5/5
09-10 13:18:57 p21712 任务脚本已在跑，跳过
09-10 13:18:58 p3828 任务脚本已在跑，跳过
09-10 13:18:59 [任务闸] 队长任务暂不启动：未到齐：p20532 p20532（掉线/未登录）、p3184 p3184（掉线/未登录）（队伍 5/5）——请先完成组队或确认队友在线
09-10 13:18:59 [sat] p3184: 已在队伍中（顶栏 5 人 队长=二号美人）→ 跳过申请，不碰 UI
09-10 13:19:02 p3184 已拉起任务脚本（队员·这是帅哥 gw=file://pzxy_p3184）
09-10 13:19:03 [sat] p20532: 已在队伍中（顶栏 5 人 队长=二号美人）→ 跳过申请，不碰 UI
09-10 13:19:04 [sat] 阵法验证: 天覆阵/4
09-10 13:19:05 p20532 已拉起任务脚本（队员·三号美人 gw=file://pzxy_p20532）
09-10 13:19:06 p3184 任务脚本已在跑，跳过
09-10 13:19:06 p20532 任务脚本已在跑，跳过
09-10 13:19:07 p21712 任务脚本已在跑，跳过
09-10 13:19:08 p3828 任务脚本已在跑，跳过
09-10 13:19:09 p22140 已拉起任务脚本（队长·二号美人 gw=file://pzxy_p22140）
09-10 13:19:09 [看门狗] 满员，抓鬼已恢复 ✓
09-10 13:21:19 [看门狗] 心跳: 5/5
09-10 13:25:58 [看门狗] 心跳: 5/5
09-10 13:26:01 p20532 tp 状态消失（第1次，疑似服务器抹除）
09-10 13:26:02 p22140 tp 状态消失（第1次，疑似服务器抹除）
09-10 13:26:04 p3828 tp 状态消失（第1次，疑似服务器抹除）
09-10 13:26:06 p21712 tp 状态消失（第1次，疑似服务器抹除）
09-10 13:26:08 p3184 tp 状态消失（第1次，疑似服务器抹除）
09-10 13:26:20 p20532 tp 连续消失 3 次 → 杀游戏重启闭环
09-10 13:26:21 p20532 旧游戏进程卡死，已强制结束
09-10 13:26:22 p20532 已重启为新进程 PID=16060，等待登录界面…
09-10 13:26:22 p22140 tp 连续消失 3 次 → 杀游戏重启闭环
09-10 13:26:23 p16060 检测到登录界面，开始播种…
09-10 13:26:23 p22140 旧游戏进程卡死，已强制结束
09-10 13:26:24 p22140 已重启为新进程 PID=23196，等待登录界面…
09-10 13:26:25 p23196 检测到登录界面，开始播种…
09-10 13:26:26 p3184 tp 连续消失 3 次 → 杀游戏重启闭环
09-10 13:26:27 p3184 旧游戏进程卡死，已强制结束
09-10 13:26:28 p3184 已重启为新进程 PID=15516，等待登录界面…
09-10 13:26:28 p3828 tp 连续消失 3 次 → 杀游戏重启闭环
09-10 13:26:29 p3828 旧游戏进程卡死，已强制结束
09-10 13:26:29 [看门狗] 队长 PID 变更 22140 → 23196，跟随新通道
09-10 13:26:30 p16060 播种成功 ✓
09-10 13:26:30 p16060 重放 member#1 登录点击 4 步…
09-10 13:26:30 p20532 → 新 PID=16060 播种/登录流程接管完成
09-10 13:26:30 p15516 检测到登录界面，开始播种…
09-10 13:26:30 p3828 已重启为新进程 PID=15820，等待登录界面…
09-10 13:26:32 p23196 播种成功 ✓
09-10 13:26:32 p23196 重放 leader#1 登录点击 4 步…
09-10 13:26:32 p22140 → 新 PID=23196 播种/登录流程接管完成
09-10 13:26:32 p15820 检测到登录界面，开始播种…
09-10 13:26:36 p21712 tp 连续消失 3 次 → 杀游戏重启闭环
09-10 13:26:37 p15516 播种成功 ✓
09-10 13:26:37 p15516 重放 member#2 登录点击 4 步…
09-10 13:26:37 p3184 → 新 PID=15516 播种/登录流程接管完成
09-10 13:26:37 p21712 旧游戏进程卡死，已强制结束
09-10 13:26:38 p21712 已重启为新进程 PID=14000，等待登录界面…
09-10 13:26:38 p16060 登录点击重放完毕，等待进入场景…
09-10 13:26:39 p15820 播种成功 ✓
09-10 13:26:39 p15820 重放 member#4 登录点击 4 步…
09-10 13:26:39 p3828 → 新 PID=15820 播种/登录流程接管完成
09-10 13:26:39 p23196 登录点击重放完毕，等待进入场景…
09-10 13:26:40 p16060 检测到已登录 ✓
09-10 13:26:40 p14000 检测到登录界面，开始播种…
09-10 13:26:40 p16060 重登待命：等队长联动信号（队长未就位/未建队则不动）
09-10 13:26:40 p23196 检测到已登录 ✓
09-10 13:26:40 p16060 收到队长联动 → 传送+申请归队
09-10 13:26:40 [sat] 队长准备: 传送 大唐官府 + 走位 [139,80]
09-10 13:26:45 p15516 登录点击重放完毕，等待进入场景…
09-10 13:26:46 p15516 检测到已登录 ✓
09-10 13:26:46 p15516 重登待命：等队长联动信号（队长未就位/未建队则不动）
09-10 13:26:46 p15516 收到队长联动 → 传送+申请归队
09-10 13:26:47 p15820 登录点击重放完毕，等待进入场景…
09-10 13:26:47 p14000 播种成功 ✓
09-10 13:26:47 p14000 重放 member#3 登录点击 4 步…
09-10 13:26:47 p21712 → 新 PID=14000 播种/登录流程接管完成
09-10 13:26:47 [sat] p16060: tp/窗口不可用
09-10 13:26:48 p15820 检测到已登录 ✓
09-10 13:26:48 p15820 重登待命：等队长联动信号（队长未就位/未建队则不动）
09-10 13:26:48 p15820 收到队长联动 → 传送+申请归队
09-10 13:26:52 [sat] 队长当前位置: None（第1次传送后）
09-10 13:26:52 [sat] 面板读不到，按传送统一落点 [132,83] 兜底走位
09-10 13:26:52 [sat] [fail] tp 不可用
09-10 13:26:52 [sat] [warn] 第1轮走位未到锚点（pos=None）→ 重传送再来
09-10 13:26:52 [sat] p15516: tp/窗口不可用
09-10 13:26:53 [sat] p16060: tp/窗口不可用
09-10 13:26:54 [sat] p15820: tp/窗口不可用
09-10 13:26:54 p14000 登录点击重放完毕，等待进入场景…
09-10 13:26:56 p14000 检测到已登录 ✓
09-10 13:26:56 p14000 重登待命：等队长联动信号（队长未就位/未建队则不动）
09-10 13:26:56 p14000 收到队长联动 → 传送+申请归队
09-10 13:26:57 [sat] 队长当前位置: None（第2次传送后）
09-10 13:26:57 [sat] 面板读不到，按传送统一落点 [132,83] 兜底走位
09-10 13:26:57 [sat] [fail] tp 不可用
09-10 13:26:57 [sat] [warn] 第2轮走位未到锚点（pos=None）→ 重传送再来
09-10 13:26:57 [sat] [fail] 队长两轮走位均未到达 [139,80]——本轮禁止队员归队（防打乱坐标）
09-10 13:26:59 [sat] p15516: tp/窗口不可用
09-10 13:26:59 [任务闸] 队长任务暂不启动：未到齐：p16060 p16060（掉线/未登录）、p15516 p15516（掉线/未登录）、p14000 p14000（掉线/未登录）、p15820 p15820（掉线/未登录）（队伍 ?/5）——请先完成组队或确认队友在线
09-10 13:27:00 [sat] p16060: tp/窗口不可用
09-10 13:27:01 [看门狗] 队伍数据连续读不到（204 轮），检查通道/面板
09-10 13:27:01 [sat] p15820: tp/窗口不可用
09-10 13:27:03 [sat] p14000: tp/窗口不可用
09-10 13:27:04 p23196 tp 状态消失（第1次，疑似服务器抹除）
09-10 13:27:05 [sat] p15516: tp/窗口不可用
09-10 13:27:06 [sat] p16060: 申请轮次结束（是否入队由队长批准裁决）
09-10 13:27:07 [sat] p15820: tp/窗口不可用
09-10 13:27:09 p16060 已拉起任务脚本（队员·三号美人 gw=file://pzxy_p16060）
09-10 13:27:09 [sat] p14000: tp/窗口不可用
09-10 13:27:11 [sat] p15516: 申请轮次结束（是否入队由队长批准裁决）
09-10 13:27:13 p15516 tp 状态消失（第1次，疑似服务器抹除）
09-10 13:27:13 [sat] p15820: 申请轮次结束（是否入队由队长批准裁决）
09-10 13:27:14 p15516 已拉起任务脚本（队员·这是帅哥 gw=file://pzxy_p15516）
09-10 13:27:15 p15820 tp 状态消失（第1次，疑似服务器抹除）
09-10 13:27:16 [sat] p14000: tp/窗口不可用
09-10 13:27:16 p15820 已拉起任务脚本（队员·一号美人 gw=file://pzxy_p15820）
09-10 13:27:20 p15820 tp 连续消失 3 次 → 杀游戏重启闭环
09-10 13:27:21 p15820 旧游戏进程卡死，已强制结束
09-10 13:27:22 [sat] p14000: 申请轮次结束（是否入队由队长批准裁决）
09-10 13:27:22 p15820 已重启为新进程 PID=2408，等待登录界面…
09-10 13:27:22 p14000 tp 状态消失（第1次，疑似服务器抹除）
09-10 13:27:23 p2408 检测到登录界面，开始播种…
09-10 13:27:24 p14000 已拉起任务脚本（队员·这是猛男 gw=file://pzxy_p14000）
09-10 13:27:26 p14000 tp 连续消失 3 次 → 杀游戏重启闭环
09-10 13:27:27 p14000 旧游戏进程卡死，已强制结束
09-10 13:27:28 p14000 已重启为新进程 PID=12656，等待登录界面…
09-10 13:27:28 p23196 tp 连续消失 3 次 → 杀游戏重启闭环
09-10 13:27:29 p2408 播种成功 ✓
09-10 13:27:29 p2408 重放 member#4 登录点击 4 步…
09-10 13:27:29 p15820 → 新 PID=2408 播种/登录流程接管完成
09-10 13:27:29 p23196 旧游戏进程卡死，已强制结束
09-10 13:27:30 p12656 检测到登录界面，开始播种…
09-10 13:27:30 p23196 已重启为新进程 PID=22048，等待登录界面…
09-10 13:27:32 p22048 检测到登录界面，开始播种…
09-10 13:27:33 [看门狗] 队长 PID 变更 23196 → 22048，跟随新通道
09-10 13:27:37 p12656 播种成功 ✓
09-10 13:27:37 p12656 重放 member#3 登录点击 4 步…
09-10 13:27:37 p14000 → 新 PID=12656 播种/登录流程接管完成
09-10 13:27:37 p15516 tp 连续消失 3 次 → 杀游戏重启闭环
09-10 13:27:37 p2408 登录点击重放完毕，等待进入场景…
09-10 13:27:38 p15516 旧游戏进程卡死，已强制结束
09-10 13:27:39 p22048 播种成功 ✓
09-10 13:27:39 p23196 → 新 PID=22048 播种/登录流程接管完成
09-10 13:27:39 p22048 重放 leader#1 登录点击 4 步…
09-10 13:27:39 p2408 检测到已登录 ✓
09-10 13:27:39 p2408 重登待命：等队长联动信号（队长未就位/未建队则不动）
09-10 13:27:39 p2408 收到队长联动 → 传送+申请归队
09-10 13:27:39 p15516 已重启为新进程 PID=23536，等待登录界面…
09-10 13:27:41 p23536 检测到登录界面，开始播种…
09-10 13:27:41 [内存] 已修剪 5 个游戏进程：1.8GB → 37.3MB（释放 1.8GB）
09-10 13:27:44 p12656 登录点击重放完毕，等待进入场景…
09-10 13:27:45 [sat] p2408: tp/窗口不可用
09-10 13:27:45 p16060 tp 状态消失（第1次，疑似服务器抹除）
09-10 13:27:45 p22048 登录点击重放完毕，等待进入场景…
09-10 13:27:47 p12656 检测到已登录 ✓
09-10 13:27:47 p12656 重登待命：等队长联动信号（队长未就位/未建队则不动）
09-10 13:27:47 p22048 检测到已登录 ✓
09-10 13:27:47 p12656 收到队长联动 → 传送+申请归队
09-10 13:27:47 [sat] 队长准备: 传送 大唐官府 + 走位 [139,80]
09-10 13:27:47 p23536 播种成功 ✓
09-10 13:27:47 p23536 重放 member#2 登录点击 4 步…
09-10 13:27:47 p15516 → 新 PID=23536 播种/登录流程接管完成
09-10 13:27:51 [sat] p2408: tp/窗口不可用
09-10 13:27:53 [sat] p12656: tp/窗口不可用
09-10 13:27:56 p23536 登录点击重放完毕，等待进入场景…
09-10 13:27:57 p23536 检测到已登录 ✓
09-10 13:27:57 p23536 重登待命：等队长联动信号（队长未就位/未建队则不动）
09-10 13:27:57 p23536 收到队长联动 → 传送+申请归队
09-10 13:27:58 [sat] p2408: tp/窗口不可用
09-10 13:27:58 [sat] 队长当前位置: None（第1次传送后）
09-10 13:27:58 [sat] 面板读不到，按传送统一落点 [132,83] 兜底走位
09-10 13:27:58 [sat] [fail] tp 不可用
09-10 13:27:58 [sat] [warn] 第1轮走位未到锚点（pos=None）→ 重传送再来
09-10 13:27:59 [sat] p12656: tp/窗口不可用
09-10 13:28:02 p16060 tp 连续消失 3 次 → 杀游戏重启闭环
09-10 13:28:03 [sat] 队长当前位置: None（第2次传送后）
09-10 13:28:03 [sat] 面板读不到，按传送统一落点 [132,83] 兜底走位
09-10 13:28:03 p16060 旧游戏进程卡死，已强制结束
09-10 13:28:03 [sat] [fail] tp 不可用
09-10 13:28:03 [sat] [warn] 第2轮走位未到锚点（pos=None）→ 重传送再来
09-10 13:28:03 [sat] [fail] 队长两轮走位均未到达 [139,80]——本轮禁止队员归队（防打乱坐标）
09-10 13:28:03 [sat] p23536: tp/窗口不可用
09-10 13:28:04 p16060 已重启为新进程 PID=5344，等待登录界面…
09-10 13:28:04 [sat] p2408: 申请轮次结束（是否入队由队长批准裁决）
09-10 13:28:04 [看门狗] 队伍数据连续读不到（208 轮），检查通道/面板
09-10 13:28:05 p5344 检测到登录界面，开始播种…
09-10 13:28:05 [任务闸] 队长任务暂不启动：未到齐：p5344 p5344（掉线/未登录）、p23536 p23536（掉线/未登录）、p12656 p12656（掉线/未登录）（队伍 ?/5）——请先完成组队或确认队友在线
09-10 13:28:06 [sat] p12656: tp/窗口不可用
09-10 13:28:07 p2408 已拉起任务脚本（队员·一号美人 gw=file://pzxy_p2408）
09-10 13:28:08 p2408 tp 状态消失（第1次，疑似服务器抹除）
09-10 13:28:10 [sat] p23536: tp/窗口不可用
09-10 13:28:12 p5344 播种成功 ✓
09-10 13:28:12 p16060 → 新 PID=5344 播种/登录流程接管完成
09-10 13:28:12 p5344 重放 member#1 登录点击 4 步…
09-10 13:28:12 [sat] p12656: 申请轮次结束（是否入队由队长批准裁决）
09-10 13:28:14 p22048 tp 状态消失（第1次，疑似服务器抹除）
09-10 13:28:15 p12656 已拉起任务脚本（队员·这是猛男 gw=file://pzxy_p12656）
09-10 13:28:16 [sat] p23536: tp/窗口不可用
09-10 13:28:19 p12656 tp 状态消失（第1次，疑似服务器抹除）
09-10 13:28:20 p5344 登录点击重放完毕，等待进入场景…
09-10 13:28:21 p2408 tp 连续消失 3 次 → 杀游戏重启闭环
09-10 13:28:22 p2408 旧游戏进程卡死，已强制结束
09-10 13:28:22 [sat] p23536: 申请轮次结束（是否入队由队长批准裁决）
09-10 13:28:23 p5344 检测到已登录 ✓
09-10 13:28:23 p5344 重登待命：等队长联动信号（队长p22048 未就位/未建队则不动）
09-10 13:28:23 p5344 收到队长联动 → 传送+申请归队
09-10 13:28:23 p2408 已重启为新进程 PID=19528，等待登录界面…
09-10 13:28:24 p19528 检测到登录界面，开始播种…
09-10 13:28:25 p23536 已拉起任务脚本（队员·这是帅哥 gw=file://pzxy_p23536）
09-10 13:28:27 p23536 tp 状态消失（第1次，疑似服务器抹除）
09-10 13:28:31 p19528 播种成功 ✓
09-10 13:28:31 p19528 重放 member#4 登录点击 4 步…
09-10 13:28:31 p2408 → 新 PID=19528 播种/登录流程接管完成
09-10 13:28:31 p22048 tp 连续消失 3 次 → 杀游戏重启闭环
09-10 13:28:32 p22048 旧游戏进程卡死，已强制结束
09-10 13:28:33 p22048 已重启为新进程 PID=21928，等待登录界面…
09-10 13:28:35 [sat] p5344: 已点队长身体 (538,240)（第1次申请）
09-10 13:28:35 p21928 检测到登录界面，开始播种…
09-10 13:28:35 p12656 tp 连续消失 3 次 → 杀游戏重启闭环
09-10 13:28:36 p12656 任务脚本已死 → 自动补拉
09-10 13:28:36 p12656 旧游戏进程卡死，已强制结束
09-10 13:28:37 p12656 已拉起任务脚本（队员·这是猛男 gw=file://pzxy_p12656）
09-10 13:28:37 [看门狗] 队长 PID 变更 22048 → 21928，跟随新通道
09-10 13:28:37 p12656 已重启为新进程 PID=9476，等待登录界面…
09-10 13:28:38 p9476 检测到登录界面，开始播种…
09-10 13:28:39 p19528 登录点击重放完毕，等待进入场景…
09-10 13:28:39 p19528 检测到已登录 ✓
09-10 13:28:39 p19528 重登待命：等队长联动信号（队长未就位/未建队则不动）
09-10 13:28:39 p19528 收到队长联动 → 传送+申请归队
09-10 13:28:42 p21928 播种成功 ✓
09-10 13:28:42 p21928 重放 leader#1 登录点击 4 步…
09-10 13:28:42 p22048 → 新 PID=21928 播种/登录流程接管完成
09-10 13:28:45 p9476 播种成功 ✓
09-10 13:28:45 p9476 重放 member#3 登录点击 4 步…
09-10 13:28:45 p12656 → 新 PID=9476 播种/登录流程接管完成
09-10 13:28:46 [sat] p5344: 已点队长身体 (417,335)（第2次申请）
09-10 13:28:48 p21928 登录点击重放完毕，等待进入场景…
09-10 13:28:50 p21928 检测到已登录 ✓
09-10 13:28:50 [sat] 队长准备: 传送 大唐官府 + 走位 [139,80]
09-10 13:28:51 [sat] p19528: 已点队长身体 (538,240)（第1次申请）
09-10 13:28:52 p23536 tp 连续消失 3 次 → 杀游戏重启闭环
09-10 13:28:53 p9476 登录点击重放完毕，等待进入场景…
09-10 13:28:53 p23536 旧游戏进程卡死，已强制结束
09-10 13:28:54 p9476 检测到已登录 ✓
09-10 13:28:54 p9476 重登待命：等队长联动信号（队长未就位/未建队则不动）
09-10 13:28:54 p9476 收到队长联动 → 传送+申请归队
09-10 13:28:54 p23536 已重启为新进程 PID=5588，等待登录界面…
09-10 13:28:56 p5588 检测到登录界面，开始播种…
09-10 13:28:58 [sat] p5344: 已点队长身体 (417,335)（第3次申请）
09-10 13:28:59 [sat] 队长当前位置: (2640.0, 1660.0)（第1次传送后）
09-10 13:28:59 [sat] 走位点击 (540,240)（偏差 140,-60）——途中不点组队图标
09-10 13:29:01 [sat] p19528: 已点队长身体 (415,336)（第2次申请）
09-10 13:29:02 p5588 播种成功 ✓
09-10 13:29:02 p5588 重放 member#2 登录点击 4 步…
09-10 13:29:02 p23536 → 新 PID=5588 播种/登录流程接管完成
09-10 13:29:04 [sat] 队长已就位: (2778.285374097, 1600.7348396727)（目标 (2780.0, 1600.0)，±3 格容差）
09-10 13:29:06 [任务闸] 队长任务暂不启动：未到齐：p5344 p5344（掉线/未登录）、p5588 p5588（掉线/未登录）、p9476 p9476（掉线/未登录）、p19528 p19528（掉线/未登录）（队伍 0/5）——请先完成组队或确认队友在线
09-10 13:29:06 [sat] p9476: 已点队长身体 (538,240)（第1次申请）
09-10 13:29:07 [sat] p5344: 申请轮次结束（是否入队由队长批准裁决）
09-10 13:29:08 已清理残留任务脚本（绑定死 PID 12656，系统 PID 12312）
09-10 13:29:09 [看门狗] 检测到缺员 0/5 → 打断抓鬼，启动补组队
09-10 13:29:10 [sat] 队长准备: 传送 大唐官府 + 走位 [139,80]
09-10 13:29:10 [sat] 队长已在锚点附近 (2778.285374097, 1600.7348396727)，跳过传送直接就位
09-10 13:29:10 p5344 已拉起任务脚本（队员·三号美人 gw=file://pzxy_p5344）
09-10 13:29:10 [看门狗] 队伍已散（0 人）→ 重新建队
09-10 13:29:11 p5588 登录点击重放完毕，等待进入场景…
09-10 13:29:12 [sat] 建队第1次 脚底屏幕位 (417,292) → 身体点上移 50
09-10 13:29:12 [sat] p19528: 已点队长身体 (415,336)（第3次申请）
09-10 13:29:12 p5588 检测到已登录 ✓
09-10 13:29:12 p5588 重登待命：等队长联动信号（队长p21928 未就位/未建队则不动）
09-10 13:29:12 p5588 收到队长联动 → 传送+申请归队
09-10 13:29:13 [sat] p5588: 异图(江南野外≠队长大唐官府) 就地传送
09-10 13:29:15 [sat] 建队第1次 顶栏stats（应为 1）: ((1, 0, '二号美人'),)
09-10 13:29:15 [sat] 联动信号已发布: 队长 p21928 就位 (2778, 1601)（队员凭此行动）
09-10 13:29:15 [看门狗] 1 名在线队员并行申请归队
09-10 13:29:16 [sat] p5344: 已与队长同图(大唐官府)，直接申请
09-10 13:29:18 [sat] p9476: 已点队长身体 (538,240)（第2次申请）
09-10 13:29:18 [sat] p19528: 申请轮次结束（是否入队由队长批准裁决）
09-10 13:29:21 [sat] p5344: 已点队长身体 (417,335)（第1次申请）
09-10 13:29:21 p19528 已拉起任务脚本（队员·一号美人 gw=file://pzxy_p19528）
09-10 13:29:24 [sat] p5588: 已点队长身体 (538,240)（第1次申请）
09-10 13:29:30 [sat] p9476: 已点队长身体 (538,240)（第3次申请）
09-10 13:29:32 [sat] p5344: 已点队长身体 (417,335)（第2次申请）
09-10 13:29:36 [sat] p5588: 已点队长身体 (538,240)（第2次申请）
09-10 13:29:37 [sat] p9476: 申请轮次结束（是否入队由队长批准裁决）
09-10 13:29:40 p9476 已拉起任务脚本（队员·这是猛男 gw=file://pzxy_p9476）
09-10 13:29:44 p21928 任务脚本已死 → 自动补拉
09-10 13:29:44 [任务闸] 队长任务暂不启动：未到齐：p5588 p5588（掉线/未登录）、p5344 p5344（在线但未入队）、p9476 p9476（在线但未入队）、p19528 p19528（在线但未入队）（队伍 1/5）——请先完成组队或确认队友在线
09-10 13:29:45 [sat] p5344: 已点队长身体 (417,335)（第3次申请）
09-10 13:29:48 [sat] p5588: 已点队长身体 (538,240)（第3次申请）
09-10 13:29:53 [sat] p5344: 申请轮次结束（是否入队由队长批准裁决）
09-10 13:29:55 [sat] p5588: 申请轮次结束（是否入队由队长批准裁决）
09-10 13:29:56 [sat] 当前成员数: 1（目标 5）
09-10 13:29:58 p5588 已拉起任务脚本（队员·这是帅哥 gw=file://pzxy_p5588）
09-10 13:30:00 [sat] 当前成员数: 2（目标 5）
09-10 13:30:05 [sat] 当前成员数: 3（目标 5）
09-10 13:30:09 [sat] 当前成员数: 4（目标 5）
09-10 13:30:16 [看门狗] 心跳: 4/5
09-10 13:30:51 p21928 任务脚本已死 → 自动补拉
09-10 13:30:51 [任务闸] 队长任务暂不启动：未到齐：p5344 p5344（在线但未入队）（队伍 4/5）——请先完成组队或确认队友在线
09-10 13:31:58 p21928 任务脚本已死 → 自动补拉
09-10 13:31:58 [任务闸] 队长任务暂不启动：未到齐：p5344 p5344（在线但未入队）（队伍 4/5）——请先完成组队或确认队友在线
09-10 13:32:31 [看门狗] 心跳: 4/5
09-10 13:33:06 p21928 任务脚本已死 → 自动补拉
09-10 13:33:06 [任务闸] 队长任务暂不启动：未到齐：p5344 p5344（在线但未入队）（队伍 4/5）——请先完成组队或确认队友在线
09-10 13:34:14 p21928 任务脚本已死 → 自动补拉
09-10 13:34:14 [任务闸] 队长任务暂不启动：未到齐：p5344 p5344（在线但未入队）（队伍 4/5）——请先完成组队或确认队友在线
09-10 13:34:46 [看门狗] 心跳: 4/5
09-10 13:35:21 p21928 任务脚本已死 → 自动补拉
09-10 13:35:21 [任务闸] 队长任务暂不启动：未到齐：p5344 p5344（在线但未入队）（队伍 4/5）——请先完成组队或确认队友在线
09-10 13:36:28 p21928 任务脚本已死 → 自动补拉
09-10 13:36:28 [任务闸] 队长任务暂不启动：未到齐：p5344 p5344（在线但未入队）（队伍 4/5）——请先完成组队或确认队友在线
09-10 13:37:01 [看门狗] 心跳: 4/5
09-10 13:37:04 [看门狗] 补组批准结束: 4/5
09-10 13:37:04 [看门狗] 仍未满员，掉线队员回来后继续下一轮
09-10 13:37:16 [sat] 队长准备: 传送 大唐官府 + 走位 [139,80]
09-10 13:37:17 [sat] 队长已在锚点附近 (2779.9547129874, 1552.3136056718)，跳过传送直接就位
09-10 13:37:17 [sat] 联动信号已发布: 队长 p21928 就位 (2780, 1552)（队员凭此行动）
09-10 13:37:17 [看门狗] 4 名在线队员并行申请归队
09-10 13:37:17 [sat] p5344: 已在队伍中（顶栏 4 人 队长=二号美人）→ 跳过申请，不碰 UI
09-10 13:37:17 [sat] p5588: 已在队伍中（顶栏 4 人 队长=二号美人）→ 跳过申请，不碰 UI
09-10 13:37:18 [sat] p9476: 已在队伍中（顶栏 4 人 队长=二号美人）→ 跳过申请，不碰 UI
09-10 13:37:18 [sat] p19528: 已与队长同图(大唐官府)，直接申请
09-10 13:37:22 [sat] p19528: 已点队长身体 (416,288)（第1次申请）
09-10 13:37:33 [sat] p19528: 已点队长身体 (416,288)（第2次申请）
09-10 13:37:36 p21928 任务脚本已死 → 自动补拉
09-10 13:37:36 [任务闸] 队长任务暂不启动：未到齐：p5344 p5344（在线但未入队）（队伍 4/5）——请先完成组队或确认队友在线
09-10 13:37:43 [sat] p19528: 已点队长身体 (416,288)（第3次申请）
09-10 13:37:50 [sat] p19528: 申请轮次结束（是否入队由队长批准裁决）
09-10 13:37:52 [sat] 当前成员数: 4（目标 5）
09-10 13:37:57 [sat] 当前成员数: 5（目标 5）
09-10 13:37:57 [看门狗] 补组批准结束: 5/5
09-10 13:38:04 [sat] 阵法验证: 天覆阵/4
09-10 13:38:05 p5344 任务脚本已在跑，跳过
09-10 13:38:06 p5588 任务脚本已在跑，跳过
09-10 13:38:06 p9476 任务脚本已在跑，跳过
09-10 13:38:07 p19528 任务脚本已在跑，跳过
09-10 13:38:08 p21928 已拉起任务脚本（队长·二号美人 gw=file://pzxy_p21928）
09-10 13:38:08 [看门狗] 满员，抓鬼已恢复 ✓
09-10 13:39:15 [看门狗] 心跳: 5/5
09-10 13:42:55 p9476 tp 状态消失（第1次，疑似服务器抹除）
09-10 13:42:57 p5588 tp 状态消失（第1次，疑似服务器抹除）
09-10 13:42:59 p5344 tp 状态消失（第1次，疑似服务器抹除）
09-10 13:43:00 p21928 tp 状态消失（第1次，疑似服务器抹除）
09-10 13:43:02 p19528 tp 状态消失（第1次，疑似服务器抹除）
09-10 13:43:13 p9476 tp 连续消失 3 次 → 杀游戏重启闭环
09-10 13:43:14 p9476 旧游戏进程卡死，已强制结束
09-10 13:43:15 p9476 已重启为新进程 PID=1096，等待登录界面…
09-10 13:43:15 p5588 tp 连续消失 3 次 → 杀游戏重启闭环
09-10 13:43:16 p5588 旧游戏进程卡死，已强制结束
09-10 13:43:17 p1096 检测到登录界面，开始播种…
09-10 13:43:17 p5588 已重启为新进程 PID=15488，等待登录界面…
09-10 13:43:17 p19528 tp 连续消失 3 次 → 杀游戏重启闭环
09-10 13:43:18 p19528 旧游戏进程卡死，已强制结束
09-10 13:43:19 p15488 检测到登录界面，开始播种…
09-10 13:43:19 p19528 已重启为新进程 PID=23212，等待登录界面…
09-10 13:43:21 p23212 检测到登录界面，开始播种…
09-10 13:43:21 p5344 tp 连续消失 3 次 → 杀游戏重启闭环
09-10 13:43:22 p5344 旧游戏进程卡死，已强制结束
09-10 13:43:23 p5344 已重启为新进程 PID=20284，等待登录界面…
09-10 13:43:23 p1096 播种成功 ✓
09-10 13:43:23 p9476 → 新 PID=1096 播种/登录流程接管完成
09-10 13:43:23 p1096 重放 member#3 登录点击 4 步…
09-10 13:43:25 p20284 检测到登录界面，开始播种…
09-10 13:43:26 p15488 播种成功 ✓
09-10 13:43:26 p5588 → 新 PID=15488 播种/登录流程接管完成
09-10 13:43:26 p15488 重放 member#2 登录点击 4 步…
09-10 13:43:28 p21928 tp 连续消失 3 次 → 杀游戏重启闭环
09-10 13:43:28 p23212 播种成功 ✓
09-10 13:43:28 p23212 重放 member#4 登录点击 4 步…
09-10 13:43:28 p19528 → 新 PID=23212 播种/登录流程接管完成
09-10 13:43:29 p21928 旧游戏进程卡死，已强制结束
09-10 13:43:30 p21928 已重启为新进程 PID=14112，等待登录界面…
09-10 13:43:31 p14112 检测到登录界面，开始播种…
09-10 13:43:31 p1096 登录点击重放完毕，等待进入场景…
09-10 13:43:32 p1096 检测到已登录 ✓
09-10 13:43:32 p1096 重登待命：等队长联动信号（队长未就位/未建队则不动）
09-10 13:43:32 p1096 收到队长联动 → 传送+申请归队
09-10 13:43:32 [sat] p1096: 已在队伍中（顶栏 5 人 队长=二号美人）→ 跳过申请，不碰 UI
09-10 13:43:32 p20284 播种成功 ✓
09-10 13:43:32 p20284 重放 member#1 登录点击 4 步…
09-10 13:43:32 p5344 → 新 PID=20284 播种/登录流程接管完成
09-10 13:43:34 p15488 登录点击重放完毕，等待进入场景…
09-10 13:43:35 p1096 已拉起任务脚本（队员·这是猛男 gw=file://pzxy_p1096）
09-10 13:43:36 p15488 检测到已登录 ✓
09-10 13:43:36 p15488 重登待命：等队长联动信号（队长未就位/未建队则不动）
09-10 13:43:36 p15488 收到队长联动 → 传送+申请归队
09-10 13:43:36 p23212 登录点击重放完毕，等待进入场景…
09-10 13:43:38 p23212 检测到已登录 ✓
09-10 13:43:38 p23212 重登待命：等队长联动信号（队长未就位/未建队则不动）
09-10 13:43:38 p23212 收到队长联动 → 传送+申请归队
09-10 13:43:38 p14112 播种成功 ✓
09-10 13:43:38 p14112 重放 leader#1 登录点击 4 步…
09-10 13:43:38 p21928 → 新 PID=14112 播种/登录流程接管完成
09-10 13:43:40 p1096 tp 状态消失（第1次，疑似服务器抹除）
09-10 13:43:41 p20284 登录点击重放完毕，等待进入场景…
09-10 13:43:42 [sat] p15488: tp/窗口不可用
09-10 13:43:42 p20284 检测到已登录 ✓
09-10 13:43:42 p20284 重登待命：等队长联动信号（队长未就位/未建队则不动）
09-10 13:43:42 p20284 收到队长联动 → 传送+申请归队
09-10 13:43:44 [sat] p23212: tp/窗口不可用
09-10 13:43:44 p14112 登录点击重放完毕，等待进入场景…
09-10 13:43:46 [看门狗] 队长 PID 变更 21928 → 14112，跟随新通道
09-10 13:43:46 p14112 检测到已登录 ✓
09-10 13:43:46 [sat] 队长准备: 传送 大唐官府 + 走位 [139,80]
09-10 13:43:48 [sat] p20284: tp/窗口不可用
09-10 13:43:48 [sat] p15488: tp/窗口不可用
09-10 13:43:50 [sat] p23212: tp/窗口不可用
09-10 13:43:54 [sat] p20284: tp/窗口不可用
09-10 13:43:55 [sat] p15488: tp/窗口不可用
09-10 13:43:56 p1096 tp 连续消失 3 次 → 杀游戏重启闭环
09-10 13:43:57 [sat] p23212: tp/窗口不可用
09-10 13:43:57 p1096 旧游戏进程卡死，已强制结束
09-10 13:43:58 [sat] 队长当前位置: None（第1次传送后）
09-10 13:43:58 [sat] 面板读不到，按传送统一落点 [132,83] 兜底走位
09-10 13:43:58 [sat] [fail] tp 不可用
09-10 13:43:58 [sat] [warn] 第1轮走位未到锚点（pos=None）→ 重传送再来
09-10 13:43:58 p1096 已重启为新进程 PID=22220，等待登录界面…
09-10 13:43:59 p22220 检测到登录界面，开始播种…
09-10 13:44:01 [sat] p15488: 申请轮次结束（是否入队由队长批准裁决）
09-10 13:44:01 [sat] p20284: tp/窗口不可用
09-10 13:44:03 [sat] p23212: 申请轮次结束（是否入队由队长批准裁决）
09-10 13:44:03 [sat] 队长当前位置: None（第2次传送后）
09-10 13:44:03 [sat] 面板读不到，按传送统一落点 [132,83] 兜底走位
09-10 13:44:03 [sat] [fail] tp 不可用
09-10 13:44:03 [sat] [warn] 第2轮走位未到锚点（pos=None）→ 重传送再来
09-10 13:44:03 [sat] [fail] 队长两轮走位均未到达 [139,80]——本轮禁止队员归队（防打乱坐标）
09-10 13:44:04 p15488 已拉起任务脚本（队员·这是帅哥 gw=file://pzxy_p15488）
09-10 13:44:05 p14112 tp 状态消失（第1次，疑似服务器抹除）
09-10 13:44:05 [任务闸] 队长任务暂不启动：未到齐：p20284 p20284（掉线/未登录）、p22220 p22220（掉线/未登录）（队伍 ?/5）——请先完成组队或确认队友在线
09-10 13:44:06 p23212 已拉起任务脚本（队员·一号美人 gw=file://pzxy_p23212）
09-10 13:44:06 p22220 播种成功 ✓
09-10 13:44:06 p1096 → 新 PID=22220 播种/登录流程接管完成
09-10 13:44:06 p22220 重放 member#3 登录点击 4 步…
09-10 13:44:07 [sat] p20284: 申请轮次结束（是否入队由队长批准裁决）
09-10 13:44:09 p20284 tp 状态消失（第1次，疑似服务器抹除）
09-10 13:44:10 p20284 已拉起任务脚本（队员·三号美人 gw=file://pzxy_p20284）
09-10 13:44:13 p20284 tp 连续消失 3 次 → 杀游戏重启闭环
09-10 13:44:14 p22220 登录点击重放完毕，等待进入场景…
09-10 13:44:14 p20284 旧游戏进程卡死，已强制结束
09-10 13:44:15 p20284 已重启为新进程 PID=16476，等待登录界面…
09-10 13:44:15 p15488 tp 状态消失（第1次，疑似服务器抹除）
09-10 13:44:15 p22220 检测到已登录 ✓
09-10 13:44:15 p22220 重登待命：等队长联动信号（队长p14112 未就位/未建队则不动）
09-10 13:44:15 p22220 收到队长联动 → 传送+申请归队
09-10 13:44:17 p16476 检测到登录界面，开始播种…
09-10 13:44:18 p23212 tp 状态消失（第1次，疑似服务器抹除）
09-10 13:44:18 p14112 任务脚本已死 → 自动补拉
09-10 13:44:18 [任务闸] 队长任务暂不启动：未到齐：p16476 p16476（掉线/未登录）、p22220 p22220（掉线/未登录）（队伍 ?/5）——请先完成组队或确认队友在线
09-10 13:44:22 [sat] p22220: tp/窗口不可用
09-10 13:44:24 p16476 播种成功 ✓
09-10 13:44:24 p16476 重放 member#1 登录点击 4 步…
09-10 13:44:24 p20284 → 新 PID=16476 播种/登录流程接管完成
09-10 13:44:29 [sat] p22220: tp/窗口不可用
09-10 13:44:29 p14112 tp 连续消失 3 次 → 杀游戏重启闭环
09-10 13:44:30 p14112 旧游戏进程卡死，已强制结束
09-10 13:44:31 p14112 已重启为新进程 PID=436，等待登录界面…
09-10 13:44:32 p436 检测到登录界面，开始播种…
09-10 13:44:32 p16476 登录点击重放完毕，等待进入场景…
09-10 13:44:33 p23212 tp 连续消失 3 次 → 杀游戏重启闭环
09-10 13:44:34 [看门狗] 队长 PID 变更 14112 → 436，跟随新通道
09-10 13:44:34 p23212 旧游戏进程卡死，已强制结束
09-10 13:44:35 p16476 检测到已登录 ✓
09-10 13:44:35 p16476 重登待命：等队长联动信号（队长未就位/未建队则不动）
09-10 13:44:35 p16476 收到队长联动 → 传送+申请归队
09-10 13:44:35 p23212 已重启为新进程 PID=21996，等待登录界面…
09-10 13:44:35 [sat] p22220: tp/窗口不可用
09-10 13:44:37 p21996 检测到登录界面，开始播种…
09-10 13:44:38 p436 播种成功 ✓
09-10 13:44:38 p436 重放 leader#1 登录点击 4 步…
09-10 13:44:38 p14112 → 新 PID=436 播种/登录流程接管完成
09-10 13:44:41 [sat] p16476: tp/窗口不可用
09-10 13:44:41 p15488 tp 连续消失 3 次 → 杀游戏重启闭环
09-10 13:44:41 [sat] p22220: 申请轮次结束（是否入队由队长批准裁决）
09-10 13:44:42 p15488 旧游戏进程卡死，已强制结束
09-10 13:44:43 p15488 已重启为新进程 PID=20012，等待登录界面…
09-10 13:44:43 p21996 播种成功 ✓
09-10 13:44:43 p21996 重放 member#4 登录点击 4 步…
09-10 13:44:43 p23212 → 新 PID=21996 播种/登录流程接管完成
09-10 13:44:44 p22220 已拉起任务脚本（队员·这是猛男 gw=file://pzxy_p22220）
09-10 13:44:45 p436 登录点击重放完毕，等待进入场景…
09-10 13:44:45 p20012 检测到登录界面，开始播种…
09-10 13:44:47 p436 检测到已登录 ✓
09-10 13:44:47 [sat] 队长准备: 传送 大唐官府 + 走位 [139,80]
09-10 13:44:47 [sat] p16476: tp/窗口不可用
09-10 13:44:50 p22220 tp 状态消失（第1次，疑似服务器抹除）
09-10 13:44:51 p20012 播种成功 ✓
09-10 13:44:51 p20012 重放 member#2 登录点击 4 步…
09-10 13:44:51 p15488 → 新 PID=20012 播种/登录流程接管完成
09-10 13:44:52 p21996 登录点击重放完毕，等待进入场景…
09-10 13:44:54 p21996 检测到已登录 ✓
09-10 13:44:54 p21996 重登待命：等队长联动信号（队长未就位/未建队则不动）
09-10 13:44:54 p21996 收到队长联动 → 传送+申请归队
09-10 13:44:54 [sat] p16476: tp/窗口不可用
09-10 13:44:58 [sat] 队长当前位置: None（第1次传送后）
09-10 13:44:58 [sat] 面板读不到，按传送统一落点 [132,83] 兜底走位
09-10 13:44:59 [sat] [fail] tp 不可用
09-10 13:44:59 [sat] [warn] 第1轮走位未到锚点（pos=None）→ 重传送再来
09-10 13:45:00 p20012 登录点击重放完毕，等待进入场景…
09-10 13:45:00 [sat] p16476: 申请轮次结束（是否入队由队长批准裁决）
09-10 13:45:00 [sat] p21996: tp/窗口不可用
09-10 13:45:02 p20012 检测到已登录 ✓
09-10 13:45:02 p20012 重登待命：等队长联动信号（队长未就位/未建队则不动）
09-10 13:45:02 p20012 收到队长联动 → 传送+申请归队
09-10 13:45:02 p22220 tp 连续消失 3 次 → 杀游戏重启闭环
09-10 13:45:03 p16476 已拉起任务脚本（队员·三号美人 gw=file://pzxy_p16476）
09-10 13:45:03 p22220 旧游戏进程卡死，已强制结束
09-10 13:45:04 [sat] 队长当前位置: None（第2次传送后）
09-10 13:45:04 [sat] 面板读不到，按传送统一落点 [132,83] 兜底走位
09-10 13:45:04 [sat] [fail] tp 不可用
09-10 13:45:04 [sat] [warn] 第2轮走位未到锚点（pos=None）→ 重传送再来
09-10 13:45:04 [sat] [fail] 队长两轮走位均未到达 [139,80]——本轮禁止队员归队（防打乱坐标）
09-10 13:45:04 p22220 已重启为新进程 PID=22288，等待登录界面…
09-10 13:45:06 [任务闸] 队长任务暂不启动：未到齐：p20012 p20012（掉线/未登录）、p22220 p22220（掉线/未登录）、p21996 p21996（掉线/未登录）（队伍 ?/5）——请先完成组队或确认队友在线
09-10 13:45:06 p22288 检测到登录界面，开始播种…
09-10 13:45:06 p436 tp 状态消失（第1次，疑似服务器抹除）
09-10 13:45:07 [sat] p21996: tp/窗口不可用
09-10 13:45:08 [sat] p20012: tp/窗口不可用
09-10 13:45:13 p22288 播种成功 ✓
09-10 13:45:13 p22220 → 新 PID=22288 播种/登录流程接管完成
09-10 13:45:13 [sat] p21996: tp/窗口不可用
09-10 13:45:14 [sat] p20012: tp/窗口不可用
09-10 13:45:15 p436 tp 连续消失 3 次 → 杀游戏重启闭环
09-10 13:45:16 p436 旧游戏进程卡死，已强制结束
09-10 13:45:17 p436 已重启为新进程 PID=4468，等待登录界面…
09-10 13:45:18 p4468 检测到登录界面，开始播种…
09-10 13:45:19 [sat] p21996: 申请轮次结束（是否入队由队长批准裁决）
09-10 13:45:20 p22288 登录点击重放完毕，等待进入场景…
09-10 13:45:21 [sat] p20012: tp/窗口不可用
09-10 13:45:21 p21996 tp 状态消失（第1次，疑似服务器抹除）
09-10 13:45:22 p21996 任务脚本已死 → 自动补拉
09-10 13:45:22 p21996 已拉起任务脚本（队员·一号美人 gw=file://pzxy_p21996）
09-10 13:45:23 p22288 检测到已登录 ✓
09-10 13:45:23 p22288 重登待命：等队长联动信号（队长未就位/未建队则不动）
09-10 13:45:23 p22288 收到队长联动 → 传送+申请归队
09-10 13:45:23 p21996 任务脚本已在跑，跳过
09-10 13:45:23 [看门狗] 队长 PID 变更 436 → 4468，跟随新通道
09-10 13:45:24 p4468 播种成功 ✓
09-10 13:45:24 p4468 重放 leader#1 登录点击 4 步…
09-10 13:45:24 p436 → 新 PID=4468 播种/登录流程接管完成
09-10 13:45:27 [sat] p20012: 申请轮次结束（是否入队由队长批准裁决）
09-10 13:45:29 [sat] p22288: tp/窗口不可用
09-10 13:45:29 p16476 tp 状态消失（第1次，疑似服务器抹除）
09-10 13:45:30 p20012 已拉起任务脚本（队员·这是帅哥 gw=file://pzxy_p20012）
09-10 13:45:31 p4468 登录点击重放完毕，等待进入场景…
09-10 13:45:32 p20012 tp 状态消失（第1次，疑似服务器抹除）
09-10 13:45:34 p21996 tp 连续消失 3 次 → 杀游戏重启闭环
09-10 13:45:34 p4468 检测到已登录 ✓
09-10 13:45:34 [sat] 队长准备: 传送 大唐官府 + 走位 [139,80]
09-10 13:45:35 p21996 旧游戏进程卡死，已强制结束
09-10 13:45:36 [sat] p22288: tp/窗口不可用
09-10 13:45:36 p21996 已重启为新进程 PID=20252，等待登录界面…
09-10 13:45:38 p20252 检测到登录界面，开始播种…
09-10 13:45:42 [sat] p22288: tp/窗口不可用
09-10 13:45:42 p20012 tp 连续消失 3 次 → 杀游戏重启闭环
09-10 13:45:43 p20012 旧游戏进程卡死，已强制结束
09-10 13:45:44 p20252 播种成功 ✓
09-10 13:45:44 p20252 重放 member#4 登录点击 4 步…
09-10 13:45:44 p21996 → 新 PID=20252 播种/登录流程接管完成
09-10 13:45:44 p20012 已重启为新进程 PID=21136，等待登录界面…
09-10 13:45:45 [sat] 队长当前位置: None（第1次传送后）
09-10 13:45:45 [sat] 面板读不到，按传送统一落点 [132,83] 兜底走位
09-10 13:45:45 p21136 检测到登录界面，开始播种…
09-10 13:45:45 [sat] [fail] tp 不可用
09-10 13:45:45 [sat] [warn] 第1轮走位未到锚点（pos=None）→ 重传送再来
09-10 13:45:48 [sat] p22288: 申请轮次结束（是否入队由队长批准裁决）
09-10 13:45:49 p22288 tp 状态消失（第1次，疑似服务器抹除）
09-10 13:45:50 [sat] 队长当前位置: None（第2次传送后）
09-10 13:45:50 [sat] 面板读不到，按传送统一落点 [132,83] 兜底走位
09-10 13:45:50 [sat] [fail] tp 不可用
09-10 13:45:50 [sat] [warn] 第2轮走位未到锚点（pos=None）→ 重传送再来
09-10 13:45:50 [sat] [fail] 队长两轮走位均未到达 [139,80]——本轮禁止队员归队（防打乱坐标）
09-10 13:45:51 p22288 已拉起任务脚本（队员·这是猛男 gw=file://pzxy_p22288）
09-10 13:45:52 p21136 播种成功 ✓
09-10 13:45:52 p21136 重放 member#2 登录点击 4 步…
09-10 13:45:52 p20012 → 新 PID=21136 播种/登录流程接管完成
09-10 13:45:52 [任务闸] 队长任务暂不启动：未到齐：p21136 p21136（掉线/未登录）、p20252 p20252（掉线/未登录）（队伍 ?/5）——请先完成组队或确认队友在线
09-10 13:45:52 p20252 登录点击重放完毕，等待进入场景…
09-10 13:45:55 [看门狗] 队伍数据连续读不到（272 轮），检查通道/面板
09-10 13:45:55 p20252 检测到已登录 ✓
09-10 13:45:55 p20252 重登待命：等队长联动信号（队长p4468 未就位/未建队则不动）
09-10 13:45:55 p20252 收到队长联动 → 传送+申请归队
09-10 13:45:57 p4468 tp 状态消失（第1次，疑似服务器抹除）
09-10 13:46:00 p21136 登录点击重放完毕，等待进入场景…
09-10 13:46:01 [sat] p20252: tp/窗口不可用
09-10 13:46:01 p16476 tp 连续消失 3 次 → 杀游戏重启闭环
09-10 13:46:01 p21136 检测到已登录 ✓
09-10 13:46:01 p21136 重登待命：等队长联动信号（队长p4468 未就位/未建队则不动）
09-10 13:46:01 p21136 收到队长联动 → 传送+申请归队
09-10 13:46:02 p16476 旧游戏进程卡死，已强制结束
09-10 13:46:03 p16476 已重启为新进程 PID=22912，等待登录界面…
09-10 13:46:05 p22912 检测到登录界面，开始播种…
09-10 13:46:08 p4468 tp 连续消失 3 次 → 杀游戏重启闭环
09-10 13:46:08 [sat] p20252: tp/窗口不可用
09-10 13:46:09 p4468 旧游戏进程卡死，已强制结束
09-10 13:46:10 p4468 已重启为新进程 PID=4648，等待登录界面…
09-10 13:46:11 p4648 检测到登录界面，开始播种…
09-10 13:46:14 [sat] p21136: 已点队长身体 (539,192)（第1次申请）
09-10 13:46:15 p22912 播种成功 ✓
09-10 13:46:15 p16476 → 新 PID=22912 播种/登录流程接管完成
09-10 13:46:15 p22912 重放 member#1 登录点击 4 步…
09-10 13:46:15 [sat] p20252: tp/窗口不可用
09-10 13:46:16 p22288 tp 连续消失 3 次 → 杀游戏重启闭环
09-10 13:46:17 p22288 旧游戏进程卡死，已强制结束
09-10 13:46:17 p4648 播种成功 ✓
09-10 13:46:17 p4648 重放 leader#1 登录点击 4 步…
09-10 13:46:17 p4468 → 新 PID=4648 播种/登录流程接管完成
09-10 13:46:18 p22288 已重启为新进程 PID=3752，等待登录界面…
09-10 13:46:20 p3752 检测到登录界面，开始播种…
09-10 13:46:21 [sat] p20252: 申请轮次结束（是否入队由队长批准裁决）
09-10 13:46:24 p22912 登录点击重放完毕，等待进入场景…
09-10 13:46:24 p20252 已拉起任务脚本（队员·一号美人 gw=file://pzxy_p20252）
09-10 13:46:24 p4648 登录点击重放完毕，等待进入场景…
09-10 13:46:25 [sat] p21136: 已点队长身体 (417,333)（第2次申请）
09-10 13:46:25 [看门狗] 队长 PID 变更 4468 → 4648，跟随新通道
09-10 13:46:26 p22912 检测到已登录 ✓
09-10 13:46:26 p22912 重登待命：等队长联动信号（队长未就位/未建队则不动）
09-10 13:46:26 p4648 检测到已登录 ✓
09-10 13:46:26 p22912 收到队长联动 → 传送+申请归队
09-10 13:46:26 [sat] 队长准备: 传送 大唐官府 + 走位 [139,80]
09-10 13:46:26 p3752 播种成功 ✓
09-10 13:46:26 p3752 重放 member#3 登录点击 4 步…
09-10 13:46:26 p22288 → 新 PID=3752 播种/登录流程接管完成
09-10 13:46:28 p20252 tp 状态消失（第1次，疑似服务器抹除）
09-10 13:46:34 p3752 登录点击重放完毕，等待进入场景…
09-10 13:46:36 p3752 检测到已登录 ✓
09-10 13:46:36 p3752 重登待命：等队长联动信号（队长未就位/未建队则不动）
09-10 13:46:36 p3752 收到队长联动 → 传送+申请归队
09-10 13:46:36 [sat] 队长当前位置: (2640.0, 1660.0)（第1次传送后）
09-10 13:46:36 [sat] p21136: 已点队长身体 (417,333)（第3次申请）
09-10 13:46:37 [sat] 走位点击 (540,240)（偏差 140,-60）——途中不点组队图标
09-10 13:46:38 [sat] p22912: 已点队长身体 (539,192)（第1次申请）
09-10 13:46:41 [sat] 队长已就位: (2777.9728658998, 1600.8687717573)（目标 (2780.0, 1600.0)，±3 格容差）
09-10 13:46:43 [任务闸] 队长任务暂不启动：未到齐：p22912 p22912（掉线/未登录）、p21136 p21136（掉线/未登录）、p3752 p3752（掉线/未登录）、p20252 p20252（在线但未入队）（队伍 0/5）——请先完成组队或确认队友在线
09-10 13:46:44 [sat] p21136: 申请轮次结束（是否入队由队长批准裁决）
09-10 13:46:47 p21136 已拉起任务脚本（队员·这是帅哥 gw=file://pzxy_p21136）
09-10 13:46:49 [sat] p3752: 已点队长身体 (539,192)（第1次申请）
09-10 13:46:49 [sat] p22912: 已点队长身体 (414,334)（第2次申请）
09-10 13:46:49 p20252 tp 连续消失 3 次 → 杀游戏重启闭环
09-10 13:46:50 p20252 旧游戏进程卡死，已强制结束
09-10 13:46:51 p20252 已重启为新进程 PID=8724，等待登录界面…
09-10 13:46:53 p8724 检测到登录界面，开始播种…
09-10 13:46:57 [看门狗] 检测到缺员 0/5 → 打断抓鬼，启动补组队
09-10 13:46:58 [sat] 队长准备: 传送 大唐官府 + 走位 [139,80]
09-10 13:46:58 [sat] 队长已在锚点附近 (2777.9728658998, 1600.8687717573)，跳过传送直接就位
09-10 13:46:58 [看门狗] 队伍已散（0 人）→ 重新建队
09-10 13:46:59 [sat] p3752: 已点队长身体 (414,335)（第2次申请）
09-10 13:46:59 p8724 播种成功 ✓
09-10 13:46:59 p8724 重放 member#4 登录点击 4 步…
09-10 13:46:59 p20252 → 新 PID=8724 播种/登录流程接管完成
09-10 13:47:00 [sat] 建队第1次 脚底屏幕位 (417,292) → 身体点上移 50
09-10 13:47:01 [sat] p22912: 已点队长身体 (414,334)（第3次申请）
09-10 13:47:03 [sat] 建队第1次 顶栏stats（应为 1）: ((1, 0, '二号美人'),)
09-10 13:47:03 [sat] 联动信号已发布: 队长 p4648 就位 (2778, 1601)（队员凭此行动）
09-10 13:47:03 [看门狗] 1 名在线队员并行申请归队
09-10 13:47:04 [sat] p21136: 已与队长同图(大唐官府)，直接申请
09-10 13:47:05 组队/补组流程进行中，等本轮结束再暂停
09-10 13:47:08 p8724 登录点击重放完毕，等待进入场景…
09-10 13:47:08 [sat] p21136: 已点队长身体 (415,382)（第1次申请）
09-10 13:47:09 [sat] p3752: 已点队长身体 (414,335)（第3次申请）
09-10 13:47:09 p8724 检测到已登录 ✓
09-10 13:47:09 p8724 重登待命：等队长联动信号（队长p4648 未就位/未建队则不动）
09-10 13:47:09 p8724 收到队长联动 → 传送+申请归队
09-10 13:47:09 [sat] p8724: 异图(江南野外≠队长大唐官府) 就地传送
09-10 13:47:10 [sat] p22912: 申请轮次结束（是否入队由队长批准裁决）
09-10 13:47:13 p22912 已拉起任务脚本（队员·三号美人 gw=file://pzxy_p22912）
09-10 13:47:15 [sat] p3752: 申请轮次结束（是否入队由队长批准裁决）
09-10 13:47:18 p3752 已拉起任务脚本（队员·这是猛男 gw=file://pzxy_p3752）
09-10 13:47:20 [sat] p21136: 已点队长身体 (415,382)（第2次申请）
09-10 13:47:21 [sat] p8724: 已点队长身体 (537,240)（第1次申请）
09-10 13:47:30 [sat] p21136: 已点队长身体 (415,382)（第3次申请）
09-10 13:47:31 [sat] p8724: 已点队长身体 (537,240)（第2次申请）
09-10 13:47:32 p4648 任务脚本已死 → 自动补拉
09-10 13:47:32 [任务闸] 队长任务暂不启动：未到齐：p8724 p8724（掉线/未登录）、p22912 p22912（在线但未入队）、p21136 p21136（在线但未入队）、p3752 p3752（在线但未入队）（队伍 1/5）——请先完成组队或确认队友在线
09-10 13:47:36 [sat] p21136: 申请轮次结束（是否入队由队长批准裁决）
09-10 13:47:38 [sat] 当前成员数: 1（目标 5）
09-10 13:47:42 [sat] p8724: 已点队长身体 (537,240)（第3次申请）
09-10 13:47:43 [sat] 当前成员数: 2（目标 5）
09-10 13:47:48 [sat] p8724: 申请轮次结束（是否入队由队长批准裁决）
09-10 13:47:48 [sat] 当前成员数: 3（目标 5）
09-10 13:47:51 p8724 已拉起任务脚本（队员·一号美人 gw=file://pzxy_p8724）
09-10 13:47:53 [sat] 当前成员数: 4（目标 5）
09-10 13:48:04 [看门狗] 心跳: 4/5
09-10 13:48:35 [autoTeam] Lua 队伍读数 4/5 未满员 → 走组队流程
09-10 13:48:35 [autoTeam] 阶段1: 队长先行 传送+走位[139,80]
09-10 13:48:35 [sat] 队长准备: 传送 大唐官府 + 走位 [139,80]
09-10 13:48:35 [sat] 队长已在锚点附近 (2776.0254320815, 1547.6944187095)，跳过传送直接就位
09-10 13:48:35 [autoTeam] 阶段2: 建队
09-10 13:48:37 [sat] 建队第1次 脚底屏幕位 (455,348) → 身体点上移 50
09-10 13:48:41 [sat] 建队第1次 顶栏stats（应为 1）: ((4, 0, '二号美人'),)
09-10 13:48:42 [sat] 联动信号已发布: 队长 p4648 就位 (2776, 1548)（队员凭此行动）
09-10 13:48:42 [autoTeam] 阶段3: 4 名队员并行传送+申请入队
09-10 13:48:42 [sat] p21136: 已在队伍中（顶栏 4 人 队长=二号美人）→ 跳过申请，不碰 UI
09-10 13:48:43 [sat] p3752: 已在队伍中（顶栏 4 人 队长=二号美人）→ 跳过申请，不碰 UI
09-10 13:48:43 [sat] p8724: 已在队伍中（顶栏 4 人 队长=二号美人）→ 跳过申请，不碰 UI
09-10 13:48:54 [sat] p22912: 已点队长身体 (536,187)（第1次申请）
09-10 13:49:07 [sat] p22912: 已点队长身体 (415,334)（第2次申请）
09-10 13:49:13 [sat] p22912: 申请轮次结束（是否入队由队长批准裁决）
09-10 13:49:13 [autoTeam] 阶段4: 队长批准申请
09-10 13:49:13 [sat] 当前成员数: 5（目标 5）
09-10 13:49:13 [看门狗] 补组批准结束: 5/5
09-10 13:49:16 [sat] 当前成员数: 5（目标 5）
09-10 13:49:16 [autoTeam] 批准结束: 成员=5/目标=5
09-10 13:49:21 [sat] 阵法验证: 普通/4
09-10 13:49:21 [看门狗] 满员，抓鬼已恢复 ✓
09-10 13:49:23 [sat] 阵法验证: 普通/4
09-10 13:49:23 [autoTeam] 阵法未确认（不阻断任务）
09-10 13:49:24 p22912 任务脚本已在跑，跳过
09-10 13:49:25 p21136 任务脚本已在跑，跳过
09-10 13:49:26 p3752 任务脚本已在跑，跳过
09-10 13:49:27 p8724 任务脚本已在跑，跳过
09-10 13:49:28 p4648 已拉起任务脚本（队长·二号美人 gw=file://pzxy_p4648）
09-10 13:49:28 [autoTeam] 组队+任务脚本启动完成
09-10 13:54:40 [看门狗] 心跳: 5/5
09-10 13:56:57 [看门狗] 心跳: 5/5
09-10 13:57:41 [内存] 已修剪 5 个游戏进程：2.8GB → 86.8MB（释放 2.7GB）
09-10 13:59:14 [看门狗] 心跳: 5/5
09-10 14:05:54 [看门狗] 心跳: 5/5
09-10 14:08:07 [看门狗] 心跳: 5/5
09-10 14:14:16 p4648 任务脚本已死 → 自动补拉
09-10 14:14:17 p4648 已拉起任务脚本（队长·二号美人 gw=file://pzxy_p4648）
09-10 14:17:07 [看门狗] 心跳: 5/5
09-10 14:19:21 [看门狗] 心跳: 5/5
09-10 14:21:38 [看门狗] 心跳: 5/5
09-10 14:23:53 [看门狗] 心跳: 5/5
09-10 14:26:09 [看门狗] 心跳: 5/5
09-10 14:27:42 [内存] 已修剪 5 个游戏进程：2.9GB → 131.9MB（释放 2.8GB）
09-10 14:28:23 [看门狗] 心跳: 5/5
09-10 14:30:37 [看门狗] 心跳: 5/5
09-10 14:35:04 [看门狗] 心跳: 5/5
09-10 14:37:18 [看门狗] 心跳: 5/5
09-10 14:41:13 p4648 任务脚本已死 → 自动补拉
09-10 14:41:14 p4648 已拉起任务脚本（队长·二号美人 gw=file://pzxy_p4648）
09-10 14:46:21 [看门狗] 心跳: 5/5
09-10 14:48:36 [看门狗] 心跳: 5/5
09-10 14:52:34 p4648 任务脚本已死 → 自动补拉
09-10 14:52:35 p4648 已拉起任务脚本（队长·二号美人 gw=file://pzxy_p4648）
09-10 14:57:34 [看门狗] 心跳: 5/5
09-10 14:57:42 [内存] 已修剪 5 个游戏进程：3.1GB → 140.1MB（释放 3.0GB）
09-10 14:59:48 [看门狗] 心跳: 5/5
09-10 15:04:16 [看门狗] 心跳: 5/5
09-10 15:06:30 [看门狗] 心跳: 5/5
09-10 15:11:10 [看门狗] 心跳: 5/5
09-10 15:13:26 [看门狗] 心跳: 5/5
09-10 15:15:44 [看门狗] 心跳: 5/5
09-10 15:17:02 p22912 tp 状态消失（第1次，疑似服务器抹除）
09-10 15:17:02 p4648 tp 状态消失（第1次，疑似服务器抹除）
09-10 15:17:04 p8724 tp 状态消失（第1次，疑似服务器抹除）
09-10 15:17:07 p3752 tp 状态消失（第1次，疑似服务器抹除）
09-10 15:17:09 p21136 tp 状态消失（第1次，疑似服务器抹除）
09-10 15:17:20 p22912 tp 连续消失 3 次 → 杀游戏重启闭环
09-10 15:17:20 p4648 tp 连续消失 3 次 → 杀游戏重启闭环
09-10 15:17:21 p22912 旧游戏进程卡死，已强制结束
09-10 15:17:21 p4648 旧游戏进程卡死，已强制结束
09-10 15:17:22 p22912 已重启为新进程 PID=22468，等待登录界面…
09-10 15:17:22 p4648 已重启为新进程 PID=12252，等待登录界面…
09-10 15:17:24 p22468 检测到登录界面，开始播种…
09-10 15:17:24 p12252 检测到登录界面，开始播种…
09-10 15:17:24 p21136 tp 连续消失 3 次 → 杀游戏重启闭环
09-10 15:17:26 p21136 旧游戏进程卡死，已强制结束
09-10 15:17:27 p21136 已重启为新进程 PID=5896，等待登录界面…
09-10 15:17:27 p8724 tp 连续消失 3 次 → 杀游戏重启闭环
09-10 15:17:28 p8724 旧游戏进程卡死，已强制结束
09-10 15:17:29 p5896 检测到登录界面，开始播种…
09-10 15:17:29 p8724 已重启为新进程 PID=23460，等待登录界面…
09-10 15:17:30 p23460 检测到登录界面，开始播种…
09-10 15:17:31 p22468 播种成功 ✓
09-10 15:17:31 p22468 重放 member#1 登录点击 4 步…
09-10 15:17:31 p22912 → 新 PID=22468 播种/登录流程接管完成
09-10 15:17:31 p12252 播种成功 ✓
09-10 15:17:31 p12252 重放 leader#1 登录点击 4 步…
09-10 15:17:31 p4648 → 新 PID=12252 播种/登录流程接管完成
09-10 15:17:35 p3752 tp 连续消失 3 次 → 杀游戏重启闭环
09-10 15:17:35 p5896 播种成功 ✓
09-10 15:17:35 p5896 重放 member#2 登录点击 4 步…
09-10 15:17:35 p21136 → 新 PID=5896 播种/登录流程接管完成
09-10 15:17:36 p3752 旧游戏进程卡死，已强制结束
09-10 15:17:36 p23460 播种成功 ✓
09-10 15:17:36 p23460 重放 member#4 登录点击 4 步…
09-10 15:17:36 p8724 → 新 PID=23460 播种/登录流程接管完成
09-10 15:17:37 p3752 已重启为新进程 PID=22132，等待登录界面…
09-10 15:17:37 p12252 登录点击重放完毕，等待进入场景…
09-10 15:17:38 p22132 检测到登录界面，开始播种…
09-10 15:17:39 p12252 检测到已登录 ✓
648 → 12252，跟随新通道
09-10 15:17:39 [sat] 队长准备: 传送 大唐官府 + 走位 [139,80]
09-10 15:17:39 p22468 登录点击重放完毕，等待进入场景…
09-10 15:17:41 p22468 检测到已登录 ✓
09-10 15:17:41 p22468 重登待命：等队长联动信号（队长未就位/未建队则不动）
09-10 15:17:43 p5896 登录点击重放完毕，等待进入场景…
09-10 15:17:44 p22132 播种成功 ✓
09-10 15:17:44 p22132 重放 member#3 登录点击 4 步…
09-10 15:17:44 p3752 → 新 PID=22132 播种/登录流程接管完成
09-10 15:17:44 p23460 登录点击重放完毕，等待进入场景…
09-10 15:17:45 p5896 检测到已登录 ✓
09-10 15:17:45 p5896 重登待命：等队长联动信号（队长未就位/未建队则不动）
09-10 15:17:47 p23460 检测到已登录 ✓
09-10 15:17:47 p23460 重登待命：等队长联动信号（队长未就位/未建队则不动）
09-10 15:17:50 [sat] 队长当前位置: None（第1次传送后）
09-10 15:17:50 [sat] 面板读不到，按传送统一落点 [132,83] 兜底走位
09-10 15:17:50 [sat] [fail] tp 不可用
09-10 15:17:50 [sat] [warn] 第1轮走位未到锚点（pos=None）→ 重传送再来
09-10 15:17:52 p22132 登录点击重放完毕，等待进入场景…
09-10 15:17:55 p22132 检测到已登录 ✓
09-10 15:17:55 p22132 重登待命：等队长联动信号（队长未就位/未建队则不动）
09-10 15:17:55 [sat] 队长当前位置: None（第2次传送后）
09-10 15:17:55 [sat] 面板读不到，按传送统一落点 [132,83] 兜底走位
09-10 15:17:55 [sat] [fail] tp 不可用
09-10 15:17:55 [sat] [warn] 第2轮走位未到锚点（pos=None）→ 重传送再来
09-10 15:17:55 [sat] [fail] 队长两轮走位均未到达 [139,80]——本轮禁止队员归队（防打乱坐标）
09-10 15:17:57 [任务闸] 队长任务暂不启动：未到齐：p22468 p22468（掉线/未登录）、p5896 p5896（掉线/未登录）、p22132 p22132（掉线/未登录）、p23460 p23460（掉线/未登录）（队伍 ?/5）——请先完成组队或确认队友在线
09-10 15:18:03 p12252 tp 状态消失（第1次，疑似服务器抹除）
09-10 15:18:19 p12252 tp 连续消失 3 次 → 杀游戏重启闭环
09-10 15:18:20 p12252 旧游戏进程卡死，已强制结束
09-10 15:18:21 p12252 已重启为新进程 PID=12672，等待登录界面…
09-10 15:18:23 p12672 检测到登录界面，开始播种…
09-10 15:18:25 [看门狗] 队长 PID 变更 12252 → 12672，跟随新通道
09-10 15:18:30 p12672 播种成功 ✓
09-10 15:18:30 p12672 重放 leader#1 登录点击 4 步…
09-10 15:18:30 p12252 → 新 PID=12672 播种/登录流程接管完成
09-10 15:18:36 p12672 登录点击重放完毕，等待进入场景…
09-10 15:18:37 p12672 检测到已登录 ✓
09-10 15:18:37 [sat] 队长准备: 传送 大唐官府 + 走位 [139,80]
09-10 15:18:49 [sat] 队长当前位置: None（第1次传送后）
09-10 15:18:49 [sat] 面板读不到，按传送统一落点 [132,83] 兜底走位
09-10 15:18:49 [sat] [fail] tp 不可用
09-10 15:18:49 [sat] [warn] 第1轮走位未到锚点（pos=None）→ 重传送再来
09-10 15:18:54 [sat] 队长当前位置: None（第2次传送后）
09-10 15:18:54 [sat] 面板读不到，按传送统一落点 [132,83] 兜底走位
09-10 15:18:54 [sat] [fail] tp 不可用
09-10 15:18:54 [sat] [warn] 第2轮走位未到锚点（pos=None）→ 重传送再来
09-10 15:18:54 [sat] [fail] 队长两轮走位均未到达 [139,80]——本轮禁止队员归队（防打乱坐标）
09-10 15:18:56 [任务闸] 队长任务暂不启动：未到齐：p22468 p22468（掉线/未登录）、p5896 p5896（掉线/未登录）、p22132 p22132（掉线/未登录）、p23460 p23460（掉线/未登录）（队伍 ?/5）——请先完成组队或确认队友在线
09-10 15:18:57 [看门狗] 队伍数据连续读不到（604 轮），检查通道/面板
09-10 15:19:02 p12672 tp 状态消失（第1次，疑似服务器抹除）
09-10 15:19:18 p12672 tp 连续消失 3 次 → 杀游戏重启闭环
09-10 15:19:19 p12672 旧游戏进程卡死，已强制结束
09-10 15:19:20 p12672 已重启为新进程 PID=16332，等待登录界面…
09-10 15:19:22 p16332 检测到登录界面，开始播种…
09-10 15:19:27 [看门狗] 队长 PID 变更 12672 → 16332，跟随新通道
09-10 15:19:29 p16332 播种成功 ✓
09-10 15:19:29 p16332 重放 leader#1 登录点击 4 步…
09-10 15:19:29 p12672 → 新 PID=16332 播种/登录流程接管完成
09-10 15:19:35 p16332 登录点击重放完毕，等待进入场景…
09-10 15:19:36 p16332 检测到已登录 ✓
09-10 15:19:36 [sat] 队长准备: 传送 大唐官府 + 走位 [139,80]
09-10 15:19:46 [sat] 队长当前位置: (2640.0, 1660.0)（第1次传送后）
09-10 15:19:46 [sat] 走位点击 (540,240)（偏差 140,-60）——途中不点组队图标
09-10 15:19:51 [sat] 队长已就位: (2777.8166115101, 1600.9357379243)（目标 (2780.0, 1600.0)，±3 格容差）
09-10 15:19:53 [任务闸] 队长任务暂不启动：未到齐：p22468 p22468（掉线/未登录）、p5896 p5896（掉线/未登录）、p22132 p22132（掉线/未登录）、p23460 p23460（掉线/未登录）（队伍 0/5）——请先完成组队或确认队友在线
09-10 15:19:59 [看门狗] 心跳: 0/5
09-10 15:19:59 [看门狗] 检测到缺员 0/5 → 打断抓鬼，启动补组队
09-10 15:19:59 [sat] 队长准备: 传送 大唐官府 + 走位 [139,80]
09-10 15:20:00 [sat] 队长已在锚点附近 (2777.8166115101, 1600.9357379243)，跳过传送直接就位
09-10 15:20:00 [看门狗] 队伍已散（0 人）→ 重新建队
09-10 15:20:02 [sat] 建队第1次 脚底屏幕位 (418,292) → 身体点上移 50
09-10 15:20:05 [sat] 建队第1次 顶栏stats（应为 1）: ((1, 0, '二号美人'),)
09-10 15:20:05 [sat] 联动信号已发布: 队长 p16332 就位 (2778, 1601)（队员凭此行动）
09-10 15:20:07 p23460 收到队长联动 → 传送+申请归队
09-10 15:20:08 [sat] 当前成员数: 1（目标 5）
09-10 15:20:13 [sat] p23460: tp/窗口不可用
09-10 15:20:15 p22132 收到队长联动 → 传送+申请归队
09-10 15:20:20 [sat] p23460: tp/窗口不可用
09-10 15:20:21 p22468 收到队长联动 → 传送+申请归队
09-10 15:20:22 [sat] p22132: tp/窗口不可用
09-10 15:20:25 p5896 收到队长联动 → 传送+申请归队
09-10 15:20:28 [sat] p23460: tp/窗口不可用
09-10 15:20:28 [sat] p22468: tp/窗口不可用
09-10 15:20:29 [sat] p22132: tp/窗口不可用
09-10 15:20:31 p16332 任务脚本已死 → 自动补拉
09-10 15:20:31 [任务闸] 队长任务暂不启动：未到齐：p22468 p22468（掉线/未登录）、p5896 p5896（掉线/未登录）、p22132 p22132（掉线/未登录）、p23460 p23460（掉线/未登录）（队伍 1/5）——请先完成组队或确认队友在线
09-10 15:20:33 [sat] p5896: tp/窗口不可用
09-10 15:20:34 [sat] p23460: 申请轮次结束（是否入队由队长批准裁决）
09-10 15:20:35 [sat] p22468: tp/窗口不可用
09-10 15:20:37 [sat] p22132: tp/窗口不可用
09-10 15:20:37 p23460 已拉起任务脚本（队员·一号美人 gw=file://pzxy_p23460）
09-10 15:20:40 [sat] p5896: tp/窗口不可用
09-10 15:20:43 [sat] p22132: 申请轮次结束（是否入队由队长批准裁决）
09-10 15:20:43 [sat] p22468: tp/窗口不可用
09-10 15:20:45 p22132 tp 状态消失（第1次，疑似服务器抹除）
09-10 15:20:46 p22132 已拉起任务脚本（队员·这是猛男 gw=file://pzxy_p22132）
09-10 15:20:47 p23460 tp 状态消失（第1次，疑似服务器抹除）
09-10 15:20:48 [sat] p5896: tp/窗口不可用
09-10 15:20:49 [sat] p22468: 申请轮次结束（是否入队由队长批准裁决）
09-10 15:20:52 p22468 已拉起任务脚本（队员·三号美人 gw=file://pzxy_p22468）
09-10 15:20:52 p23460 tp 连续消失 3 次 → 杀游戏重启闭环
09-10 15:20:53 p23460 旧游戏进程卡死，已强制结束
09-10 15:20:54 p23460 已重启为新进程 PID=6196，等待登录界面…
09-10 15:20:54 [sat] p5896: 申请轮次结束（是否入队由队长批准裁决）
09-10 15:20:55 p6196 检测到登录界面，开始播种…
09-10 15:20:57 p5896 已拉起任务脚本（队员·这是帅哥 gw=file://pzxy_p5896）
09-10 15:21:01 p6196 播种成功 ✓
09-10 15:21:01 p6196 重放 member#4 登录点击 4 步…
09-10 15:21:01 p23460 → 新 PID=6196 播种/登录流程接管完成
09-10 15:21:09 p6196 登录点击重放完毕，等待进入场景…
09-10 15:21:12 p6196 检测到已登录 ✓
09-10 15:21:12 p6196 重登待命：等队长联动信号（队长p16332 未就位/未建队则不动）
09-10 15:21:12 p6196 收到队长联动 → 传送+申请归队
09-10 15:21:12 [sat] p6196: 异图(江南野外≠队长大唐官府) 就地传送
09-10 15:21:23 [sat] p6196: 已点队长身体 (537,240)（第1次申请）
09-10 15:21:29 [sat] 当前成员数: 2（目标 5）
09-10 15:21:32 [sat] p6196: 已在队伍中（顶栏 2 人 队长=二号美人）→ 跳过申请，不碰 UI
09-10 15:21:35 p6196 已拉起任务脚本（队员·一号美人 gw=file://pzxy_p6196）
09-10 15:21:39 p5896 tp 状态消失（第1次，疑似服务器抹除）
09-10 15:21:39 p16332 任务脚本已死 → 自动补拉
09-10 15:21:39 [任务闸] 队长任务暂不启动：未到齐：p22468 p22468（在线但未入队）、p5896 p5896（在线但未入队）、p22132 p22132（在线但未入队）（队伍 2/5）——请先完成组队或确认队友在线
09-10 15:21:41 p22468 tp 状态消失（第1次，疑似服务器抹除）
09-10 15:21:45 p22132 tp 连续消失 3 次 → 杀游戏重启闭环
09-10 15:21:46 p22132 旧游戏进程卡死，已强制结束
09-10 15:21:47 p22132 已重启为新进程 PID=5140，等待登录界面…
09-10 15:21:49 p5140 检测到登录界面，开始播种…
09-10 15:21:50 p5896 tp 连续消失 3 次 → 杀游戏重启闭环
09-10 15:21:51 p5896 旧游戏进程卡死，已强制结束
09-10 15:21:52 p5896 已重启为新进程 PID=20140，等待登录界面…
09-10 15:21:53 p20140 检测到登录界面，开始播种…
09-10 15:21:56 p5140 播种成功 ✓
09-10 15:21:56 p5140 重放 member#3 登录点击 4 步…
09-10 15:21:56 p22132 → 新 PID=5140 播种/登录流程接管完成
09-10 15:21:59 p20140 播种成功 ✓
09-10 15:21:59 p20140 重放 member#2 登录点击 4 步…
09-10 15:21:59 p5896 → 新 PID=20140 播种/登录流程接管完成
09-10 15:22:04 p5140 登录点击重放完毕，等待进入场景…
09-10 15:22:05 p5140 检测到已登录 ✓
09-10 15:22:05 p5140 重登待命：等队长联动信号（队长p16332 未就位/未建队则不动）
09-10 15:22:05 p5140 收到队长联动 → 传送+申请归队
09-10 15:22:05 [sat] p5140: 异图(江南野外≠队长大唐官府) 就地传送
09-10 15:22:07 p22468 tp 连续消失 3 次 → 杀游戏重启闭环
09-10 15:22:07 p20140 登录点击重放完毕，等待进入场景…
09-10 15:22:08 p22468 旧游戏进程卡死，已强制结束
09-10 15:22:09 p20140 检测到已登录 ✓
09-10 15:22:09 p20140 重登待命：等队长联动信号（队长p16332 未就位/未建队则不动）
09-10 15:22:09 p20140 收到队长联动 → 传送+申请归队
09-10 15:22:09 p22468 已重启为新进程 PID=14372，等待登录界面…
09-10 15:22:10 [sat] p20140: 异图(江南野外≠队长大唐官府) 就地传送
09-10 15:22:10 p14372 检测到登录界面，开始播种…
09-10 15:22:12 [看门狗] 心跳: 2/5
09-10 15:22:16 p14372 播种成功 ✓
09-10 15:22:16 p14372 重放 member#1 登录点击 4 步…
09-10 15:22:16 p22468 → 新 PID=14372 播种/登录流程接管完成
09-10 15:22:17 [sat] p5140: 已点队长身体 (537,240)（第1次申请）
09-10 15:22:22 [sat] p20140: 已点队长身体 (537,240)（第1次申请）
09-10 15:22:25 p14372 登录点击重放完毕，等待进入场景…
09-10 15:22:26 [sat] p5140: 已在队伍中（顶栏 3 人 队长=二号美人）→ 跳过申请，不碰 UI
09-10 15:22:26 p14372 检测到已登录 ✓
09-10 15:22:26 p14372 重登待命：等队长联动信号（队长p16332 未就位/未建队则不动）
09-10 15:22:26 p14372 收到队长联动 → 传送+申请归队
09-10 15:22:27 [sat] p14372: 异图(江南野外≠队长大唐官府) 就地传送
09-10 15:22:27 [sat] 当前成员数: 3（目标 5）
09-10 15:22:28 p5140 已拉起任务脚本（队员·这是猛男 gw=file://pzxy_p5140）
09-10 15:22:32 [sat] 当前成员数: 4（目标 5）
09-10 15:22:33 [sat] p20140: 已点队长身体 (537,240)（第2次申请）
09-10 15:22:40 [sat] p14372: 已点队长身体 (537,240)（第1次申请）
09-10 15:22:42 [sat] p20140: 已在队伍中（顶栏 4 人 队长=二号美人）→ 跳过申请，不碰 UI
09-10 15:22:44 p20140 任务脚本已死 → 自动补拉
09-10 15:22:45 p20140 已拉起任务脚本（队员·这是帅哥 gw=file://pzxy_p20140）
09-10 15:22:45 p20140 任务脚本已在跑，跳过
09-10 15:22:47 [sat] 当前成员数: 5（目标 5）
09-10 15:22:47 [看门狗] 补组批准结束: 5/5
09-10 15:22:47 p16332 任务脚本已死 → 自动补拉
09-10 15:22:48 [任务闸] 队长任务暂不启动：未到齐：p14372 p14372（掉线/未登录）（队伍 5/5）——请先完成组队或确认队友在线
09-10 15:22:48 [sat] p14372: 已在队伍中（顶栏 5 人 队长=二号美人）→ 跳过申请，不碰 UI
09-10 15:22:48 [看门狗] 队伍满员 5/5，恢复抓鬼
09-10 15:22:49 p14372 已拉起任务脚本（队员·三号美人 gw=file://pzxy_p14372）
09-10 15:22:50 p20140 任务脚本已在跑，跳过
09-10 15:22:51 p14372 任务脚本已在跑，跳过
09-10 15:22:51 p5140 任务脚本已在跑，跳过
09-10 15:22:52 p6196 任务脚本已在跑，跳过
09-10 15:22:53 p16332 已拉起任务脚本（队长·二号美人 gw=file://pzxy_p16332）
09-10 15:22:55 [sat] 阵法验证: 天覆阵/4
09-10 15:22:56 p14372 任务脚本已在跑，跳过
09-10 15:22:57 p20140 任务脚本已在跑，跳过
09-10 15:22:58 p5140 任务脚本已在跑，跳过
09-10 15:22:58 p6196 任务脚本已在跑，跳过
09-10 15:23:01 p16332 任务脚本已在跑，跳过
09-10 15:23:01 [看门狗] 满员，抓鬼已恢复 ✓
09-10 15:24:35 [看门狗] 心跳: 5/5
09-10 15:27:43 [内存] 已修剪 5 个游戏进程：2.7GB → 112.7MB（释放 2.5GB）
09-10 15:29:10 [看门狗] 心跳: 5/5
09-10 15:33:41 [看门狗] 心跳: 5/5
09-10 15:35:56 [看门狗] 心跳: 5/5
09-10 15:38:10 [看门狗] 心跳: 5/5
09-10 15:44:50 [看门狗] 心跳: 5/5
09-10 15:47:05 [看门狗] 心跳: 5/5
09-10 15:49:20 [看门狗] 心跳: 5/5
09-10 15:53:54 [看门狗] 心跳: 5/5
09-10 15:56:11 [看门狗] 心跳: 5/5
09-10 15:57:43 [内存] 已修剪 5 个游戏进程：3.0GB → 276.0MB（释放 2.8GB）
09-10 15:58:27 [看门狗] 心跳: 5/5
09-10 16:00:41 [看门狗] 心跳: 5/5
09-10 16:02:57 [看门狗] 心跳: 5/5
09-10 16:05:12 [看门狗] 心跳: 5/5
09-10 16:07:32 [看门狗] 心跳: 5/5
09-10 16:08:07 p16332 任务脚本已死 → 自动补拉
09-10 16:08:08 p16332 已拉起任务脚本（队长·二号美人 gw=file://pzxy_p16332）
09-10 16:09:47 [看门狗] 心跳: 5/5
09-10 16:12:01 [看门狗] 心跳: 5/5
09-10 16:18:41 [看门狗] 心跳: 5/5
09-10 16:20:59 [看门狗] 心跳: 5/5
09-10 16:25:30 [看门狗] 心跳: 5/5
09-10 16:27:44 [内存] 已修剪 5 个游戏进程：2.9GB → 191.2MB（释放 2.7GB）
09-10 16:27:45 [看门狗] 心跳: 5/5
09-10 16:34:32 [看门狗] 心跳: 5/5
09-10 16:36:50 [看门狗] 心跳: 5/5
09-10 16:39:06 [看门狗] 心跳: 5/5
09-10 16:45:50 [看门狗] 心跳: 5/5
09-10 16:50:17 [看门狗] 心跳: 5/5
09-10 16:52:30 [看门狗] 心跳: 5/5
09-10 16:55:19 p16332 任务脚本已死 → 自动补拉
09-10 16:55:20 p16332 已拉起任务脚本（队长·二号美人 gw=file://pzxy_p16332）
09-10 16:57:44 [内存] 已修剪 5 个游戏进程：2.9GB → 159.3MB（释放 2.7GB）
09-10 17:01:25 [看门狗] 心跳: 5/5
09-10 17:03:39 [看门狗] 心跳: 5/5
09-10 17:05:53 [看门狗] 心跳: 5/5
09-10 17:10:25 [看门狗] 心跳: 5/5
09-10 17:14:52 [看门狗] 心跳: 5/5
09-10 17:19:18 [看门狗] 心跳: 5/5
09-10 17:25:28 p16332 任务脚本已死 → 自动补拉
09-10 17:25:29 p16332 已拉起任务脚本（队长·二号美人 gw=file://pzxy_p16332）
09-10 17:25:51 p16332 检测到系统弹窗(游戏出错啦!) → 已点确定/关闭
09-10 17:25:59 p16332 掉线判定: 窗口/标题异常 → 重启闭环
09-10 17:26:01 p16332 旧游戏进程卡死，已强制结束
09-10 17:26:02 p16332 已重启为新进程 PID=4880，等待登录界面…
09-10 17:26:04 p4880 检测到登录界面，开始播种…
09-10 17:26:12 p4880 播种成功 ✓
09-10 17:26:12 p4880 重放 leader#1 登录点击 4 步…
09-10 17:26:12 p16332 → 新 PID=4880 播种/登录流程接管完成
09-10 17:26:16 [看门狗] 队长 PID 变更 16332 → 4880，跟随新通道
09-10 17:26:19 p4880 登录点击重放完毕，等待进入场景…
09-10 17:26:19 p4880 检测到已登录 ✓
09-10 17:26:19 [sat] 队长准备: 传送 大唐官府 + 走位 [139,80]
09-10 17:26:29 [sat] 队长当前位置: (2640.0, 1660.0)（第1次传送后）
09-10 17:26:30 [sat] 走位点击 (540,240)（偏差 140,-60）——途中不点组队图标
09-10 17:26:34 [sat] 队长已就位: (2777.9728658998, 1600.8687717573)（目标 (2780.0, 1600.0)，±3 格容差）
09-10 17:26:35 [看门狗] 检测到缺员 0/5 → 打断抓鬼，启动补组队
09-10 17:26:36 [sat] 队长准备: 传送 大唐官府 + 走位 [139,80]
09-10 17:26:36 [sat] 队长已在锚点附近 (2777.9728658998, 1600.8687717573)，跳过传送直接就位
09-10 17:26:36 [看门狗] 队伍已散（0 人）→ 重新建队
09-10 17:26:37 [任务闸] 队长任务暂不启动：未到齐：p14372 p14372（在线但未入队）、p20140 p20140（在线但未入队）、p5140 p5140（在线但未入队）、p6196 p6196（在线但未入队）（队伍 0/5）——请先完成组队或确认队友在线
09-10 17:26:38 [sat] 建队第1次 脚底屏幕位 (417,292) → 身体点上移 50
09-10 17:26:41 [sat] 建队第1次 顶栏stats（应为 1）: ((1, 0, '二号美人'),)
09-10 17:26:41 [sat] 联动信号已发布: 队长 p4880 就位 (2778, 1601)（队员凭此行动）
09-10 17:26:41 [看门狗] 4 名在线队员并行申请归队
09-10 17:26:43 [sat] p14372: 异图(江南野外≠队长大唐官府) 就地传送
09-10 17:26:43 [sat] p20140: 异图(江南野外≠队长大唐官府) 就地传送
09-10 17:26:44 [sat] p6196: 异图(江南野外≠队长大唐官府) 就地传送
09-10 17:26:44 [sat] p5140: 异图(江南野外≠队长大唐官府) 就地传送
09-10 17:26:56 [sat] p14372: 已点队长身体 (537,240)（第1次申请）
09-10 17:26:57 [sat] p20140: 已点队长身体 (537,240)（第1次申请）
09-10 17:26:57 [sat] p5140: 已点队长身体 (537,240)（第1次申请）
09-10 17:26:57 [sat] p6196: 已点队长身体 (537,240)（第1次申请）
09-10 17:27:08 [sat] p14372: 已点队长身体 (537,240)（第2次申请）
09-10 17:27:09 [sat] p20140: 已点队长身体 (537,240)（第2次申请）
09-10 17:27:09 [sat] p6196: 已点队长身体 (537,240)（第2次申请）
09-10 17:27:10 [sat] p5140: 已点队长身体 (537,240)（第2次申请）
09-10 17:27:19 [sat] p14372: 已点队长身体 (537,240)（第3次申请）
09-10 17:27:20 [sat] p5140: 已点队长身体 (537,240)（第3次申请）
09-10 17:27:20 [sat] p6196: 已点队长身体 (537,240)（第3次申请）
09-10 17:27:21 [sat] p20140: 已点队长身体 (537,240)（第3次申请）
09-10 17:27:26 [sat] p5140: 申请轮次结束（是否入队由队长批准裁决）
09-10 17:27:27 [sat] p14372: 申请轮次结束（是否入队由队长批准裁决）
09-10 17:27:27 [sat] p6196: 申请轮次结束（是否入队由队长批准裁决）
09-10 17:27:29 [sat] p20140: 申请轮次结束（是否入队由队长批准裁决）
09-10 17:27:32 [sat] 当前成员数: 1（目标 5）
09-10 17:27:37 [sat] 当前成员数: 2（目标 5）
09-10 17:27:42 [sat] 当前成员数: 3（目标 5）
09-10 17:27:43 p4880 任务脚本已死 → 自动补拉
09-10 17:27:43 [任务闸] 队长任务暂不启动：未到齐：p14372 p14372（在线但未入队）、p20140 p20140（在线但未入队）（队伍 3/5）——请先完成组队或确认队友在线
09-10 17:27:45 [内存] 已修剪 5 个游戏进程：2.7GB → 156.2MB（释放 2.6GB）
09-10 17:27:47 [sat] 当前成员数: 4（目标 5）
09-10 17:27:52 [sat] 当前成员数: 5（目标 5）
09-10 17:27:52 [看门狗] 补组批准结束: 5/5
09-10 17:27:59 [看门狗] 队伍满员 5/5，恢复抓鬼
09-10 17:27:59 [sat] 阵法验证: 天覆阵/4
09-10 17:28:00 p14372 任务脚本已在跑，跳过
09-10 17:28:00 p14372 任务脚本已在跑，跳过
09-10 17:28:01 p20140 任务脚本已在跑，跳过
09-10 17:28:01 p20140 任务脚本已在跑，跳过
09-10 17:28:02 p5140 任务脚本已在跑，跳过
09-10 17:28:02 p5140 任务脚本已在跑，跳过
09-10 17:28:03 p6196 任务脚本已在跑，跳过
09-10 17:28:03 p6196 任务脚本已在跑，跳过
09-10 17:28:04 p4880 已拉起任务脚本（队长·二号美人 gw=file://pzxy_p4880）
09-10 17:28:04 p4880 任务脚本已在跑，跳过
09-10 17:28:04 [看门狗] 满员，抓鬼已恢复 ✓
09-10 17:28:21 [看门狗] 心跳: 5/5
09-10 17:28:36 [看门狗] 检测到缺员 4/5 → 打断抓鬼，启动补组队
09-10 17:28:36 p5140 检测到系统弹窗(游戏出错啦!) → 已点确定/关闭
09-10 17:28:37 已打断 p4880 任务脚本（系统 PID 22652）
09-10 17:28:37 [sat] 队长准备: 传送 大唐官府 + 走位 [139,80]
09-10 17:28:37 p5140 掉线判定: 窗口/标题异常 → 重启闭环
09-10 17:28:37 p6196 掉线判定: 窗口/标题异常 → 重启闭环
09-10 17:28:38 p6196 旧游戏进程卡死，已强制结束
09-10 17:28:38 p5140 旧游戏进程卡死，已强制结束
09-10 17:28:39 p6196 已重启为新进程 PID=9724，等待登录界面…
09-10 17:28:39 p5140 已重启为新进程 PID=2324，等待登录界面…
09-10 17:28:40 p9724 检测到登录界面，开始播种…
09-10 17:28:40 p2324 检测到登录界面，开始播种…
09-10 17:28:46 [sat] 队长当前位置: (2640.0, 1660.0)（第1次传送后）
09-10 17:28:47 [sat] 走位点击 (540,240)（偏差 140,-60）——途中不点组队图标
09-10 17:28:47 p9724 播种成功 ✓
09-10 17:28:47 p9724 重放 member#4 登录点击 4 步…
09-10 17:28:47 p6196 → 新 PID=9724 播种/登录流程接管完成
09-10 17:28:47 p2324 播种成功 ✓
09-10 17:28:47 p2324 重放 member#3 登录点击 4 步…
09-10 17:28:47 p5140 → 新 PID=2324 播种/登录流程接管完成
09-10 17:28:50 p14372 掉线判定: 窗口/标题异常 → 重启闭环
09-10 17:28:50 p20140 掉线判定: 窗口/标题异常 → 重启闭环
09-10 17:28:51 p14372 旧游戏进程卡死，已强制结束
09-10 17:28:51 p20140 旧游戏进程卡死，已强制结束
09-10 17:28:51 [sat] 队长已就位: (2777.9728650266, 1600.8687721315)（目标 (2780.0, 1600.0)，±3 格容差）
09-10 17:28:52 p14372 已重启为新进程 PID=7596，等待登录界面…
09-10 17:28:52 [看门狗] 队伍已散（1 人）→ 重新建队
09-10 17:28:52 p20140 已重启为新进程 PID=10516，等待登录界面…
09-10 17:28:53 [sat] 建队第1次 脚底屏幕位 (417,292) → 身体点上移 50
09-10 17:28:53 p4880 任务脚本已死 → 自动补拉
09-10 17:28:53 [任务闸] 队长任务暂不启动：未到齐：p14372 p14372（掉线/未登录）、p20140 p20140（掉线/未登录）、p2324 p2324（掉线/未登录）、p9724 p9724（掉线/未登录）（队伍 1/5）——请先完成组队或确认队友在线
09-10 17:28:54 p7596 检测到登录界面，开始播种…
09-10 17:28:54 p10516 检测到登录界面，开始播种…
09-10 17:28:55 p2324 登录点击重放完毕，等待进入场景…
09-10 17:28:55 p9724 登录点击重放完毕，等待进入场景…
09-10 17:28:56 p2324 检测到已登录 ✓
09-10 17:28:57 [sat] 建队第1次 顶栏stats（应为 1）: (None,)
09-10 17:28:57 p2324 重登待命：等队长联动信号（队长p4880 未就位/未建队则不动）
09-10 17:28:57 p9724 检测到已登录 ✓
09-10 17:28:57 [sat] 建队第1次未生效，下一轮右键清旗后重试
09-10 17:28:57 p9724 重登待命：等队长联动信号（队长p4880 未就位/未建队则不动）
09-10 17:28:57 p2324 收到队长联动 → 传送+申请归队
09-10 17:28:57 p9724 收到队长联动 → 传送+申请归队
09-10 17:28:58 [sat] p2324: 异图(长安城≠队长大唐官府) 就地传送
09-10 17:28:58 [sat] p9724: 异图(长安城≠队长大唐官府) 就地传送
09-10 17:29:00 [sat] 建队第2次 脚底屏幕位 (417,292) → 身体点上移 50
09-10 17:29:00 p10516 播种成功 ✓
09-10 17:29:00 p20140 → 新 PID=10516 播种/登录流程接管完成
09-10 17:29:00 p10516 重放 member#2 登录点击 4 步…
09-10 17:29:00 p7596 播种成功 ✓
09-10 17:29:00 p7596 重放 member#1 登录点击 4 步…
09-10 17:29:00 p14372 → 新 PID=7596 播种/登录流程接管完成
09-10 17:29:03 [sat] 建队第2次 顶栏stats（应为 1）: ((1, 0, '二号美人'),)
09-10 17:29:05 [sat] 联动信号已发布: 队长 p4880 就位 (2778, 1601)（队员凭此行动）
09-10 17:29:07 [sat] 当前成员数: 1（目标 5）
09-10 17:29:08 p10516 登录点击重放完毕，等待进入场景…
09-10 17:29:09 p7596 登录点击重放完毕，等待进入场景…
09-10 17:29:09 [sat] p2324: 已点队长身体 (537,240)（第1次申请）
09-10 17:29:10 [sat] p9724: 已点队长身体 (537,240)（第1次申请）
09-10 17:29:12 p7596 检测到已登录 ✓
09-10 17:29:12 p10516 检测到已登录 ✓
09-10 17:29:12 p7596 重登待命：等队长联动信号（队长p4880 未就位/未建队则不动）
09-10 17:29:12 p10516 重登待命：等队长联动信号（队长p4880 未就位/未建队则不动）
09-10 17:29:12 p10516 收到队长联动 → 传送+申请归队
09-10 17:29:12 p7596 收到队长联动 → 传送+申请归队
09-10 17:29:19 [sat] p2324: 已点队长身体 (537,240)（第2次申请）
09-10 17:29:20 [sat] p9724: 已点队长身体 (537,240)（第2次申请）
09-10 17:29:22 [sat] 当前成员数: 2（目标 5）
09-10 17:29:24 [sat] p7596: 已点队长身体 (537,240)（第1次申请）
09-10 17:29:25 [sat] p10516: 已点队长身体 (537,240)（第1次申请）
09-10 17:29:27 [sat] 当前成员数: 3（目标 5）
09-10 17:29:27 [sat] p9724: 已在队伍中（顶栏 3 人 队长=二号美人）→ 跳过申请，不碰 UI
09-10 17:29:28 [sat] p2324: 已在队伍中（顶栏 3 人 队长=二号美人）→ 跳过申请，不碰 UI
09-10 17:29:30 p9724 已拉起任务脚本（队员·一号美人 gw=file://pzxy_p9724）
09-10 17:29:30 p2324 已拉起任务脚本（队员·这是猛男 gw=file://pzxy_p2324）
09-10 17:29:32 [sat] 当前成员数: 4（目标 5）
09-10 17:29:33 [sat] p7596: 已在队伍中（顶栏 4 人 队长=二号美人）→ 跳过申请，不碰 UI
09-10 17:29:35 p7596 已拉起任务脚本（队员·三号美人 gw=file://pzxy_p7596）
09-10 17:29:37 [sat] p10516: 已点队长身体 (537,240)（第2次申请）
09-10 17:29:37 [sat] 当前成员数: 5（目标 5）
09-10 17:29:37 [看门狗] 补组批准结束: 5/5
09-10 17:29:41 [看门狗] 队伍满员 5/5，恢复抓鬼
09-10 17:29:42 p7596 任务脚本已在跑，跳过
09-10 17:29:43 p2324 任务脚本已在跑，跳过
09-10 17:29:44 p9724 任务脚本已在跑，跳过
09-10 17:29:44 [任务闸] 队长任务暂不启动：未到齐：p10516 p10516（掉线/未登录）（队伍 5/5）——请先完成组队或确认队友在线
09-10 17:29:45 [sat] 阵法验证: 天覆阵/4
09-10 17:29:45 [sat] p10516: 已在队伍中（顶栏 5 人 队长=二号美人）→ 跳过申请，不碰 UI
09-10 17:29:45 p7596 任务脚本已在跑，跳过
09-10 17:29:46 p2324 任务脚本已在跑，跳过
09-10 17:29:47 p9724 任务脚本已在跑，跳过
09-10 17:29:48 p10516 已拉起任务脚本（队员·这是帅哥 gw=file://pzxy_p10516）
09-10 17:29:48 p4880 已拉起任务脚本（队长·二号美人 gw=file://pzxy_p4880）
09-10 17:29:48 [看门狗] 满员，抓鬼已恢复 ✓
09-10 17:30:37 [看门狗] 心跳: 5/5
09-10 17:32:52 [看门狗] 心跳: 5/5
09-10 17:35:07 [看门狗] 心跳: 5/5
09-10 17:35:44 [暂停] 自动化冻结：停任务脚本，看门狗/掉线闭环挂起（可人工接管）
09-10 17:35:45 已打断 p7596 任务脚本（系统 PID 10744）
09-10 17:35:46 已打断 p10516 任务脚本（系统 PID 15492）
09-10 17:35:47 已打断 p2324 任务脚本（系统 PID 15124）
09-10 17:35:48 已打断 p9724 任务脚本（系统 PID 12232）
09-10 17:35:49 已打断 p4880 任务脚本（系统 PID 21220）
09-10 17:35:49 [暂停] 完成：任务脚本已全部停止
09-10 17:44:19 [恢复] 解冻：跳过组队，按角色直接拉起任务脚本
09-10 17:44:19 p7596 已拉起任务脚本（队员·三号美人 gw=file://pzxy_p7596）
09-10 17:44:20 p10516 已拉起任务脚本（队员·这是帅哥 gw=file://pzxy_p10516）
09-10 17:44:21 p2324 已拉起任务脚本（队员·这是猛男 gw=file://pzxy_p2324）
09-10 17:44:22 p9724 已拉起任务脚本（队员·一号美人 gw=file://pzxy_p9724）
09-10 17:44:23 p4880 已拉起任务脚本（队长·二号美人 gw=file://pzxy_p4880）
09-10 17:44:23 [恢复] 完成：任务脚本已拉起，看门狗/掉线闭环恢复（缺员时看门狗自动补组）
09-10 17:45:55 [看门狗] 心跳: 5/5
09-10 17:48:12 [看门狗] 心跳: 5/5
09-10 17:50:26 [看门狗] 心跳: 5/5
09-10 17:57:14 [看门狗] 心跳: 5/5
09-10 17:57:45 [内存] 已修剪 5 个游戏进程：3.0GB → 147.4MB（释放 2.8GB）
09-10 17:59:30 [看门狗] 心跳: 5/5
09-10 18:01:45 [看门狗] 心跳: 5/5
09-10 18:06:15 [看门狗] 心跳: 5/5
09-10 18:08:30 [看门狗] 心跳: 5/5
09-10 18:10:44 [看门狗] 心跳: 5/5
09-10 18:15:11 [看门狗] 心跳: 5/5
09-10 18:17:26 [看门狗] 心跳: 5/5
09-10 18:21:54 [看门狗] 心跳: 5/5
09-10 18:25:31 p9724 tp 状态消失（第1次，疑似服务器抹除）
09-10 18:25:34 p2324 tp 状态消失（第1次，疑似服务器抹除）
09-10 18:25:36 p10516 tp 状态消失（第1次，疑似服务器抹除）
09-10 18:25:38 p7596 tp 状态消失（第1次，疑似服务器抹除）
09-10 18:25:38 p4880 tp 状态消失（第1次，疑似服务器抹除）
09-10 18:25:49 p9724 tp 连续消失 3 次 → 杀游戏重启闭环
09-10 18:25:51 p9724 旧游戏进程卡死，已强制结束
09-10 18:25:52 p9724 已重启为新进程 PID=12820，等待登录界面…
09-10 18:25:52 p2324 tp 连续消失 3 次 → 杀游戏重启闭环
09-10 18:25:53 p12820 检测到登录界面，开始播种…
09-10 18:25:53 p2324 旧游戏进程卡死，已强制结束
09-10 18:25:54 p2324 已重启为新进程 PID=23336，等待登录界面…
09-10 18:25:55 p4880 tp 连续消失 3 次 → 杀游戏重启闭环
09-10 18:25:56 p23336 检测到登录界面，开始播种…
09-10 18:25:56 p4880 旧游戏进程卡死，已强制结束
09-10 18:25:57 p4880 已重启为新进程 PID=13032，等待登录界面…
09-10 18:25:58 p13032 检测到登录界面，开始播种…
09-10 18:25:59 p12820 播种成功 ✓
09-10 18:25:59 p12820 重放 member#4 登录点击 4 步…
09-10 18:25:59 p9724 → 新 PID=12820 播种/登录流程接管完成
09-10 18:25:59 p10516 tp 连续消失 3 次 → 杀游戏重启闭环
09-10 18:26:00 p10516 旧游戏进程卡死，已强制结束
09-10 18:26:01 p10516 已重启为新进程 PID=14080，等待登录界面…
09-10 18:26:02 p23336 播种成功 ✓
09-10 18:26:02 p23336 重放 member#3 登录点击 4 步…
09-10 18:26:02 p2324 → 新 PID=23336 播种/登录流程接管完成
09-10 18:26:02 p14080 检测到登录界面，开始播种…
09-10 18:26:05 p13032 播种成功 ✓
09-10 18:26:05 p13032 重放 leader#1 登录点击 4 步…
09-10 18:26:05 p4880 → 新 PID=13032 播种/登录流程接管完成
09-10 18:26:05 [看门狗] 队长 PID 变更 4880 → 13032，跟随新通道
09-10 18:26:07 p12820 登录点击重放完毕，等待进入场景…
09-10 18:26:07 p7596 tp 连续消失 3 次 → 杀游戏重启闭环
09-10 18:26:08 p7596 旧游戏进程卡死，已强制结束
09-10 18:26:09 p12820 检测到已登录 ✓
09-10 18:26:09 p12820 重登待命：等队长联动信号（队长未就位/未建队则不动）
09-10 18:26:09 p7596 已重启为新进程 PID=7164，等待登录界面…
09-10 18:26:10 p14080 播种成功 ✓
09-10 18:26:10 p14080 重放 member#2 登录点击 4 步…
09-10 18:26:10 p10516 → 新 PID=14080 播种/登录流程接管完成
09-10 18:26:10 p23336 登录点击重放完毕，等待进入场景…
09-10 18:26:10 p7164 检测到登录界面，开始播种…
09-10 18:26:11 p13032 登录点击重放完毕，等待进入场景…
09-10 18:26:11 p23336 检测到已登录 ✓
09-10 18:26:11 p23336 重登待命：等队长联动信号（队长未就位/未建队则不动）
09-10 18:26:13 p13032 检测到已登录 ✓
09-10 18:26:13 [sat] 队长准备: 传送 大唐官府 + 走位 [139,80]
09-10 18:26:18 p14080 登录点击重放完毕，等待进入场景…
09-10 18:26:18 p7164 播种成功 ✓
09-10 18:26:18 p7164 重放 member#1 登录点击 4 步…
09-10 18:26:18 p7596 → 新 PID=7164 播种/登录流程接管完成
09-10 18:26:19 p14080 检测到已登录 ✓
09-10 18:26:19 p14080 重登待命：等队长联动信号（队长未就位/未建队则不动）
09-10 18:26:25 [sat] 队长当前位置: None（第1次传送后）
09-10 18:26:25 [sat] 面板读不到，按传送统一落点 [132,83] 兜底走位
09-10 18:26:25 [sat] [fail] tp 不可用
09-10 18:26:25 [sat] [warn] 第1轮走位未到锚点（pos=None）→ 重传送再来
09-10 18:26:27 p7164 登录点击重放完毕，等待进入场景…
09-10 18:26:27 p7164 检测到已登录 ✓
09-10 18:26:27 p7164 重登待命：等队长联动信号（队长未就位/未建队则不动）
09-10 18:26:29 [sat] 队长当前位置: None（第2次传送后）
09-10 18:26:29 [sat] 面板读不到，按传送统一落点 [132,83] 兜底走位
09-10 18:26:29 [sat] [fail] tp 不可用
09-10 18:26:29 [sat] [warn] 第2轮走位未到锚点（pos=None）→ 重传送再来
09-10 18:26:29 [sat] [fail] 队长两轮走位均未到达 [139,80]——本轮禁止队员归队（防打乱坐标）
09-10 18:26:32 [任务闸] 队长任务暂不启动：未到齐：p7164 p7164（掉线/未登录）、p14080 p14080（掉线/未登录）、p23336 p23336（掉线/未登录）、p12820 p12820（掉线/未登录）（队伍 ?/5）——请先完成组队或确认队友在线
09-10 18:26:38 p13032 tp 状态消失（第1次，疑似服务器抹除）
09-10 18:26:53 p13032 任务脚本已死 → 自动补拉
09-10 18:26:53 [任务闸] 队长任务暂不启动：未到齐：p7164 p7164（掉线/未登录）、p14080 p14080（掉线/未登录）、p23336 p23336（掉线/未登录）、p12820 p12820（掉线/未登录）（队伍 ?/5）——请先完成组队或确认队友在线
09-10 18:26:54 p13032 tp 连续消失 3 次 → 杀游戏重启闭环
09-10 18:26:55 p13032 旧游戏进程卡死，已强制结束
09-10 18:26:56 p13032 已重启为新进程 PID=10656，等待登录界面…
09-10 18:26:57 p10656 检测到登录界面，开始播种…
09-10 18:27:04 p10656 播种成功 ✓
09-10 18:27:04 p10656 重放 leader#1 登录点击 4 步…
09-10 18:27:04 p13032 → 新 PID=10656 播种/登录流程接管完成
09-10 18:27:08 [看门狗] 队长 PID 变更 13032 → 10656，跟随新通道
09-10 18:27:10 p10656 登录点击重放完毕，等待进入场景…
09-10 18:27:12 p10656 检测到已登录 ✓
09-10 18:27:12 [sat] 队长准备: 传送 大唐官府 + 走位 [139,80]
09-10 18:27:22 [sat] 队长当前位置: (2640.0, 1660.0)（第1次传送后）
09-10 18:27:22 [sat] 走位点击 (540,240)（偏差 140,-60）——途中不点组队图标
09-10 18:27:27 [sat] 队长已就位: (2778.1291208715, 1600.8018053408)（目标 (2780.0, 1600.0)，±3 格容差）
09-10 18:27:29 [任务闸] 队长任务暂不启动：未到齐：p7164 p7164（掉线/未登录）、p14080 p14080（掉线/未登录）、p23336 p23336（掉线/未登录）、p12820 p12820（掉线/未登录）（队伍 0/5）——请先完成组队或确认队友在线
09-10 18:27:40 [看门狗] 检测到缺员 0/5 → 打断抓鬼，启动补组队
09-10 18:27:41 [sat] 队长准备: 传送 大唐官府 + 走位 [139,80]
09-10 18:27:41 [sat] 队长已在锚点附近 (2778.1291208715, 1600.8018053408)，跳过传送直接就位
09-10 18:27:41 [看门狗] 队伍已散（0 人）→ 重新建队
09-10 18:27:42 [sat] 建队第1次 脚底屏幕位 (417,292) → 身体点上移 50
09-10 18:27:46 [内存] 已修剪 5 个游戏进程：2.5GB → 66.1MB（释放 2.5GB）
09-10 18:27:46 [sat] 建队第1次 顶栏stats（应为 1）: ((1, 0, '二号美人'),)
09-10 18:27:46 [sat] 联动信号已发布: 队长 p10656 就位 (2778, 1601)（队员凭此行动）
09-10 18:27:47 p7164 收到队长联动 → 传送+申请归队
09-10 18:27:49 [sat] 当前成员数: 1（目标 5）
09-10 18:27:49 p12820 收到队长联动 → 传送+申请归队
09-10 18:27:51 p23336 收到队长联动 → 传送+申请归队
09-10 18:27:54 [sat] p7164: tp/窗口不可用
09-10 18:27:56 [sat] p12820: tp/窗口不可用
09-10 18:27:56 p10656 任务脚本已死 → 自动补拉
09-10 18:27:57 [任务闸] 队长任务暂不启动：未到齐：p7164 p7164（掉线/未登录）、p14080 p14080（掉线/未登录）、p23336 p23336（掉线/未登录）、p12820 p12820（掉线/未登录）（队伍 1/5）——请先完成组队或确认队友在线
09-10 18:27:58 [sat] p23336: tp/窗口不可用
09-10 18:27:59 p14080 收到队长联动 → 传送+申请归队
09-10 18:28:01 [sat] p7164: tp/窗口不可用
09-10 18:28:03 [sat] p12820: tp/窗口不可用
09-10 18:28:05 [sat] p23336: tp/窗口不可用
09-10 18:28:06 [sat] p14080: tp/窗口不可用
09-10 18:28:08 [sat] p7164: tp/窗口不可用
09-10 18:28:09 [sat] p12820: tp/窗口不可用
09-10 18:28:12 [sat] p23336: tp/窗口不可用
09-10 18:28:13 [sat] p14080: tp/窗口不可用
09-10 18:28:14 [sat] p7164: 申请轮次结束（是否入队由队长批准裁决）
09-10 18:28:15 [sat] p12820: 申请轮次结束（是否入队由队长批准裁决）
09-10 18:28:16 p7164 tp 状态消失（第1次，疑似服务器抹除）
09-10 18:28:17 p7164 已拉起任务脚本（队员·三号美人 gw=file://pzxy_p7164）
09-10 18:28:18 [sat] p23336: 申请轮次结束（是否入队由队长批准裁决）
09-10 18:28:18 p23336 tp 状态消失（第1次，疑似服务器抹除）
09-10 18:28:18 p12820 已拉起任务脚本（队员·一号美人 gw=file://pzxy_p12820）
09-10 18:28:20 [sat] p14080: tp/窗口不可用
09-10 18:28:20 p23336 已拉起任务脚本（队员·这是猛男 gw=file://pzxy_p23336）
09-10 18:28:22 p23336 tp 连续消失 3 次 → 杀游戏重启闭环
09-10 18:28:23 p23336 旧游戏进程卡死，已强制结束
09-10 18:28:24 p23336 已重启为新进程 PID=22744，等待登录界面…
09-10 18:28:24 p12820 tp 状态消失（第1次，疑似服务器抹除）
09-10 18:28:25 p22744 检测到登录界面，开始播种…
09-10 18:28:26 [sat] p14080: 申请轮次结束（是否入队由队长批准裁决）
09-10 18:28:29 p12820 tp 连续消失 3 次 → 杀游戏重启闭环
09-10 18:28:29 p14080 已拉起任务脚本（队员·这是帅哥 gw=file://pzxy_p14080）
09-10 18:28:30 [看门狗] 心跳: 1/5
09-10 18:28:30 p12820 旧游戏进程卡死，已强制结束
09-10 18:28:31 p12820 已重启为新进程 PID=19992，等待登录界面…
09-10 18:28:32 p22744 播种成功 ✓
09-10 18:28:32 p22744 重放 member#3 登录点击 4 步…
09-10 18:28:32 p23336 → 新 PID=22744 播种/登录流程接管完成
09-10 18:28:33 p19992 检测到登录界面，开始播种…
09-10 18:28:37 p14080 tp 状态消失（第1次，疑似服务器抹除）
09-10 18:28:39 p19992 播种成功 ✓
09-10 18:28:39 p19992 重放 member#4 登录点击 4 步…
09-10 18:28:39 p12820 → 新 PID=19992 播种/登录流程接管完成
09-10 18:28:40 p22744 登录点击重放完毕，等待进入场景…
09-10 18:28:41 p22744 检测到已登录 ✓
09-10 18:28:41 p22744 重登待命：等队长联动信号（队长p10656 未就位/未建队则不动）
09-10 18:28:41 p22744 收到队长联动 → 传送+申请归队
09-10 18:28:42 [sat] p22744: 异图(江南野外≠队长大唐官府) 就地传送
09-10 18:28:44 p7164 tp 连续消失 3 次 → 杀游戏重启闭环
09-10 18:28:45 p7164 旧游戏进程卡死，已强制结束
09-10 18:28:46 p7164 已重启为新进程 PID=22860，等待登录界面…
09-10 18:28:47 p19992 登录点击重放完毕，等待进入场景…
09-10 18:28:48 p22860 检测到登录界面，开始播种…
09-10 18:28:50 p19992 检测到已登录 ✓
09-10 18:28:50 p19992 重登待命：等队长联动信号（队长p10656 未就位/未建队则不动）
09-10 18:28:50 p19992 收到队长联动 → 传送+申请归队
09-10 18:28:51 [sat] p19992: 异图(江南野外≠队长大唐官府) 就地传送
09-10 18:28:54 [sat] p22744: 已点队长身体 (538,240)（第1次申请）
09-10 18:28:54 p22860 播种成功 ✓
09-10 18:28:54 p22860 重放 member#1 登录点击 4 步…
09-10 18:28:54 p7164 → 新 PID=22860 播种/登录流程接管完成
09-10 18:28:58 [sat] 当前成员数: 2（目标 5）
09-10 18:29:01 [sat] p22744: 已在队伍中（顶栏 2 人 队长=二号美人）→ 跳过申请，不碰 UI
09-10 18:29:01 [sat] p19992: 已点队长身体 (538,240)（第1次申请）
09-10 18:29:02 p10656 任务脚本已死 → 自动补拉
09-10 18:29:02 [任务闸] 队长任务暂不启动：未到齐：p22860 p22860（掉线/未登录）、p19992 p19992（掉线/未登录）、p14080 p14080（在线但未入队）、p22744 p22744（在线但未入队）（队伍 2/5）——请先完成组队或确认队友在线
09-10 18:29:03 p22860 登录点击重放完毕，等待进入场景…
09-10 18:29:03 p22744 已拉起任务脚本（队员·这是猛男 gw=file://pzxy_p22744）
09-10 18:29:05 p22860 检测到已登录 ✓
09-10 18:29:05 p22860 重登待命：等队长联动信号（队长p10656 未就位/未建队则不动）
09-10 18:29:05 p22860 收到队长联动 → 传送+申请归队
09-10 18:29:06 [sat] p22860: 异图(江南野外≠队长大唐官府) 就地传送
09-10 18:29:12 p14080 tp 连续消失 3 次 → 杀游戏重启闭环
09-10 18:29:13 p14080 旧游戏进程卡死，已强制结束
09-10 18:29:13 [sat] 当前成员数: 3（目标 5）
09-10 18:29:13 [sat] p19992: 已点队长身体 (538,240)（第2次申请）
09-10 18:29:14 p14080 已重启为新进程 PID=6212，等待登录界面…
09-10 18:29:16 p6212 检测到登录界面，开始播种…
09-10 18:29:17 [sat] p22860: 已点队长身体 (538,240)（第1次申请）
09-10 18:29:20 [sat] p19992: 已在队伍中（顶栏 3 人 队长=二号美人）→ 跳过申请，不碰 UI
09-10 18:29:22 p6212 播种成功 ✓
09-10 18:29:22 p6212 重放 member#2 登录点击 4 步…
09-10 18:29:22 p14080 → 新 PID=6212 播种/登录流程接管完成
09-10 18:29:23 p19992 已拉起任务脚本（队员·一号美人 gw=file://pzxy_p19992）
09-10 18:29:28 [sat] p22860: 已点队长身体 (538,240)（第2次申请）
09-10 18:29:28 [sat] 当前成员数: 4（目标 5）
09-10 18:29:31 p6212 登录点击重放完毕，等待进入场景…
09-10 18:29:32 p6212 检测到已登录 ✓
09-10 18:29:32 p6212 重登待命：等队长联动信号（队长p10656 未就位/未建队则不动）
09-10 18:29:32 p6212 收到队长联动 → 传送+申请归队
09-10 18:29:32 [sat] p6212: 异图(江南野外≠队长大唐官府) 就地传送
09-10 18:29:36 [sat] p22860: 已在队伍中（顶栏 4 人 队长=二号美人）→ 跳过申请，不碰 UI
09-10 18:29:39 p22860 已拉起任务脚本（队员·三号美人 gw=file://pzxy_p22860）
09-10 18:29:44 [sat] p6212: 已点队长身体 (538,240)（第1次申请）
09-10 18:29:53 [sat] 当前成员数: 5（目标 5）
09-10 18:29:53 [看门狗] 补组批准结束: 5/5
09-10 18:29:55 [sat] p6212: 已点队长身体 (538,240)（第2次申请）
09-10 18:30:00 [sat] 阵法验证: 天覆阵/4
09-10 18:30:01 p22860 任务脚本已在跑，跳过
09-10 18:30:02 p22744 任务脚本已在跑，跳过
09-10 18:30:02 p19992 任务脚本已在跑，跳过
09-10 18:30:02 [sat] p6212: 已在队伍中（顶栏 5 人 队长=二号美人）→ 跳过申请，不碰 UI
09-10 18:30:03 [任务闸] 队长任务暂不启动：未到齐：p6212 p6212（掉线/未登录）（队伍 5/5）——请先完成组队或确认队友在线
09-10 18:30:03 [看门狗] 满员，抓鬼已恢复 ✓
09-10 18:30:05 p6212 已拉起任务脚本（队员·这是帅哥 gw=file://pzxy_p6212）
09-10 18:30:10 p10656 任务脚本已死 → 自动补拉
09-10 18:30:11 p10656 已拉起任务脚本（队长·二号美人 gw=file://pzxy_p10656）
09-10 18:35:14 [看门狗] 心跳: 5/5
09-10 18:37:31 [看门狗] 心跳: 5/5
09-10 18:42:01 [看门狗] 心跳: 5/5
09-10 18:44:15 [看门狗] 心跳: 5/5
09-10 18:46:28 [看门狗] 心跳: 5/5
09-10 18:47:03 p10656 任务脚本已死 → 自动补拉
09-10 18:47:04 p10656 已拉起任务脚本（队长·二号美人 gw=file://pzxy_p10656）
09-10 18:50:56 [看门狗] 心跳: 5/5
09-10 18:55:24 [看门狗] 心跳: 5/5
09-10 18:57:40 [看门狗] 心跳: 5/5
09-10 18:57:46 [内存] 已修剪 5 个游戏进程：3.7GB → 132.6MB（释放 3.6GB）
09-10 19:06:38 [看门狗] 心跳: 5/5
09-10 19:08:45 squad_auto_team 日志已桥接到 GUI（组队内部步骤可见）
09-10 19:08:51 已启动队员进程 PID=6656，等待登录界面窗口…
09-10 19:08:51 已启动队员进程 PID=13908，等待登录界面窗口…
09-10 19:08:52 已启动队员进程 PID=5468，等待登录界面窗口…
09-10 19:08:52 p13908 检测到登录界面，开始播种…
09-10 19:08:53 已启动队员进程 PID=9060，等待登录界面窗口…
09-10 19:08:53 p6656 检测到登录界面，开始播种…
09-10 19:08:54 已启动队长进程 PID=6908，等待登录界面窗口…
09-10 19:08:54 p9060 检测到登录界面，开始播种…
09-10 19:08:54 p5468 检测到登录界面，开始播种…
09-10 19:08:55 p6908 检测到登录界面，开始播种…
09-10 19:08:59 p13908 播种成功 ✓
09-10 19:08:59 p13908 重放 member#2 登录点击 4 步…
09-10 19:08:59 p6656 播种成功 ✓
09-10 19:08:59 p6656 重放 member#1 登录点击 4 步…
09-10 19:09:00 p9060 播种成功 ✓
09-10 19:09:00 p9060 重放 member#4 登录点击 4 步…
09-10 19:09:00 p5468 播种成功 ✓
09-10 19:09:00 p5468 重放 member#3 登录点击 4 步…
09-10 19:09:01 p6908 播种成功 ✓
09-10 19:09:01 p6908 重放 leader#1 登录点击 4 步…
09-10 19:09:05 [卫生] 清理旧 IPC 文件 309 个，日志轮转 0 个
09-10 19:09:07 p13908 登录点击重放完毕，等待进入场景…
09-10 19:09:07 p13908 检测到已登录 ✓
09-10 19:09:08 p6908 登录点击重放完毕，等待进入场景…
09-10 19:09:08 p9060 登录点击重放完毕，等待进入场景…
09-10 19:09:08 p6656 登录点击重放完毕，等待进入场景…
09-10 19:09:08 p5468 登录点击重放完毕，等待进入场景…
09-10 19:09:09 p6656 检测到已登录 ✓
09-10 19:09:09 p5468 检测到已登录 ✓
09-10 19:09:09 p9060 检测到已登录 ✓
09-10 19:09:09 p6908 检测到已登录 ✓
09-10 19:09:16 [内存] 已修剪 5 个游戏进程：2.1GB → 62.6MB（释放 2.0GB）
09-10 19:09:46 [autoTeam] Lua 队伍读数 0/5 未满员 → 走组队流程
09-10 19:09:46 [autoTeam] 阶段1: 队长先行 传送+走位[139,80]
09-10 19:09:46 [sat] 队长准备: 传送 大唐官府 + 走位 [139,80]
09-10 19:09:56 [sat] 队长当前位置: (2640.0, 1660.0)（第1次传送后）
09-10 19:09:56 [sat] 走位点击 (540,240)（偏差 140,-60）——途中不点组队图标
09-10 19:10:01 [sat] 队长已就位: (2778.1291199984, 1600.801805715)（目标 (2780.0, 1600.0)，±3 格容差）
09-10 19:10:01 [autoTeam] 阶段2: 建队
09-10 19:10:03 [sat] 建队第1次 脚底屏幕位 (417,292) → 身体点上移 50
09-10 19:10:06 [sat] 建队第1次 顶栏stats（应为 1）: ((1, 0, '二号美人'),)
09-10 19:10:06 [sat] 联动信号已发布: 队长 p6908 就位 (2778, 1601)（队员凭此行动）
09-10 19:10:06 [autoTeam] 阶段3: 4 名队员并行传送+申请入队
09-10 19:10:08 [sat] p6656: 异图(江南野外≠队长大唐官府) 就地传送
09-10 19:10:08 [sat] p9060: 异图(江南野外≠队长大唐官府) 就地传送
09-10 19:10:08 [sat] p13908: 异图(江南野外≠队长大唐官府) 就地传送
09-10 19:10:08 [sat] p5468: 异图(江南野外≠队长大唐官府) 就地传送
09-10 19:10:20 [sat] p9060: 已点队长身体 (538,240)（第1次申请）
09-10 19:10:20 [sat] p5468: 已点队长身体 (538,240)（第1次申请）
09-10 19:10:21 [sat] p13908: 已点队长身体 (538,240)（第1次申请）
09-10 19:10:21 [sat] p6656: 已点队长身体 (538,240)（第1次申请）
09-10 19:10:32 [sat] p9060: 已点队长身体 (538,240)（第2次申请）
09-10 19:10:32 [sat] p13908: 已点队长身体 (538,240)（第2次申请）
09-10 19:10:33 [sat] p5468: 已点队长身体 (538,240)（第2次申请）
09-10 19:10:33 [sat] p6656: 已点队长身体 (538,240)（第2次申请）
09-10 19:10:39 [sat] p9060: 申请轮次结束（是否入队由队长批准裁决）
09-10 19:10:39 [sat] p5468: 申请轮次结束（是否入队由队长批准裁决）
09-10 19:10:39 [sat] p13908: 申请轮次结束（是否入队由队长批准裁决）
09-10 19:10:42 [sat] p6656: 申请轮次结束（是否入队由队长批准裁决）
09-10 19:10:42 [autoTeam] 阶段4: 队长批准申请
09-10 19:10:44 [sat] 当前成员数: 1（目标 5）
09-10 19:10:49 [sat] 当前成员数: 2（目标 5）
09-10 19:10:54 [sat] 当前成员数: 3（目标 5）
09-10 19:10:58 [sat] 当前成员数: 4（目标 5）
09-10 19:11:03 [sat] 当前成员数: 5（目标 5）
09-10 19:11:03 [autoTeam] 批准结束: 成员=5/目标=5
09-10 19:11:10 [sat] 阵法验证: 天覆阵/4
09-10 19:11:10 [autoTeam] 天覆阵完成 ✓
09-10 19:11:11 p6656 已拉起任务脚本（队员·三号美人 gw=file://pzxy_p6656）
09-10 19:11:12 p13908 已拉起任务脚本（队员·这是帅哥 gw=file://pzxy_p13908）
09-10 19:11:13 p5468 已拉起任务脚本（队员·这是猛男 gw=file://pzxy_p5468）
09-10 19:11:14 p9060 已拉起任务脚本（队员·一号美人 gw=file://pzxy_p9060）
09-10 19:11:15 p6908 已拉起任务脚本（队长·二号美人 gw=file://pzxy_p6908）
09-10 19:11:15 [autoTeam] 组队+任务脚本启动完成
09-10 19:11:15 [看门狗] 启动（目标 5 人，每 15s 判定）
09-10 19:11:16 已清理残留任务脚本（绑定死 PID 22744，系统 PID 20956）
09-10 19:11:16 已清理残留任务脚本（绑定死 PID 19992，系统 PID 22328）
09-10 19:11:16 已清理残留任务脚本（绑定死 PID 22860，系统 PID 1796）
09-10 19:11:16 已清理残留任务脚本（绑定死 PID 6212，系统 PID 3096）
09-10 19:11:16 已清理残留任务脚本（绑定死 PID 10656，系统 PID 16248）
09-10 19:13:34 [看门狗] 心跳: 5/5
09-10 19:15:05 p6908 tp 状态消失（worker存活）→ 宽限75s 等待自愈/重连，期间不杀
09-10 19:15:07 p9060 tp 状态消失（worker存活）→ 宽限75s 等待自愈/重连，期间不杀
09-10 19:15:09 p5468 tp 状态消失（worker存活）→ 宽限75s 等待自愈/重连，期间不杀
09-10 19:15:11 p13908 tp 状态消失（worker存活）→ 宽限75s 等待自愈/重连，期间不杀
09-10 19:15:14 p6656 tp 状态消失（worker存活）→ 宽限75s 等待自愈/重连，期间不杀
09-10 19:15:51 [看门狗] 队伍数据连续读不到（16 轮），检查通道/面板
09-10 19:16:26 p6908 tp 持续 nil 超 75s（worker存活）→ 状态确认丢失，杀游戏重启闭环
09-10 19:16:27 p6908 旧游戏进程卡死，已强制结束
09-10 19:16:28 p6908 已重启为新进程 PID=1452，等待登录界面…
09-10 19:16:28 p9060 tp 持续 nil 超 75s（worker存活）→ 状态确认丢失，杀游戏重启闭环
09-10 19:16:29 p1452 检测到登录界面，开始播种…
09-10 19:16:29 p9060 旧游戏进程卡死，已强制结束
09-10 19:16:30 p9060 已重启为新进程 PID=14032，等待登录界面…
09-10 19:16:32 p14032 检测到登录界面，开始播种…
09-10 19:16:32 p6656 tp 持续 nil 超 75s（worker存活）→ 状态确认丢失，杀游戏重启闭环
09-10 19:16:33 p6656 旧游戏进程卡死，已强制结束
09-10 19:16:34 p6656 已重启为新进程 PID=5612，等待登录界面…
09-10 19:16:34 p5468 tp 持续 nil 超 75s（worker存活）→ 状态确认丢失，杀游戏重启闭环
09-10 19:16:35 p1452 播种成功 ✓
09-10 19:16:35 p1452 重放 leader#1 登录点击 4 步…
09-10 19:16:35 p6908 → 新 PID=1452 播种/登录流程接管完成
09-10 19:16:35 p5468 旧游戏进程卡死，已强制结束
09-10 19:16:36 p5612 检测到登录界面，开始播种…
09-10 19:16:36 p5468 已重启为新进程 PID=16548，等待登录界面…
09-10 19:16:37 p16548 检测到登录界面，开始播种…
09-10 19:16:38 p14032 播种成功 ✓
09-10 19:16:38 p14032 重放 member#4 登录点击 4 步…
09-10 19:16:38 p9060 → 新 PID=14032 播种/登录流程接管完成
09-10 19:16:41 [看门狗] 队长 PID 变更 6908 → 1452，跟随新通道
09-10 19:16:42 p1452 登录点击重放完毕，等待进入场景…
09-10 19:16:42 p13908 tp 持续 nil 超 75s（worker存活）→ 状态确认丢失，杀游戏重启闭环
09-10 19:16:43 p13908 旧游戏进程卡死，已强制结束
09-10 19:16:44 p1452 检测到已登录 ✓
09-10 19:16:44 [sat] 队长准备: 传送 大唐官府 + 走位 [139,80]
09-10 19:16:44 p13908 已重启为新进程 PID=8380，等待登录界面…
09-10 19:16:44 p5612 播种成功 ✓
09-10 19:16:44 p5612 重放 member#1 登录点击 4 步…
09-10 19:16:44 p6656 → 新 PID=5612 播种/登录流程接管完成
09-10 19:16:46 p8380 检测到登录界面，开始播种…
09-10 19:16:46 p14032 登录点击重放完毕，等待进入场景…
09-10 19:16:47 p16548 播种成功 ✓
09-10 19:16:47 p16548 重放 member#3 登录点击 4 步…
09-10 19:16:47 p5468 → 新 PID=16548 播种/登录流程接管完成
09-10 19:16:48 p14032 检测到已登录 ✓
09-10 19:16:48 p14032 重登待命：等队长联动信号（队长未就位/未建队则不动）
09-10 19:16:48 p14032 收到队长联动 → 传送+申请归队
09-10 19:16:53 p5612 登录点击重放完毕，等待进入场景…
09-10 19:16:53 p8380 播种成功 ✓
09-10 19:16:53 p13908 → 新 PID=8380 播种/登录流程接管完成
09-10 19:16:53 p8380 重放 member#2 登录点击 4 步…
09-10 19:16:54 [sat] 队长当前位置: (2640.0, 1660.0)（第1次传送后）
09-10 19:16:54 [sat] 走位点击 (540,240)（偏差 140,-60）——途中不点组队图标
09-10 19:16:54 p16548 登录点击重放完毕，等待进入场景…
09-10 19:16:56 p5612 检测到已登录 ✓
09-10 19:16:56 p16548 检测到已登录 ✓
09-10 19:16:56 p5612 重登待命：等队长联动信号（队长未就位/未建队则不动）
09-10 19:16:56 p16548 重登待命：等队长联动信号（队长未就位/未建队则不动）
09-10 19:16:56 p5612 收到队长联动 → 传送+申请归队
09-10 19:16:56 p16548 收到队长联动 → 传送+申请归队
09-10 19:16:59 [sat] 队长已就位: (2777.9728661908, 1600.8687716325)（目标 (2780.0, 1600.0)，±3 格容差）
09-10 19:17:00 [sat] p14032: 已点队长身体 (538,240)（第1次申请）
09-10 19:17:01 p8380 登录点击重放完毕，等待进入场景…
09-10 19:17:01 [任务闸] 队长任务暂不启动：未到齐：p5612 p5612（掉线/未登录）、p8380 p8380（掉线/未登录）、p16548 p16548（掉线/未登录）、p14032 p14032（掉线/未登录）（队伍 0/5）——请先完成组队或确认队友在线
09-10 19:17:04 p8380 检测到已登录 ✓
09-10 19:17:04 p8380 重登待命：等队长联动信号（队长p1452 未就位/未建队则不动）
09-10 19:17:04 p8380 收到队长联动 → 传送+申请归队
09-10 19:17:05 [sat] p8380: 异图(江南野外≠队长大唐官府) 就地传送
09-10 19:17:08 [sat] p5612: 已点队长身体 (538,240)（第1次申请）
09-10 19:17:08 [sat] p16548: 已点队长身体 (538,240)（第1次申请）
09-10 19:17:11 [sat] p14032: 已点队长身体 (538,240)（第2次申请）
09-10 19:17:12 [看门狗] 检测到缺员 0/5 → 打断抓鬼，启动补组队
09-10 19:17:13 [sat] 队长准备: 传送 大唐官府 + 走位 [139,80]
09-10 19:17:13 [sat] 队长已在锚点附近 (2777.9728661908, 1600.8687716325)，跳过传送直接就位
09-10 19:17:14 [看门狗] 队伍已散（0 人）→ 重新建队
09-10 19:17:15 [sat] 建队第1次 脚底屏幕位 (417,292) → 身体点上移 50
09-10 19:17:16 [sat] p8380: 已点队长身体 (538,240)（第1次申请）
09-10 19:17:18 [sat] p16548: 已点队长身体 (538,240)（第2次申请）
09-10 19:17:18 [sat] 建队第1次 顶栏stats（应为 1）: ((1, 0, '二号美人'),)
09-10 19:17:19 [sat] 联动信号已发布: 队长 p1452 就位 (2778, 1601)（队员凭此行动）
09-10 19:17:20 [sat] p5612: 已点队长身体 (538,240)（第2次申请）
09-10 19:17:21 [sat] 当前成员数: 1（目标 5）
09-10 19:17:23 [sat] p14032: 已点队长身体 (538,240)（第3次申请）
09-10 19:17:26 [sat] 当前成员数: 2（目标 5）
09-10 19:17:26 [sat] p16548: 已在队伍中（顶栏 2 人 队长=二号美人）→ 跳过申请，不碰 UI
09-10 19:17:27 [sat] p8380: 已点队长身体 (538,240)（第2次申请）
09-10 19:17:29 p16548 已拉起任务脚本（队员·这是猛男 gw=file://pzxy_p16548）
09-10 19:17:31 [sat] p5612: 已点队长身体 (538,240)（第3次申请）
09-10 19:17:31 [sat] 当前成员数: 3（目标 5）
09-10 19:17:31 [sat] p14032: 申请轮次结束（是否入队由队长批准裁决）
09-10 19:17:34 p14032 已拉起任务脚本（队员·一号美人 gw=file://pzxy_p14032）
09-10 19:17:36 [sat] 当前成员数: 4（目标 5）
09-10 19:17:38 [sat] p5612: 申请轮次结束（是否入队由队长批准裁决）
09-10 19:17:40 [sat] p8380: 已点队长身体 (538,240)（第3次申请）
09-10 19:17:41 p5612 已拉起任务脚本（队员·三号美人 gw=file://pzxy_p5612）
09-10 19:17:41 [sat] 当前成员数: 5（目标 5）
09-10 19:17:41 [看门狗] 补组批准结束: 5/5
09-10 19:17:44 [看门狗] 队伍满员 5/5，恢复抓鬼
09-10 19:17:45 p5612 任务脚本已在跑，跳过
09-10 19:17:46 p16548 任务脚本已在跑，跳过
09-10 19:17:47 p14032 任务脚本已在跑，跳过
09-10 19:17:47 [sat] p8380: 申请轮次结束（是否入队由队长批准裁决）
09-10 19:17:47 [任务闸] 队长任务暂不启动：未到齐：p8380 p8380（掉线/未登录）（队伍 5/5）——请先完成组队或确认队友在线
09-10 19:17:48 [sat] 阵法验证: 天覆阵/4
09-10 19:17:49 p5612 任务脚本已在跑，跳过
09-10 19:17:50 p8380 已拉起任务脚本（队员·这是帅哥 gw=file://pzxy_p8380）
09-10 19:17:50 p8380 任务脚本已在跑，跳过
09-10 19:17:51 p16548 任务脚本已在跑，跳过
09-10 19:17:52 p14032 任务脚本已在跑，跳过
09-10 19:17:53 p1452 已拉起任务脚本（队长·二号美人 gw=file://pzxy_p1452）
09-10 19:17:53 [看门狗] 满员，抓鬼已恢复 ✓
09-10 19:18:04 [看门狗] 心跳: 5/5
09-10 19:23:20 p1452 tp 状态消失（worker存活）→ 宽限75s 等待自愈/重连，期间不杀
09-10 19:23:22 p14032 tp 状态消失（worker存活）→ 宽限75s 等待自愈/重连，期间不杀
09-10 19:23:24 p16548 tp 状态消失（worker存活）→ 宽限75s 等待自愈/重连，期间不杀
09-10 19:23:26 p8380 tp 状态消失（worker存活）→ 宽限75s 等待自愈/重连，期间不杀
09-10 19:23:28 p5612 tp 状态消失（worker存活）→ 宽限75s 等待自愈/重连，期间不杀
09-10 19:23:43 [看门狗] 队伍数据连续读不到（44 轮），检查通道/面板
09-10 19:24:42 p1452 tp 持续 nil 超 75s（worker存活）→ 状态确认丢失，杀游戏重启闭环
09-10 19:24:43 p1452 旧游戏进程卡死，已强制结束
09-10 19:24:44 p1452 已重启为新进程 PID=12792，等待登录界面…
09-10 19:24:45 p14032 tp 持续 nil 超 75s（worker存活）→ 状态确认丢失，杀游戏重启闭环
09-10 19:24:45 p14032 旧游戏进程卡死，已强制结束
09-10 19:24:46 p12792 检测到登录界面，开始播种…
09-10 19:24:46 p14032 已重启为新进程 PID=23004，等待登录界面…
09-10 19:24:46 [看门狗] 队长 PID 变更 1452 → 12792，跟随新通道
09-10 19:24:48 p23004 检测到登录界面，开始播种…
09-10 19:24:49 p5612 tp 持续 nil 超 75s（worker存活）→ 状态确认丢失，杀游戏重启闭环
09-10 19:24:49 p5612 旧游戏进程卡死，已强制结束
09-10 19:24:50 p5612 已重启为新进程 PID=10220，等待登录界面…
09-10 19:24:51 p16548 tp 持续 nil 超 75s（worker存活）→ 状态确认丢失，杀游戏重启闭环
09-10 19:24:52 p16548 旧游戏进程卡死，已强制结束
09-10 19:24:52 p10220 检测到登录界面，开始播种…
09-10 19:24:53 p16548 已重启为新进程 PID=23440，等待登录界面…
09-10 19:24:53 p12792 播种成功 ✓
09-10 19:24:53 p1452 → 新 PID=12792 播种/登录流程接管完成
09-10 19:24:53 p12792 重放 leader#1 登录点击 4 步…
09-10 19:24:54 p23440 检测到登录界面，开始播种…
09-10 19:24:54 p23004 播种成功 ✓
09-10 19:24:54 p23004 重放 member#4 登录点击 4 步…
09-10 19:24:54 p14032 → 新 PID=23004 播种/登录流程接管完成
09-10 19:24:59 p10220 播种成功 ✓
09-10 19:24:59 p5612 → 新 PID=10220 播种/登录流程接管完成
09-10 19:24:59 p10220 重放 member#1 登录点击 4 步…
09-10 19:24:59 p8380 tp 持续 nil 超 75s（worker存活）→ 状态确认丢失，杀游戏重启闭环
09-10 19:24:59 p12792 登录点击重放完毕，等待进入场景…
09-10 19:25:00 p8380 旧游戏进程卡死，已强制结束
09-10 19:25:00 p23440 播种成功 ✓
09-10 19:25:00 p23440 重放 member#3 登录点击 4 步…
09-10 19:25:00 p16548 → 新 PID=23440 播种/登录流程接管完成
09-10 19:25:01 p8380 已重启为新进程 PID=8296，等待登录界面…
09-10 19:25:01 p12792 检测到已登录 ✓
09-10 19:25:01 [sat] 队长准备: 传送 大唐官府 + 走位 [139,80]
09-10 19:25:02 p8296 检测到登录界面，开始播种…
09-10 19:25:03 p23004 登录点击重放完毕，等待进入场景…
09-10 19:25:05 p23004 检测到已登录 ✓
09-10 19:25:05 p23004 重登待命：等队长联动信号（队长未就位/未建队则不动）
09-10 19:25:05 p23004 收到队长联动 → 传送+申请归队
09-10 19:25:07 p10220 登录点击重放完毕，等待进入场景…
09-10 19:25:08 p23440 登录点击重放完毕，等待进入场景…
09-10 19:25:08 p8296 播种成功 ✓
09-10 19:25:08 p8296 重放 member#2 登录点击 4 步…
09-10 19:25:08 p8380 → 新 PID=8296 播种/登录流程接管完成
09-10 19:25:09 p10220 检测到已登录 ✓
09-10 19:25:09 p10220 重登待命：等队长联动信号（队长未就位/未建队则不动）
09-10 19:25:09 p23440 检测到已登录 ✓
09-10 19:25:09 p23440 重登待命：等队长联动信号（队长未就位/未建队则不动）
09-10 19:25:09 p10220 收到队长联动 → 传送+申请归队
09-10 19:25:09 p23440 收到队长联动 → 传送+申请归队
09-10 19:25:11 [sat] 队长当前位置: (2640.0, 1660.0)（第1次传送后）
09-10 19:25:11 [sat] 走位点击 (540,240)（偏差 140,-60）——途中不点组队图标
09-10 19:25:16 [sat] 队长已就位: (2777.9728661908, 1600.8687716325)（目标 (2780.0, 1600.0)，±3 格容差）
09-10 19:25:16 p8296 登录点击重放完毕，等待进入场景…
09-10 19:25:17 p12792 任务脚本扫描未命中（第1次），下轮复验
09-10 19:25:17 [看门狗] 检测到缺员 0/5 → 打断抓鬼，启动补组队
09-10 19:25:17 [sat] p23004: 已点队长身体 (537,240)（第1次申请）
09-10 19:25:18 [sat] 队长准备: 传送 大唐官府 + 走位 [139,80]
09-10 19:25:18 [任务闸] 队长任务暂不启动：未到齐：p10220 p10220（掉线/未登录）、p8296 p8296（掉线/未登录）、p23440 p23440（掉线/未登录）、p23004 p23004（掉线/未登录）（队伍 0/5）——请先完成组队或确认队友在线
09-10 19:25:18 [sat] 队长已在锚点附近 (2777.9728661908, 1600.8687716325)，跳过传送直接就位
09-10 19:25:18 [看门狗] 队伍已散（0 人）→ 重新建队
09-10 19:25:19 p8296 检测到已登录 ✓
09-10 19:25:19 p8296 重登待命：等队长联动信号（队长p12792 未就位/未建队则不动）
09-10 19:25:19 p8296 收到队长联动 → 传送+申请归队
09-10 19:25:20 [sat] 建队第1次 脚底屏幕位 (417,292) → 身体点上移 50
09-10 19:25:20 [sat] p8296: 异图(江南野外≠队长大唐官府) 就地传送
09-10 19:25:22 [sat] p10220: 已点队长身体 (537,240)（第1次申请）
09-10 19:25:22 [sat] p23440: 已点队长身体 (537,240)（第1次申请）
09-10 19:25:23 [sat] 建队第1次 顶栏stats（应为 1）: ((1, 0, '二号美人'),)
09-10 19:25:24 [sat] 联动信号已发布: 队长 p12792 就位 (2778, 1601)（队员凭此行动）
09-10 19:25:26 [sat] 当前成员数: 1（目标 5）
09-10 19:25:30 [sat] p23004: 已点队长身体 (537,240)（第2次申请）
09-10 19:25:30 [sat] p8296: 已点队长身体 (537,240)（第1次申请）
09-10 19:25:31 [sat] p10220: 已在队伍中（顶栏 2 人 队长=二号美人）→ 跳过申请，不碰 UI
09-10 19:25:31 [sat] 当前成员数: 2（目标 5）
09-10 19:25:32 [sat] p23440: 已点队长身体 (537,240)（第2次申请）
09-10 19:25:33 p10220 已拉起任务脚本（队员·三号美人 gw=file://pzxy_p10220）
09-10 19:25:35 [sat] 当前成员数: 3（目标 5）
09-10 19:25:39 [sat] p23004: 已在队伍中（顶栏 4 人 队长=二号美人）→ 跳过申请，不碰 UI
09-10 19:25:40 [sat] p23440: 已在队伍中（顶栏 4 人 队长=二号美人）→ 跳过申请，不碰 UI
09-10 19:25:40 [sat] 当前成员数: 4（目标 5）
09-10 19:25:41 p23004 已拉起任务脚本（队员·一号美人 gw=file://pzxy_p23004）
09-10 19:25:41 [sat] p8296: 已点队长身体 (537,240)（第2次申请）
09-10 19:25:42 p23440 已拉起任务脚本（队员·这是猛男 gw=file://pzxy_p23440）
09-10 19:25:46 [sat] 当前成员数: 5（目标 5）
09-10 19:25:46 [看门狗] 补组批准结束: 5/5
09-10 19:25:49 [看门狗] 队伍满员 5/5，恢复抓鬼
09-10 19:25:49 p10220 任务脚本已在跑，跳过
09-10 19:25:49 p23440 任务脚本已在跑，跳过
09-10 19:25:50 [sat] p8296: 已在队伍中（顶栏 5 人 队长=二号美人）→ 跳过申请，不碰 UI
09-10 19:25:50 p23004 任务脚本已在跑，跳过
09-10 19:25:50 p12792 已拉起任务脚本（队长·二号美人 gw=file://pzxy_p12792）
09-10 19:25:52 p8296 已拉起任务脚本（队员·这是帅哥 gw=file://pzxy_p8296）
09-10 19:25:53 [sat] 阵法验证: 天覆阵/4
09-10 19:25:53 p10220 任务脚本已在跑，跳过
09-10 19:25:53 p8296 任务脚本已在跑，跳过
09-10 19:25:53 p23440 任务脚本已在跑，跳过
09-10 19:25:54 p23004 任务脚本已在跑，跳过
09-10 19:25:56 p12792 任务脚本已在跑，跳过
09-10 19:25:56 [看门狗] 满员，抓鬼已恢复 ✓
09-10 19:26:54 [看门狗] 心跳: 5/5
09-10 19:31:11 [看门狗] 心跳: 5/5
09-10 19:35:29 [看门狗] 心跳: 5/5
09-10 19:37:36 [看门狗] 心跳: 5/5
09-10 19:39:16 [内存] 已修剪 5 个游戏进程：3.4GB → 110.3MB（释放 3.3GB）
09-10 19:39:45 [看门狗] 心跳: 5/5
09-10 19:41:55 [看门狗] 心跳: 5/5
09-10 19:46:39 p12792 任务脚本扫描未命中（第1次），下轮复验
09-10 19:47:43 p12792 任务脚本已死（连续2轮未命中）→ 自动补拉
09-10 19:47:43 p12792 已拉起任务脚本（队长·二号美人 gw=file://pzxy_p12792）
09-10 19:48:15 [看门狗] 心跳: 5/5
09-10 19:50:22 [看门狗] 心跳: 5/5
09-10 19:52:28 [看门狗] 心跳: 5/5
09-10 19:54:34 [看门狗] 心跳: 5/5
09-10 19:56:41 [看门狗] 心跳: 5/5
09-10 19:58:47 [看门狗] 心跳: 5/5
09-10 20:00:55 [看门狗] 心跳: 5/5
09-10 20:05:09 [看门狗] 心跳: 5/5
09-10 20:07:18 [看门狗] 心跳: 5/5
09-10 20:09:16 [内存] 已修剪 5 个游戏进程：3.0GB → 176.2MB（释放 2.8GB）
09-10 20:13:39 [看门狗] 心跳: 5/5
09-10 20:17:55 [看门狗] 心跳: 5/5
09-10 20:20:01 [看门狗] 心跳: 5/5
09-10 20:26:21 [看门狗] 心跳: 5/5
09-10 20:30:33 [看门狗] 心跳: 5/5
09-10 20:32:40 [看门狗] 心跳: 5/5
09-10 20:33:12 p12792 任务脚本扫描未命中（第1次），下轮复验
09-10 20:34:16 p12792 任务脚本已死（连续2轮未命中）→ 自动补拉
09-10 20:34:16 p12792 已拉起任务脚本（队长·二号美人 gw=file://pzxy_p12792）
09-10 20:36:56 [看门狗] 心跳: 5/5
09-10 20:39:05 [看门狗] 心跳: 5/5
09-10 20:39:17 [内存] 已修剪 5 个游戏进程：3.1GB → 146.2MB（释放 2.9GB）
09-10 20:41:11 [看门狗] 心跳: 5/5
09-10 20:43:18 [看门狗] 心跳: 5/5
09-10 20:45:30 [看门狗] 心跳: 5/5
09-10 20:47:40 [看门狗] 心跳: 5/5
09-10 20:49:49 [看门狗] 心跳: 5/5
09-10 20:56:16 [看门狗] 心跳: 5/5
09-10 20:58:22 [看门狗] 心跳: 5/5
09-10 21:02:34 [看门狗] 心跳: 5/5
09-10 21:06:46 [看门狗] 心跳: 5/5
09-10 21:09:17 [内存] 已修剪 5 个游戏进程：3.0GB → 157.9MB（释放 2.8GB）
09-10 21:11:00 [看门狗] 心跳: 5/5
09-10 21:11:32 p12792 任务脚本扫描未命中（第1次），下轮复验
09-10 21:12:36 p12792 任务脚本已死（连续2轮未命中）→ 自动补拉
09-10 21:12:36 p12792 已拉起任务脚本（队长·二号美人 gw=file://pzxy_p12792）
09-10 21:17:21 [看门狗] 心跳: 5/5
09-10 21:21:39 [看门狗] 心跳: 5/5
09-10 21:23:47 [看门狗] 心跳: 5/5
09-10 21:25:54 [看门狗] 心跳: 5/5
09-10 21:28:07 [看门狗] 心跳: 5/5
09-10 21:30:15 [看门狗] 心跳: 5/5
09-10 21:30:59 p12792 掉线判定: 窗口/标题异常 → 重启闭环
09-10 21:30:59 p12792 旧游戏进程卡死，已强制结束
09-10 21:31:00 p12792 已重启为新进程 PID=12644，等待登录界面…
09-10 21:31:02 p12644 检测到登录界面，开始播种…
09-10 21:31:12 p12644 播种成功 ✓
09-10 21:31:12 p12644 重放 leader#1 登录点击 4 步…
09-10 21:31:12 p12792 → 新 PID=12644 播种/登录流程接管完成
09-10 21:31:18 [看门狗] 队长 PID 变更 12792 → 12644，跟随新通道
09-10 21:31:19 p12644 登录点击重放完毕，等待进入场景…
09-10 21:31:22 p12644 检测到已登录 ✓
09-10 21:31:22 [sat] 队长准备: 传送 大唐官府 + 走位 [139,80]
09-10 21:31:31 [sat] 队长当前位置: (2640.0, 1660.0)（第1次传送后）
09-10 21:31:31 [sat] 走位点击 (540,240)（偏差 140,-60）——途中不点组队图标
09-10 21:31:36 [sat] 队长已就位: (2777.816610928, 1600.9357381737)（目标 (2780.0, 1600.0)，±3 格容差）
09-10 21:31:38 [任务闸] 队长任务暂不启动：未到齐：p10220 p10220（在线但未入队）、p8296 p8296（在线但未入队）、p23440 p23440（在线但未入队）、p23004 p23004（在线但未入队）（队伍 0/5）——请先完成组队或确认队友在线
09-10 21:31:49 p12644 任务脚本扫描未命中（第1次），下轮复验
09-10 21:31:50 [看门狗] 检测到缺员 0/5 → 打断抓鬼，启动补组队
09-10 21:31:50 [sat] 队长准备: 传送 大唐官府 + 走位 [139,80]
09-10 21:31:50 [sat] 队长已在锚点附近 (2777.816610928, 1600.9357381737)，跳过传送直接就位
09-10 21:31:50 [看门狗] 队伍已散（0 人）→ 重新建队
09-10 21:31:52 [sat] 建队第1次 脚底屏幕位 (418,292) → 身体点上移 50
09-10 21:31:55 [sat] 建队第1次 顶栏stats（应为 1）: ((1, 0, '二号美人'),)
09-10 21:31:56 [sat] 联动信号已发布: 队长 p12644 就位 (2778, 1601)（队员凭此行动）
09-10 21:31:56 [看门狗] 4 名在线队员并行申请归队
09-10 21:31:57 [sat] p10220: 异图(大唐境外≠队长大唐官府) 就地传送
09-10 21:31:58 [sat] p23440: 异图(大唐境外≠队长大唐官府) 就地传送
09-10 21:31:59 [sat] p23004: 异图(大唐境外≠队长大唐官府) 就地传送
09-10 21:31:59 [sat] p8296: 异图(大唐境外≠队长大唐官府) 就地传送
09-10 21:32:09 [sat] p23004: 已点队长身体 (537,240)（第1次申请）
09-10 21:32:10 [sat] p23440: 已点队长身体 (537,240)（第1次申请）
09-10 21:32:10 [sat] p10220: 已点队长身体 (537,240)（第1次申请）
09-10 21:32:11 [sat] p8296: 已点队长身体 (537,240)（第1次申请）
09-10 21:32:20 [sat] p23004: 已点队长身体 (537,240)（第2次申请）
09-10 21:32:21 [sat] p10220: 已点队长身体 (537,240)（第2次申请）
09-10 21:32:21 [sat] p23440: 已点队长身体 (537,240)（第2次申请）
09-10 21:32:22 [看门狗] 心跳: 1/5
09-10 21:32:24 [sat] p8296: 已点队长身体 (537,240)（第2次申请）
09-10 21:32:31 [sat] p23004: 已点队长身体 (537,240)（第3次申请）
09-10 21:32:32 [sat] p10220: 已点队长身体 (537,240)（第3次申请）
09-10 21:32:34 [sat] p23440: 已点队长身体 (537,240)（第3次申请）
09-10 21:32:35 [sat] p8296: 已点队长身体 (537,240)（第3次申请）
09-10 21:32:39 [sat] p10220: 申请轮次结束（是否入队由队长批准裁决）
09-10 21:32:40 [sat] p23004: 申请轮次结束（是否入队由队长批准裁决）
09-10 21:32:42 [sat] p23440: 申请轮次结束（是否入队由队长批准裁决）
09-10 21:32:43 [sat] p8296: 申请轮次结束（是否入队由队长批准裁决）
09-10 21:32:46 [sat] 当前成员数: 1（目标 5）
09-10 21:32:51 [sat] 当前成员数: 2（目标 5）
09-10 21:32:56 [sat] 当前成员数: 3（目标 5）
09-10 21:33:01 [sat] 当前成员数: 4（目标 5）
09-10 21:33:06 [sat] 当前成员数: 5（目标 5）
09-10 21:33:06 [看门狗] 补组批准结束: 5/5
09-10 21:33:08 [看门狗] 队伍满员 5/5，恢复抓鬼
09-10 21:33:09 p10220 任务脚本已在跑，跳过
09-10 21:33:09 p8296 任务脚本已在跑，跳过
09-10 21:33:09 p23440 任务脚本已在跑，跳过
09-10 21:33:09 p23004 任务脚本已在跑，跳过
09-10 21:33:10 p12644 已拉起任务脚本（队长·二号美人 gw=file://pzxy_p12644）
09-10 21:33:13 [sat] 阵法验证: 天覆阵/4
09-10 21:33:13 p10220 任务脚本已在跑，跳过
09-10 21:33:14 p8296 任务脚本已在跑，跳过
09-10 21:33:14 p23440 任务脚本已在跑，跳过
09-10 21:33:14 p23004 任务脚本已在跑，跳过
09-10 21:33:16 p12644 任务脚本已在跑，跳过
09-10 21:33:16 [看门狗] 满员，抓鬼已恢复 ✓
09-10 21:34:30 [看门狗] 心跳: 5/5
09-10 21:36:39 [看门狗] 心跳: 5/5
09-10 21:38:50 [看门狗] 心跳: 5/5
09-10 21:39:18 [内存] 已修剪 5 个游戏进程：2.7GB → 214.9MB（释放 2.4GB）
09-10 21:40:59 [看门狗] 心跳: 5/5
09-10 21:43:07 [看门狗] 心跳: 5/5
09-10 21:45:14 [看门狗] 心跳: 5/5
09-10 21:47:23 [看门狗] 心跳: 5/5
09-10 21:48:55 p8296 掉线判定: 窗口/标题异常 → 重启闭环
09-10 21:48:56 p8296 旧游戏进程卡死，已强制结束
09-10 21:48:57 p8296 已重启为新进程 PID=14052，等待登录界面…
09-10 21:48:58 p14052 检测到登录界面，开始播种…
09-10 21:48:59 [看门狗] 检测到缺员 3/5 → 打断抓鬼，启动补组队
09-10 21:48:59 p23440 掉线判定: 窗口/标题异常 → 重启闭环
09-10 21:48:59 已打断 p12644 任务脚本（系统 PID 22560）
09-10 21:48:59 [sat] 队长准备: 传送 大唐官府 + 走位 [139,80]
09-10 21:49:00 p23440 旧游戏进程卡死，已强制结束
09-10 21:49:01 p23440 已重启为新进程 PID=6940，等待登录界面…
09-10 21:49:03 p6940 检测到登录界面，开始播种…
09-10 21:49:07 p14052 播种成功 ✓
09-10 21:49:07 p14052 重放 member#2 登录点击 4 步…
09-10 21:49:07 p8296 → 新 PID=14052 播种/登录流程接管完成
09-10 21:49:07 [sat] 队长当前位置: (2640.0, 1660.0)（第1次传送后）
09-10 21:49:08 [sat] 走位点击 (540,240)（偏差 140,-60）——途中不点组队图标
09-10 21:49:10 p6940 播种成功 ✓
09-10 21:49:10 p6940 重放 member#3 登录点击 4 步…
09-10 21:49:10 p23440 → 新 PID=6940 播种/登录流程接管完成
09-10 21:49:12 [sat] 队长已就位: (2777.6603553741, 1601.0027048397)（目标 (2780.0, 1600.0)，±3 格容差）
09-10 21:49:13 [sat] 联动信号已发布: 队长 p12644 就位 (2778, 1601)（队员凭此行动）
09-10 21:49:13 [看门狗] 2 名在线队员并行申请归队
09-10 21:49:13 [sat] p10220: 已在队伍中（顶栏 3 人 队长=二号美人）→ 跳过申请，不碰 UI
09-10 21:49:13 [sat] p23004: 已在队伍中（顶栏 3 人 队长=二号美人）→ 跳过申请，不碰 UI
09-10 21:49:15 [sat] 当前成员数: 3（目标 5）
09-10 21:49:15 p14052 登录点击重放完毕，等待进入场景…
09-10 21:49:16 p14052 检测到已登录 ✓
09-10 21:49:16 p14052 重登待命：等队长联动信号（队长p12644 未就位/未建队则不动）
09-10 21:49:16 p14052 收到队长联动 → 传送+申请归队
09-10 21:49:17 [sat] p14052: 异图(长安城≠队长大唐官府) 就地传送
09-10 21:49:17 p6940 登录点击重放完毕，等待进入场景…
09-10 21:49:18 p6940 检测到已登录 ✓
09-10 21:49:18 p6940 重登待命：等队长联动信号（队长p12644 未就位/未建队则不动）
09-10 21:49:18 p6940 收到队长联动 → 传送+申请归队
09-10 21:49:19 [sat] p6940: 异图(长安城≠队长大唐官府) 就地传送
09-10 21:49:28 [sat] p14052: 已点队长身体 (537,241)（第1次申请）
09-10 21:49:30 [sat] p6940: 已点队长身体 (537,241)（第1次申请）
09-10 21:49:30 [看门狗] 心跳: 3/5
09-10 21:49:41 [sat] p14052: 已点队长身体 (537,241)（第2次申请）
09-10 21:49:41 [sat] 当前成员数: 4（目标 5）
09-10 21:49:42 [sat] p6940: 已点队长身体 (537,241)（第2次申请）
09-10 21:49:46 [sat] 当前成员数: 5（目标 5）
09-10 21:49:46 [看门狗] 补组批准结束: 5/5
09-10 21:49:46 [看门狗] 队伍满员 5/5，恢复抓鬼
09-10 21:49:47 p10220 任务脚本已在跑，跳过
09-10 21:49:47 p23004 任务脚本已在跑，跳过
09-10 21:49:47 [任务闸] 队长任务暂不启动：未到齐：p14052 p14052（掉线/未登录）、p6940 p6940（掉线/未登录）（队伍 5/5）——请先完成组队或确认队友在线
09-10 21:49:47 [sat] p14052: 已在队伍中（顶栏 5 人 队长=二号美人）→ 跳过申请，不碰 UI
09-10 21:49:50 p14052 已拉起任务脚本（队员·这是帅哥 gw=file://pzxy_p14052）
09-10 21:49:51 [sat] p6940: 已在队伍中（顶栏 5 人 队长=二号美人）→ 跳过申请，不碰 UI
09-10 21:49:53 p6940 已拉起任务脚本（队员·这是猛男 gw=file://pzxy_p6940）
09-10 21:49:53 [sat] 阵法验证: 天覆阵/4
09-10 21:49:54 p10220 任务脚本已在跑，跳过
09-10 21:49:54 p14052 任务脚本已在跑，跳过
09-10 21:49:54 p6940 任务脚本已在跑，跳过
09-10 21:49:54 p23004 任务脚本已在跑，跳过
09-10 21:49:55 p12644 已拉起任务脚本（队长·二号美人 gw=file://pzxy_p12644）
09-10 21:49:55 [看门狗] 满员，抓鬼已恢复 ✓
09-10 21:50:42 [暂停] 自动化冻结：停任务脚本，看门狗/掉线闭环挂起（可人工接管）
09-10 21:50:42 已打断 p10220 任务脚本（系统 PID 4324）
09-10 21:50:42 已打断 p14052 任务脚本（系统 PID 6520）
09-10 21:50:43 已打断 p6940 任务脚本（系统 PID 8700）
09-10 21:50:43 已打断 p23004 任务脚本（系统 PID 11476）
09-10 21:50:44 已打断 p12644 任务脚本（系统 PID 7232）
09-10 21:50:44 [暂停] 完成：任务脚本已全部停止
09-10 22:09:18 [内存] 已修剪 5 个游戏进程：1.6GB → 93.8MB（释放 1.5GB）
09-10 22:39:18 [内存] 已修剪 5 个游戏进程：662.4MB → 84.4MB（释放 578.1MB）
09-10 22:43:56 squad_auto_team 日志已桥接到 GUI（组队内部步骤可见）
09-10 22:43:58 已启动队员进程 PID=16832，等待登录界面窗口…
09-10 22:43:59 已启动队员进程 PID=11120，等待登录界面窗口…
09-10 22:43:59 已启动队员进程 PID=23316，等待登录界面窗口…
09-10 22:44:00 已启动队员进程 PID=6176，等待登录界面窗口…
09-10 22:44:00 p11120 检测到登录界面，开始播种…
09-10 22:44:00 p16832 检测到登录界面，开始播种…
09-10 22:44:00 已启动队长进程 PID=12328，等待登录界面窗口…
09-10 22:44:01 p6176 检测到登录界面，开始播种…
09-10 22:44:01 p23316 检测到登录界面，开始播种…
09-10 22:44:02 p12328 检测到登录界面，开始播种…
09-10 22:44:06 p11120 播种成功 ✓
09-10 22:44:06 p11120 重放 member#2 登录点击 4 步…
09-10 22:44:07 p16832 播种成功 ✓
09-10 22:44:07 p16832 重放 member#1 登录点击 4 步…
09-10 22:44:07 p6176 播种成功 ✓
09-10 22:44:07 p6176 重放 member#4 登录点击 4 步…
09-10 22:44:08 p23316 播种成功 ✓
09-10 22:44:08 p23316 重放 member#3 登录点击 4 步…
09-10 22:44:09 p12328 播种成功 ✓
09-10 22:44:09 p12328 重放 leader#1 登录点击 4 步…
09-10 22:44:14 p11120 登录点击重放完毕，等待进入场景…
09-10 22:44:15 p6176 登录点击重放完毕，等待进入场景…
09-10 22:44:16 p16832 登录点击重放完毕，等待进入场景…
09-10 22:44:16 p12328 登录点击重放完毕，等待进入场景…
09-10 22:44:16 p23316 登录点击重放完毕，等待进入场景…
09-10 22:44:16 [卫生] 清理旧 IPC 文件 170 个，日志轮转 0 个
09-10 22:44:16 p16832 检测到已登录 ✓
09-10 22:44:16 p11120 检测到已登录 ✓
09-10 22:44:16 p23316 检测到已登录 ✓
09-10 22:44:16 p6176 检测到已登录 ✓
09-10 22:44:16 p12328 检测到已登录 ✓
09-10 22:44:26 [内存] 已修剪 5 个游戏进程：2.0GB → 52.4MB（释放 2.0GB）
09-10 22:45:04 [autoTeam] Lua 队伍读数 0/5 未满员 → 走组队流程
09-10 22:45:04 [autoTeam] 阶段1: 队长先行 传送+走位[139,80]
09-10 22:45:04 [sat] 队长准备: 传送 大唐官府 + 走位 [139,80]
09-10 22:45:14 [sat] 队长当前位置: (2640.0, 1660.0)（第1次传送后）
09-10 22:45:14 [sat] 走位点击 (540,240)（偏差 140,-60）——途中不点组队图标
09-10 22:45:19 [sat] 队长已就位: (2778.1291199984, 1600.801805715)（目标 (2780.0, 1600.0)，±3 格容差）
09-10 22:45:19 [autoTeam] 阶段2: 建队
09-10 22:45:21 [sat] 建队第1次 脚底屏幕位 (417,292) → 身体点上移 50
09-10 22:45:24 [sat] 建队第1次 顶栏stats（应为 1）: ((1, 0, '二号美人'),)
09-10 22:45:24 [sat] 联动信号已发布: 队长 p12328 就位 (2778, 1601)（队员凭此行动）
09-10 22:45:24 [autoTeam] 阶段3: 4 名队员并行传送+申请入队
09-10 22:45:26 [sat] p16832: 异图(长安城≠队长大唐官府) 就地传送
09-10 22:45:26 [sat] p11120: 异图(长安城≠队长大唐官府) 就地传送
09-10 22:45:26 [sat] p6176: 异图(长安城≠队长大唐官府) 就地传送
09-10 22:45:26 [sat] p23316: 异图(长安城≠队长大唐官府) 就地传送
09-10 22:45:38 [sat] p11120: 已点队长身体 (538,240)（第1次申请）
09-10 22:45:38 [sat] p16832: 已点队长身体 (538,240)（第1次申请）
09-10 22:45:38 [sat] p6176: 已点队长身体 (538,240)（第1次申请）
09-10 22:45:38 [sat] p23316: 已点队长身体 (538,240)（第1次申请）
09-10 22:45:49 [sat] p16832: 已点队长身体 (538,240)（第2次申请）
09-10 22:45:49 [sat] p11120: 已点队长身体 (538,240)（第2次申请）
09-10 22:45:49 [sat] p23316: 已点队长身体 (538,240)（第2次申请）
09-10 22:45:50 [sat] p6176: 已点队长身体 (538,240)（第2次申请）
09-10 22:45:56 [sat] p16832: 申请轮次结束（是否入队由队长批准裁决）
09-10 22:45:57 [sat] p11120: 申请轮次结束（是否入队由队长批准裁决）
09-10 22:45:58 [sat] p6176: 申请轮次结束（是否入队由队长批准裁决）
09-10 22:45:58 [sat] p23316: 申请轮次结束（是否入队由队长批准裁决）
09-10 22:45:58 [autoTeam] 阶段4: 队长批准申请
09-10 22:46:00 [sat] 当前成员数: 1（目标 5）
09-10 22:46:05 [sat] 当前成员数: 2（目标 5）
09-10 22:46:10 [sat] 当前成员数: 3（目标 5）
09-10 22:46:15 [sat] 当前成员数: 4（目标 5）
09-10 22:46:20 [sat] 当前成员数: 5（目标 5）
09-10 22:46:20 [autoTeam] 批准结束: 成员=5/目标=5
09-10 22:46:27 [sat] 阵法验证: 天覆阵/4
09-10 22:46:27 [autoTeam] 天覆阵完成 ✓
09-10 22:46:27 p16832 已拉起任务脚本（队员·三号美人 gw=file://pzxy_p16832）
09-10 22:46:27 p11120 已拉起任务脚本（队员·这是帅哥 gw=file://pzxy_p11120）
09-10 22:46:28 p23316 已拉起任务脚本（队员·这是猛男 gw=file://pzxy_p23316）
09-10 22:46:28 p6176 已拉起任务脚本（队员·一号美人 gw=file://pzxy_p6176）
09-10 22:46:28 p12328 已拉起任务脚本（队长·二号美人 gw=file://pzxy_p12328）
09-10 22:46:28 [autoTeam] 组队+任务脚本启动完成
09-10 22:46:28 [看门狗] 启动（目标 5 人，每 15s 判定）
09-10 22:46:35 [暂停] 自动化冻结：停任务脚本，看门狗/掉线闭环挂起（可人工接管）
09-10 22:46:36 已打断 p16832 任务脚本（系统 PID 22240）
09-10 22:46:36 已打断 p11120 任务脚本（系统 PID 25348）
09-10 22:46:36 已打断 p23316 任务脚本（系统 PID 5468）
09-10 22:46:37 已打断 p6176 任务脚本（系统 PID 23404）
09-10 22:46:37 已打断 p12328 任务脚本（系统 PID 23660）
09-10 22:46:37 [暂停] 完成：任务脚本已全部停止
09-10 23:02:45 squad_auto_team 日志已桥接到 GUI（组队内部步骤可见）
09-10 23:02:52 已启动队员进程 PID=24108，等待登录界面窗口…
09-10 23:02:53 已启动队员进程 PID=22492，等待登录界面窗口…
09-10 23:02:53 已启动队员进程 PID=25956，等待登录界面窗口…
09-10 23:02:54 已启动队员进程 PID=22292，等待登录界面窗口…
09-10 23:02:54 p25956 检测到登录界面，开始播种…
09-10 23:02:54 已启动队长进程 PID=13524，等待登录界面窗口…
09-10 23:02:54 p24108 检测到登录界面，开始播种…
09-10 23:02:55 p22492 检测到登录界面，开始播种…
09-10 23:02:56 p22292 检测到登录界面，开始播种…
09-10 23:02:56 p13524 检测到登录界面，开始播种…
09-10 23:03:02 p24108 播种成功 ✓
09-10 23:03:02 p24108 重放 member#1 登录点击 4 步…
09-10 23:03:02 p25956 播种成功 ✓
09-10 23:03:02 p25956 重放 member#3 登录点击 4 步…
09-10 23:03:04 p22492 播种成功 ✓
09-10 23:03:04 p22492 重放 member#2 登录点击 4 步…
09-10 23:03:05 [卫生] 清理旧 IPC 文件 18 个，日志轮转 0 个
09-10 23:03:07 p22292 播种成功 ✓
09-10 23:03:07 p22292 重放 member#4 登录点击 4 步…
09-10 23:03:08 p13524 播种成功 ✓
09-10 23:03:08 p13524 重放 leader#1 登录点击 4 步…
09-10 23:03:10 p25956 登录点击重放完毕，等待进入场景…
09-10 23:03:11 p24108 登录点击重放完毕，等待进入场景…
09-10 23:03:11 p25956 检测到已登录 ✓
09-10 23:03:12 p22492 登录点击重放完毕，等待进入场景…
09-10 23:03:13 p24108 检测到已登录 ✓
09-10 23:03:13 p22492 检测到已登录 ✓
09-10 23:03:14 p13524 登录点击重放完毕，等待进入场景…
09-10 23:03:16 [内存] 已修剪 5 个游戏进程：2.0GB → 59.2MB（释放 1.9GB）
09-10 23:03:16 p22292 登录点击重放完毕，等待进入场景…
09-10 23:03:16 p13524 检测到已登录 ✓
09-10 23:03:18 p22292 检测到已登录 ✓
09-10 23:03:20 [autoTeam] Lua 队伍读数 0/5 未满员 → 走组队流程
09-10 23:03:20 [autoTeam] 阶段1: 队长先行 传送+走位[139,80]
09-10 23:03:20 [sat] 队长准备: 传送 大唐官府 + 走位 [139,80]
09-10 23:03:30 [sat] 队长当前位置: (2640.0, 1660.0)（第1次传送后）
09-10 23:03:30 [sat] 走位点击 (540,240)（偏差 140,-60）——途中不点组队图标
09-10 23:03:35 [sat] 队长已就位: (2777.5041021487, 1601.0696705077)（目标 (2780.0, 1600.0)，±3 格容差）
09-10 23:03:35 [autoTeam] 阶段2: 建队
09-10 23:03:36 [sat] 建队第1次 脚底屏幕位 (418,292) → 身体点上移 40
09-10 23:03:40 [sat] 建队第1次 顶栏stats（应为 1）: ((1, 0, '二号美人'),)
09-10 23:03:40 [sat] 联动信号已发布: 队长 p13524 就位 (2778, 1601)（队员凭此行动）
09-10 23:03:40 [autoTeam] 阶段3: 4 名队员并行传送+申请入队
09-10 23:03:42 [sat] p24108: 异图(长安城≠队长大唐官府) 就地传送
09-10 23:03:42 [sat] p22292: 异图(长安城≠队长大唐官府) 就地传送
09-10 23:03:42 [sat] p22492: 异图(长安城≠队长大唐官府) 就地传送
09-10 23:03:42 [sat] p25956: 异图(长安城≠队长大唐官府) 就地传送
09-10 23:03:54 [sat] p25956: 已点队长身体 (537,241)（第1次申请）
09-10 23:03:55 [sat] p22292: 已点队长身体 (537,241)（第1次申请）
09-10 23:03:55 [sat] p24108: 已点队长身体 (537,241)（第1次申请）
09-10 23:03:55 [sat] p22492: 已点队长身体 (537,241)（第1次申请）
09-10 23:04:05 [sat] p22292: 已点队长身体 (537,241)（第2次申请）
09-10 23:04:08 [sat] p24108: 已点队长身体 (537,241)（第2次申请）
09-10 23:04:08 [sat] p22492: 已点队长身体 (537,241)（第2次申请）
09-10 23:04:08 [sat] p25956: 已点队长身体 (537,241)（第2次申请）
09-10 23:04:13 [sat] p22292: 申请轮次结束（是否入队由队长批准裁决）
09-10 23:04:16 [sat] p24108: 申请轮次结束（是否入队由队长批准裁决）
09-10 23:04:16 [sat] p22492: 申请轮次结束（是否入队由队长批准裁决）
09-10 23:04:16 [sat] p25956: 申请轮次结束（是否入队由队长批准裁决）
09-10 23:04:16 [autoTeam] 阶段4: 队长批准申请
09-10 23:04:18 [sat] 当前成员数: 1（目标 5）
09-10 23:04:23 [sat] 当前成员数: 2（目标 5）
09-10 23:04:28 [sat] 当前成员数: 3（目标 5）
09-10 23:04:33 [sat] 当前成员数: 4（目标 5）
09-10 23:04:37 [sat] 当前成员数: 5（目标 5）
09-10 23:04:37 [autoTeam] 批准结束: 成员=5/目标=5
09-10 23:04:44 [sat] 阵法验证: 天覆阵/4
09-10 23:04:44 [autoTeam] 天覆阵完成 ✓
09-10 23:04:45 p24108 已拉起任务脚本（队员·三号美人 gw=file://pzxy_p24108）
09-10 23:04:45 p22492 已拉起任务脚本（队员·这是帅哥 gw=file://pzxy_p22492）
09-10 23:04:46 p25956 已拉起任务脚本（队员·这是猛男 gw=file://pzxy_p25956）
09-10 23:04:46 p22292 已拉起任务脚本（队员·一号美人 gw=file://pzxy_p22292）
09-10 23:04:46 p13524 已拉起任务脚本（队长·二号美人 gw=file://pzxy_p13524）
09-10 23:04:46 [autoTeam] 组队+任务脚本启动完成
09-10 23:04:46 [看门狗] 启动（目标 5 人，每 15s 判定）
09-10 23:06:54 [看门狗] 心跳: 5/5
09-10 23:09:13 p22492 tp 状态消失（worker存活）→ 宽限75s 等待自愈/重连，期间不杀
09-10 23:09:15 p24108 tp 状态消失（worker存活）→ 宽限75s 等待自愈/重连，期间不杀
09-10 23:09:15 p13524 tp 状态消失（worker存活）→ 宽限75s 等待自愈/重连，期间不杀
09-10 23:09:17 p22292 tp 状态消失（worker存活）→ 宽限75s 等待自愈/重连，期间不杀
09-10 23:09:20 p25956 tp 状态消失（worker存活）→ 宽限75s 等待自愈/重连，期间不杀
09-10 23:10:09 [看门狗] 队伍数据连续读不到（20 轮），检查通道/面板
09-10 23:10:32 p22492 tp 持续 nil 超 75s（worker存活）→ 状态确认丢失，杀游戏重启闭环
09-10 23:10:32 p22492 旧游戏进程卡死，已强制结束
09-10 23:10:33 p22492 已重启为新进程 PID=12260，等待登录界面…
09-10 23:10:34 p24108 tp 持续 nil 超 75s（worker存活）→ 状态确认丢失，杀游戏重启闭环
09-10 23:10:34 p12260 检测到登录界面，开始播种…
09-10 23:10:34 p24108 旧游戏进程卡死，已强制结束
09-10 23:10:35 p24108 已重启为新进程 PID=23800，等待登录界面…
09-10 23:10:36 p25956 tp 持续 nil 超 75s（worker存活）→ 状态确认丢失，杀游戏重启闭环
09-10 23:10:36 p23800 检测到登录界面，开始播种…
09-10 23:10:36 p25956 旧游戏进程卡死，已强制结束
09-10 23:10:37 p25956 已重启为新进程 PID=3720，等待登录界面…
09-10 23:10:38 p13524 tp 持续 nil 超 75s（worker存活）→ 状态确认丢失，杀游戏重启闭环
09-10 23:10:38 p13524 旧游戏进程卡死，已强制结束
09-10 23:10:39 p13524 已重启为新进程 PID=10084，等待登录界面…
09-10 23:10:39 p3720 检测到登录界面，开始播种…
09-10 23:10:41 p12260 播种成功 ✓
09-10 23:10:41 p12260 重放 member#2 登录点击 4 步…
09-10 23:10:41 p22492 → 新 PID=12260 播种/登录流程接管完成
09-10 23:10:41 p10084 检测到登录界面，开始播种…
09-10 23:10:43 p23800 播种成功 ✓
09-10 23:10:43 p24108 → 新 PID=23800 播种/登录流程接管完成
09-10 23:10:43 p23800 重放 member#1 登录点击 4 步…
09-10 23:10:46 p3720 播种成功 ✓
09-10 23:10:46 p3720 重放 member#3 登录点击 4 步…
09-10 23:10:46 p25956 → 新 PID=3720 播种/登录流程接管完成
09-10 23:10:46 p22292 tp 持续 nil 超 75s（worker存活）→ 状态确认丢失，杀游戏重启闭环
09-10 23:10:46 p22292 旧游戏进程卡死，已强制结束
09-10 23:10:47 p22292 已重启为新进程 PID=13772，等待登录界面…
09-10 23:10:48 p10084 播种成功 ✓
09-10 23:10:48 p10084 重放 leader#1 登录点击 4 步…
09-10 23:10:48 p13524 → 新 PID=10084 播种/登录流程接管完成
09-10 23:10:49 p12260 登录点击重放完毕，等待进入场景…
09-10 23:10:49 p13772 检测到登录界面，开始播种…
09-10 23:10:50 p12260 检测到已登录 ✓
09-10 23:10:50 p12260 重登待命：等队长联动信号（队长未就位/未建队则不动）
09-10 23:10:50 p12260 收到队长联动 → 传送+申请归队
09-10 23:10:51 p23800 登录点击重放完毕，等待进入场景…
09-10 23:10:52 p23800 检测到已登录 ✓
09-10 23:10:52 p23800 重登待命：等队长联动信号（队长未就位/未建队则不动）
09-10 23:10:52 p23800 收到队长联动 → 传送+申请归队
09-10 23:10:54 p3720 登录点击重放完毕，等待进入场景…
09-10 23:10:54 p3720 检测到已登录 ✓
09-10 23:10:54 p3720 重登待命：等队长联动信号（队长未就位/未建队则不动）
09-10 23:10:54 p3720 收到队长联动 → 传送+申请归队
09-10 23:10:54 p10084 登录点击重放完毕，等待进入场景…
09-10 23:10:54 [看门狗] 队长 PID 变更 13524 → 10084，跟随新通道
09-10 23:10:56 p13772 播种成功 ✓
09-10 23:10:56 p22292 → 新 PID=13772 播种/登录流程接管完成
09-10 23:10:56 p13772 重放 member#4 登录点击 4 步…
09-10 23:10:56 p10084 检测到已登录 ✓
09-10 23:10:56 [sat] 队长准备: 传送 大唐官府 + 走位 [139,80]
09-10 23:11:01 [sat] p12260: 已点队长身体 (537,241)（第1次申请）
09-10 23:11:04 [sat] p23800: 已点队长身体 (537,241)（第1次申请）
09-10 23:11:04 p13772 登录点击重放完毕，等待进入场景…
09-10 23:11:05 [sat] p3720: 已点队长身体 (537,241)（第1次申请）
09-10 23:11:06 [sat] 队长当前位置: (2640.0, 1660.0)（第1次传送后）
09-10 23:11:06 [sat] 走位点击 (540,240)（偏差 140,-60）——途中不点组队图标
09-10 23:11:06 p13772 检测到已登录 ✓
09-10 23:11:06 p13772 重登待命：等队长联动信号（队长未就位/未建队则不动）
09-10 23:11:06 p13772 收到队长联动 → 传送+申请归队
09-10 23:11:10 [sat] 队长已就位: (2777.5041009845, 1601.0696710067)（目标 (2780.0, 1600.0)，±3 格容差）
09-10 23:11:11 [sat] p12260: 已点队长身体 (419,330)（第2次申请）
09-10 23:11:13 [任务闸] 队长任务暂不启动：未到齐：p23800 p23800（掉线/未登录）、p12260 p12260（掉线/未登录）、p3720 p3720（掉线/未登录）、p13772 p13772（掉线/未登录）（队伍 0/5）——请先完成组队或确认队友在线
09-10 23:11:14 [sat] p23800: 已点队长身体 (418,328)（第2次申请）
09-10 23:11:16 [sat] p3720: 已点队长身体 (417,327)（第2次申请）
09-10 23:11:17 [sat] p13772: 已点队长身体 (537,241)（第1次申请）
09-10 23:11:24 [sat] p12260: 已点队长身体 (419,330)（第3次申请）
09-10 23:11:25 [sat] p23800: 已点队长身体 (418,328)（第3次申请）
09-10 23:11:25 [看门狗] 检测到缺员 0/5 → 打断抓鬼，启动补组队
09-10 23:11:25 [sat] 队长准备: 传送 大唐官府 + 走位 [139,80]
09-10 23:11:26 [sat] 队长已在锚点附近 (2777.5041009845, 1601.0696710067)，跳过传送直接就位
09-10 23:11:26 [看门狗] 队伍已散（0 人）→ 重新建队
09-10 23:11:26 [sat] p3720: 已点队长身体 (417,327)（第3次申请）
09-10 23:11:27 [sat] 建队第1次 脚底屏幕位 (418,292) → 身体点上移 40
09-10 23:11:30 [sat] p13772: 已点队长身体 (537,241)（第2次申请）
09-10 23:11:30 [sat] p12260: 申请轮次结束（是否入队由队长批准裁决）
09-10 23:11:31 [sat] 建队第1次 顶栏stats（应为 1）: ((1, 0, '二号美人'),)
09-10 23:11:31 [sat] 联动信号已发布: 队长 p10084 就位 (2778, 1601)（队员凭此行动）
09-10 23:11:31 [看门狗] 1 名在线队员并行申请归队
09-10 23:11:32 [sat] p12260: 已与队长同图(大唐官府)，直接申请
09-10 23:11:32 p12260 已拉起任务脚本（队员·这是帅哥 gw=file://pzxy_p12260）
09-10 23:11:33 [sat] p23800: 申请轮次结束（是否入队由队长批准裁决）
09-10 23:11:33 [sat] p3720: 申请轮次结束（是否入队由队长批准裁决）
09-10 23:11:35 p23800 已拉起任务脚本（队员·三号美人 gw=file://pzxy_p23800）
09-10 23:11:35 [sat] p12260: 已点队长身体 (419,330)（第1次申请）
09-10 23:11:36 p3720 已拉起任务脚本（队员·这是猛男 gw=file://pzxy_p3720）
09-10 23:11:38 组队/补组流程进行中，等本轮结束再暂停
09-10 23:29:48 squad_auto_team 日志已桥接到 GUI（组队内部步骤可见）
09-10 23:29:51 已启动队员进程 PID=26212，等待登录界面窗口…
09-10 23:29:51 已启动队员进程 PID=5128，等待登录界面窗口…
09-10 23:29:52 已启动队员进程 PID=20904，等待登录界面窗口…
09-10 23:29:52 p5128 检测到登录界面，开始播种…
09-10 23:29:52 已启动队员进程 PID=3860，等待登录界面窗口…
09-10 23:29:53 p26212 检测到登录界面，开始播种…
09-10 23:29:53 已启动队长进程 PID=7224，等待登录界面窗口…
09-10 23:29:53 p3860 检测到登录界面，开始播种…
09-10 23:29:54 p20904 检测到登录界面，开始播种…
09-10 23:29:54 p7224 检测到登录界面，开始播种…
09-10 23:29:59 p5128 播种成功 ✓
09-10 23:29:59 p5128 重放 member#2 登录点击 4 步…
09-10 23:29:59 p26212 播种成功 ✓
09-10 23:29:59 p26212 重放 member#1 登录点击 4 步…
09-10 23:30:00 p3860 播种成功 ✓
09-10 23:30:00 p3860 重放 member#4 登录点击 4 步…
09-10 23:30:00 p20904 播种成功 ✓
09-10 23:30:00 p20904 重放 member#3 登录点击 4 步…
09-10 23:30:00 p7224 播种成功 ✓
09-10 23:30:00 p7224 重放 leader#1 登录点击 4 步…
09-10 23:30:07 p5128 登录点击重放完毕，等待进入场景…
09-10 23:30:07 p7224 登录点击重放完毕，等待进入场景…
09-10 23:30:08 p3860 登录点击重放完毕，等待进入场景…
09-10 23:30:08 p26212 登录点击重放完毕，等待进入场景…
09-10 23:30:08 p20904 登录点击重放完毕，等待进入场景…
09-10 23:30:08 [卫生] 清理旧 IPC 文件 33 个，日志轮转 0 个
09-10 23:30:09 p5128 检测到已登录 ✓
09-10 23:30:09 p3860 检测到已登录 ✓
09-10 23:30:09 p7224 检测到已登录 ✓
09-10 23:30:11 p26212 检测到已登录 ✓
09-10 23:30:11 p20904 检测到已登录 ✓
09-10 23:30:15 [autoTeam] Lua 队伍读数 0/5 未满员 → 走组队流程
09-10 23:30:15 [autoTeam] 阶段1: 队长先行 传送+走位[139,80]
09-10 23:30:15 [sat] 队长准备: 传送 大唐官府 + 走位 [139,80]
09-10 23:30:15 [sat] 队长已在锚点附近 (2777.0, 1558.0)，跳过传送直接就位
09-10 23:30:15 [autoTeam] 阶段2: 建队
09-10 23:30:16 [sat] 建队第1次 脚底屏幕位 (400,300) → 身体点上移 40
09-10 23:30:19 [内存] 已修剪 5 个游戏进程：1.5GB → 36.6MB（释放 1.5GB）
09-10 23:30:20 [sat] 建队第1次 顶栏stats（应为 1）: ((1, 0, '二号美人'),)
09-10 23:30:20 [sat] 联动信号已发布: 队长 p7224 就位 (2777, 1558)（队员凭此行动）
09-10 23:30:20 [autoTeam] 阶段3: 4 名队员并行传送+申请入队
09-10 23:30:34 [sat] p20904: 已点队长身体 (537,198)（第1次申请）
09-10 23:30:34 [sat] p26212: 已点队长身体 (537,198)（第1次申请）
09-10 23:30:34 [sat] p3860: 已点队长身体 (537,198)（第1次申请）
09-10 23:30:35 [sat] p5128: 已点队长身体 (537,198)（第1次申请）
09-10 23:30:45 [sat] p20904: 已点队长身体 (537,198)（第2次申请）
09-10 23:30:45 [sat] p5128: 已点队长身体 (537,198)（第2次申请）
09-10 23:30:46 [sat] p26212: 已点队长身体 (537,198)（第2次申请）
09-10 23:30:47 [sat] p3860: 已点队长身体 (537,198)（第2次申请）
09-10 23:30:52 [sat] p20904: 申请轮次结束（是否入队由队长批准裁决）
09-10 23:30:53 [sat] p26212: 申请轮次结束（是否入队由队长批准裁决）
09-10 23:30:53 [sat] p5128: 申请轮次结束（是否入队由队长批准裁决）
09-10 23:30:54 [sat] p3860: 申请轮次结束（是否入队由队长批准裁决）
09-10 23:30:54 [autoTeam] 阶段4: 队长批准申请
09-10 23:30:56 [sat] 当前成员数: 1（目标 5）
09-10 23:31:01 [sat] 当前成员数: 2（目标 5）
09-10 23:31:05 [sat] 当前成员数: 3（目标 5）
09-10 23:31:10 [sat] 当前成员数: 4（目标 5）
09-10 23:31:15 [sat] 当前成员数: 5（目标 5）
09-10 23:31:15 [autoTeam] 批准结束: 成员=5/目标=5
09-10 23:31:22 [sat] 阵法验证: 天覆阵/4
09-10 23:31:24 [sat] 已点挂件位 (677,584)/(24,566)/(20,57) 清理可能遮挡的 UI（队长会话首次）
09-10 23:31:24 [autoTeam] 天覆阵完成 ✓
09-10 23:31:25 p26212 已拉起任务脚本（队员·三号美人 gw=file://pzxy_p26212）
09-10 23:31:25 p5128 已拉起任务脚本（队员·这是帅哥 gw=file://pzxy_p5128）
09-10 23:31:25 p20904 已拉起任务脚本（队员·这是猛男 gw=file://pzxy_p20904）
09-10 23:31:26 p3860 已拉起任务脚本（队员·一号美人 gw=file://pzxy_p3860）
09-10 23:31:26 p7224 已拉起任务脚本（队长·二号美人 gw=file://pzxy_p7224）
09-10 23:31:26 [autoTeam] 组队+任务脚本启动完成
09-10 23:31:26 [看门狗] 启动（目标 5 人，每 15s 判定）
09-10 23:31:26 已清理残留任务脚本（绑定死 PID 12260，系统 PID 22800）
09-10 23:31:26 已清理残留任务脚本（绑定死 PID 23800，系统 PID 18732）
09-10 23:31:27 已清理残留任务脚本（绑定死 PID 3720，系统 PID 26116）
09-10 23:33:35 [看门狗] 心跳: 5/5
09-10 23:35:41 p5128 tp 状态消失（worker存活）→ 宽限75s 等待自愈/重连，期间不杀
09-10 23:35:43 p26212 tp 状态消失（worker存活）→ 宽限75s 等待自愈/重连，期间不杀
09-10 23:35:43 p7224 tp 状态消失（worker存活）→ 宽限75s 等待自愈/重连，期间不杀
09-10 23:35:44 [看门狗] 队伍数据连续读不到（16 轮），检查通道/面板
09-10 23:35:45 p3860 tp 状态消失（worker存活）→ 宽限75s 等待自愈/重连，期间不杀
09-10 23:35:48 p20904 tp 状态消失（worker存活）→ 宽限75s 等待自愈/重连，期间不杀
09-10 23:36:49 [看门狗] 队伍数据连续读不到（20 轮），检查通道/面板
09-10 23:37:01 p5128 tp 持续 nil 超 75s（worker存活）→ 状态确认丢失，杀游戏重启闭环
09-10 23:37:01 p5128 旧游戏进程卡死，已强制结束
09-10 23:37:02 p5128 已重启为新进程 PID=7968，等待登录界面…
09-10 23:37:03 p26212 tp 持续 nil 超 75s（worker存活）→ 状态确认丢失，杀游戏重启闭环
09-10 23:37:04 p26212 旧游戏进程卡死，已强制结束
09-10 23:37:05 p7968 检测到登录界面，开始播种…
09-10 23:37:05 p26212 已重启为新进程 PID=12176，等待登录界面…
09-10 23:37:05 p20904 tp 持续 nil 超 75s（worker存活）→ 状态确认丢失，杀游戏重启闭环
09-10 23:37:06 p20904 旧游戏进程卡死，已强制结束
09-10 23:37:07 p12176 检测到登录界面，开始播种…
09-10 23:37:07 p20904 已重启为新进程 PID=21416，等待登录界面…
09-10 23:37:08 p7224 tp 持续 nil 超 75s（worker存活）→ 状态确认丢失，杀游戏重启闭环
09-10 23:37:08 [sat] 联动信号已撤销（队长掉线/重启）
09-10 23:37:08 p7224 旧游戏进程卡死，已强制结束
09-10 23:37:09 p21416 检测到登录界面，开始播种…
09-10 23:37:09 p7224 已重启为新进程 PID=24628，等待登录界面…
09-10 23:37:10 p24628 检测到登录界面，开始播种…
09-10 23:37:11 p7968 播种成功 ✓
09-10 23:37:11 p5128 → 新 PID=7968 播种/登录流程接管完成
09-10 23:37:11 p7968 重放 member#2 登录点击 4 步…
09-10 23:37:13 p12176 播种成功 ✓
09-10 23:37:13 p12176 重放 member#1 登录点击 4 步…
09-10 23:37:13 p26212 → 新 PID=12176 播种/登录流程接管完成
09-10 23:37:15 p21416 播种成功 ✓
09-10 23:37:15 p21416 重放 member#3 登录点击 4 步…
09-10 23:37:15 p20904 → 新 PID=21416 播种/登录流程接管完成
09-10 23:37:16 p3860 tp 持续 nil 超 75s（worker存活）→ 状态确认丢失，杀游戏重启闭环
09-10 23:37:16 p3860 旧游戏进程卡死，已强制结束
09-10 23:37:17 p3860 已重启为新进程 PID=25976，等待登录界面…
09-10 23:37:17 p24628 播种成功 ✓
09-10 23:37:17 p24628 重放 leader#1 登录点击 4 步…
09-10 23:37:17 p7224 → 新 PID=24628 播种/登录流程接管完成
09-10 23:37:18 p25976 检测到登录界面，开始播种…
09-10 23:37:19 [看门狗] 队长 PID 变更 7224 → 24628，跟随新通道
09-10 23:37:20 p7968 登录点击重放完毕，等待进入场景…
09-10 23:37:22 p12176 登录点击重放完毕，等待进入场景…
09-10 23:37:22 p7968 检测到已登录 ✓
09-10 23:37:22 p7968 重登待命：等队长联动信号（队长未就位/未建队则不动）
09-10 23:37:23 p21416 登录点击重放完毕，等待进入场景…
09-10 23:37:24 p12176 检测到已登录 ✓
09-10 23:37:24 p12176 重登待命：等队长联动信号（队长未就位/未建队则不动）
09-10 23:37:24 p24628 登录点击重放完毕，等待进入场景…
09-10 23:37:25 p25976 播种成功 ✓
09-10 23:37:25 p3860 → 新 PID=25976 播种/登录流程接管完成
09-10 23:37:25 p25976 重放 member#4 登录点击 4 步…
09-10 23:37:26 p21416 检测到已登录 ✓
09-10 23:37:26 p21416 重登待命：等队长联动信号（队长未就位/未建队则不动）
09-10 23:37:26 p24628 检测到已登录 ✓
09-10 23:37:26 [sat] 队长准备: 传送 大唐官府 + 走位 [139,80]
09-10 23:37:33 p25976 登录点击重放完毕，等待进入场景…
09-10 23:37:36 p25976 检测到已登录 ✓
09-10 23:37:36 p25976 重登待命：等队长联动信号（队长未就位/未建队则不动）
09-10 23:37:36 [sat] 队长当前位置: (2640.0, 1660.0)（第1次传送后）
09-10 23:37:36 [sat] 走位点击 (540,240)（偏差 140,-60）——途中不点组队图标
09-10 23:37:41 [sat] 队长已就位: (2777.816611219, 1600.935738049)（目标 (2780.0, 1600.0)，±3 格容差）
09-10 23:37:43 [任务闸] 队长任务暂不启动：未到齐：p12176 p12176（掉线/未登录）、p7968 p7968（掉线/未登录）、p21416 p21416（掉线/未登录）、p25976 p25976（掉线/未登录）（队伍 0/5）——请先完成组队或确认队友在线
09-10 23:37:50 [看门狗] 心跳: 0/5
09-10 23:37:50 [看门狗] 检测到缺员 0/5 → 打断抓鬼，启动补组队
09-10 23:37:51 [sat] 队长准备: 传送 大唐官府 + 走位 [139,80]
09-10 23:37:51 [sat] 队长已在锚点附近 (2777.816611219, 1600.935738049)，跳过传送直接就位
09-10 23:37:51 [看门狗] 队伍已散（0 人）→ 重新建队
09-10 23:37:52 [sat] 建队第1次 脚底屏幕位 (418,292) → 身体点上移 40
09-10 23:37:56 [sat] 建队第1次 顶栏stats（应为 1）: ((1, 0, '二号美人'),)
09-10 23:37:56 [sat] 联动信号已发布: 队长 p24628 就位 (2778, 1601)（队员凭此行动）
09-10 23:37:59 [sat] 当前成员数: 1（目标 5）
09-10 23:38:02 p7968 队长已就位 [139,80] 且建队成功 → 传送+申请归队
09-10 23:38:03 [sat] p7968: 异图(江南野外≠队长大唐官府) 就地传送
09-10 23:38:04 p12176 队长已就位 [139,80] 且建队成功 → 传送+申请归队
09-10 23:38:05 [sat] p12176: 异图(江南野外≠队长大唐官府) 就地传送
09-10 23:38:06 p21416 队长已就位 [139,80] 且建队成功 → 传送+申请归队
09-10 23:38:07 [sat] p21416: 异图(江南野外≠队长大唐官府) 就地传送
09-10 23:38:15 [sat] p7968: 已点队长身体 (537,240)（第1次申请）
09-10 23:38:16 [sat] p12176: 已点队长身体 (537,240)（第1次申请）
09-10 23:38:16 p25976 队长已就位 [139,80] 且建队成功 → 传送+申请归队
09-10 23:38:17 [sat] p25976: 异图(江南野外≠队长大唐官府) 就地传送
09-10 23:38:18 [sat] p21416: 已点队长身体 (537,240)（第1次申请）
09-10 23:38:23 [sat] p7968: 已在队伍中（顶栏 2 人 队长=二号美人）→ 跳过申请，不碰 UI
09-10 23:38:25 [sat] 当前成员数: 2（目标 5）
09-10 23:38:25 p7968 已拉起任务脚本（队员·这是帅哥 gw=file://pzxy_p7968）
09-10 23:38:28 [sat] p25976: 已点队长身体 (537,240)（第1次申请）
09-10 23:38:29 [sat] p12176: 已点队长身体 (537,240)（第2次申请）
09-10 23:38:29 [sat] 当前成员数: 3（目标 5）
09-10 23:38:30 [sat] p21416: 已点队长身体 (537,240)（第2次申请）
09-10 23:38:34 [sat] 当前成员数: 4（目标 5）
09-10 23:38:36 [sat] p12176: 已在队伍中（顶栏 4 人 队长=二号美人）→ 跳过申请，不碰 UI
09-10 23:38:38 [看门狗] 队伍满员 5/5，恢复抓鬼
09-10 23:38:38 [sat] p21416: 已在队伍中（顶栏 5 人 队长=二号美人）→ 跳过申请，不碰 UI
09-10 23:38:38 p12176 已拉起任务脚本（队员·三号美人 gw=file://pzxy_p12176）
09-10 23:38:38 p7968 任务脚本已在跑，跳过
09-10 23:38:38 p12176 任务脚本已在跑，跳过
09-10 23:38:39 [任务闸] 队长任务暂不启动：未到齐：p25976 p25976（掉线/未登录）（队伍 5/5）——请先完成组队或确认队友在线
09-10 23:38:39 [sat] p25976: 已点队长身体 (537,240)（第2次申请）
09-10 23:38:39 [sat] 当前成员数: 5（目标 5）
09-10 23:38:39 [看门狗] 补组批准结束: 5/5
09-10 23:38:40 p21416 已拉起任务脚本（队员·这是猛男 gw=file://pzxy_p21416）
09-10 23:38:46 [sat] 阵法验证: 天覆阵/4
09-10 23:38:47 [sat] p25976: 已在队伍中（顶栏 5 人 队长=二号美人）→ 跳过申请，不碰 UI
09-10 23:38:49 [sat] 已点挂件位 (677,584)/(24,566)/(20,57) 清理可能遮挡的 UI（队长会话首次）
09-10 23:38:49 p12176 任务脚本已在跑，跳过
09-10 23:38:49 p7968 任务脚本已在跑，跳过
09-10 23:38:49 p25976 已拉起任务脚本（队员·一号美人 gw=file://pzxy_p25976）
09-10 23:38:50 p21416 任务脚本已在跑，跳过
09-10 23:38:50 p25976 任务脚本已在跑，跳过
09-10 23:38:50 p24628 已拉起任务脚本（队长·二号美人 gw=file://pzxy_p24628）
09-10 23:38:50 [看门狗] 满员，抓鬼已恢复 ✓
09-10 23:42:09 [看门狗] 心跳: 5/5
09-10 23:43:07 p7968 tp 状态消失（worker存活）→ 宽限75s 等待自愈/重连，期间不杀
09-10 23:43:10 p12176 tp 状态消失（worker存活）→ 宽限75s 等待自愈/重连，期间不杀
09-10 23:43:10 p24628 tp 状态消失（worker存活）→ 宽限75s 等待自愈/重连，期间不杀
09-10 23:43:12 p25976 tp 状态消失（worker存活）→ 宽限75s 等待自愈/重连，期间不杀
09-10 23:43:13 [看门狗] 队伍数据连续读不到（44 轮），检查通道/面板
09-10 23:43:14 p21416 tp 状态消失（worker存活）→ 宽限75s 等待自愈/重连，期间不杀
09-10 23:44:17 [看门狗] 队伍数据连续读不到（48 轮），检查通道/面板
09-10 23:44:28 p7968 tp 持续 nil 超 75s（worker存活）→ 状态确认丢失，杀游戏重启闭环
09-10 23:44:29 p7968 旧游戏进程卡死，已强制结束
09-10 23:44:30 p7968 已重启为新进程 PID=25152，等待登录界面…
09-10 23:44:30 p12176 tp 持续 nil 超 75s（worker存活）→ 状态确认丢失，杀游戏重启闭环
09-10 23:44:31 p12176 旧游戏进程卡死，已强制结束
09-10 23:44:32 p25152 检测到登录界面，开始播种…
09-10 23:44:32 p12176 已重启为新进程 PID=24496，等待登录界面…
09-10 23:44:33 p21416 tp 持续 nil 超 75s（worker存活）→ 状态确认丢失，杀游戏重启闭环
09-10 23:44:33 p21416 旧游戏进程卡死，已强制结束
09-10 23:44:34 p24496 检测到登录界面，开始播种…
09-10 23:44:34 p21416 已重启为新进程 PID=19488，等待登录界面…
09-10 23:44:35 p19488 检测到登录界面，开始播种…
09-10 23:44:36 p24628 tp 持续 nil 超 75s（worker存活）→ 状态确认丢失，杀游戏重启闭环
09-10 23:44:36 [sat] 联动信号已撤销（队长掉线/重启）
09-10 23:44:36 p24628 旧游戏进程卡死，已强制结束
09-10 23:44:37 p24628 已重启为新进程 PID=9060，等待登录界面…
09-10 23:44:38 p25152 播种成功 ✓
09-10 23:44:38 p25152 重放 member#2 登录点击 4 步…
09-10 23:44:38 p7968 → 新 PID=25152 播种/登录流程接管完成
09-10 23:44:39 p9060 检测到登录界面，开始播种…
09-10 23:44:40 p24496 播种成功 ✓
09-10 23:44:40 p12176 → 新 PID=24496 播种/登录流程接管完成
09-10 23:44:40 p24496 重放 member#1 登录点击 4 步…
09-10 23:44:41 p19488 播种成功 ✓
09-10 23:44:41 p19488 重放 member#3 登录点击 4 步…
09-10 23:44:41 p21416 → 新 PID=19488 播种/登录流程接管完成
09-10 23:44:44 p25976 tp 持续 nil 超 75s（worker存活）→ 状态确认丢失，杀游戏重启闭环
09-10 23:44:45 p25976 旧游戏进程卡死，已强制结束
09-10 23:44:46 p25976 已重启为新进程 PID=21292，等待登录界面…
09-10 23:44:46 p9060 播种成功 ✓
09-10 23:44:46 p9060 重放 leader#1 登录点击 4 步…
09-10 23:44:46 p24628 → 新 PID=9060 播种/登录流程接管完成
09-10 23:44:46 p25152 登录点击重放完毕，等待进入场景…
09-10 23:44:47 [看门狗] 队长 PID 变更 24628 → 9060，跟随新通道
09-10 23:44:48 p21292 检测到登录界面，开始播种…
09-10 23:44:48 p25152 检测到已登录 ✓
09-10 23:44:48 p25152 重登待命：等队长联动信号（队长未就位/未建队则不动）
09-10 23:44:49 p24496 登录点击重放完毕，等待进入场景…
09-10 23:44:49 p19488 登录点击重放完毕，等待进入场景…
09-10 23:44:50 p24496 检测到已登录 ✓
09-10 23:44:50 p19488 检测到已登录 ✓
09-10 23:44:50 p24496 重登待命：等队长联动信号（队长未就位/未建队则不动）
09-10 23:44:50 p19488 重登待命：等队长联动信号（队长未就位/未建队则不动）
09-10 23:44:52 p9060 登录点击重放完毕，等待进入场景…
09-10 23:44:54 p21292 播种成功 ✓
09-10 23:44:54 p21292 重放 member#4 登录点击 4 步…
09-10 23:44:54 p25976 → 新 PID=21292 播种/登录流程接管完成
09-10 23:44:54 p9060 检测到已登录 ✓
09-10 23:44:54 [sat] 队长准备: 传送 大唐官府 + 走位 [139,80]
09-10 23:45:02 p21292 登录点击重放完毕，等待进入场景…
09-10 23:45:03 [sat] 队长当前位置: (2640.0, 1660.0)（第1次传送后）
09-10 23:45:03 [sat] 走位点击 (540,240)（偏差 140,-60）——途中不点组队图标
09-10 23:45:04 p21292 检测到已登录 ✓
09-10 23:45:04 p21292 重登待命：等队长联动信号（队长未就位/未建队则不动）
09-10 23:45:08 [sat] 队长已就位: (2777.9728670639, 1600.8687712583)（目标 (2780.0, 1600.0)，±3 格容差）
09-10 23:45:10 [任务闸] 队长任务暂不启动：未到齐：p24496 p24496（掉线/未登录）、p25152 p25152（掉线/未登录）、p19488 p19488（掉线/未登录）、p21292 p21292（掉线/未登录）（队伍 0/5）——请先完成组队或确认队友在线
09-10 23:45:18 [看门狗] 检测到缺员 0/5 → 打断抓鬼，启动补组队
09-10 23:45:18 [sat] 队长准备: 传送 大唐官府 + 走位 [139,80]
09-10 23:45:19 [sat] 队长已在锚点附近 (2777.9728670639, 1600.8687712583)，跳过传送直接就位
09-10 23:45:19 [看门狗] 队伍已散（0 人）→ 重新建队
09-10 23:45:20 [sat] 建队第1次 脚底屏幕位 (417,292) → 身体点上移 40
09-10 23:45:24 [sat] 建队第1次 顶栏stats（应为 1）: ((1, 0, '二号美人'),)
09-10 23:45:24 [sat] 联动信号已发布: 队长 p9060 就位 (2778, 1601)（队员凭此行动）
09-10 23:45:24 p21292 队长已就位 [139,80] 且建队成功 → 传送+申请归队
09-10 23:45:25 [sat] p21292: 异图(江南野外≠队长大唐官府) 就地传送
09-10 23:45:26 [sat] 当前成员数: 1（目标 5）
09-10 23:45:28 p25152 队长已就位 [139,80] 且建队成功 → 传送+申请归队
09-10 23:45:29 [sat] p25152: 异图(江南野外≠队长大唐官府) 就地传送
09-10 23:45:30 p24496 队长已就位 [139,80] 且建队成功 → 传送+申请归队
09-10 23:45:31 p19488 队长已就位 [139,80] 且建队成功 → 传送+申请归队
09-10 23:45:32 [sat] p24496: 异图(江南野外≠队长大唐官府) 就地传送
09-10 23:45:32 [sat] p19488: 异图(江南野外≠队长大唐官府) 就地传送
09-10 23:45:36 [sat] p21292: 已点队长身体 (537,240)（第1次申请）
09-10 23:45:40 [sat] p25152: 已点队长身体 (537,240)（第1次申请）
09-10 23:45:43 [sat] 当前成员数: 2（目标 5）
09-10 23:45:44 [sat] p24496: 已点队长身体 (537,240)（第1次申请）
09-10 23:45:44 [sat] p19488: 已点队长身体 (537,240)（第1次申请）
09-10 23:45:45 [sat] p21292: 已在队伍中（顶栏 2 人 队长=二号美人）→ 跳过申请，不碰 UI
09-10 23:45:46 [sat] p25152: 已在队伍中（顶栏 3 人 队长=二号美人）→ 跳过申请，不碰 UI
09-10 23:45:48 p21292 已拉起任务脚本（队员·一号美人 gw=file://pzxy_p21292）
09-10 23:45:48 [sat] 当前成员数: 3（目标 5）
09-10 23:45:49 p25152 已拉起任务脚本（队员·这是帅哥 gw=file://pzxy_p25152）
09-10 23:45:53 [sat] 当前成员数: 4（目标 5）
09-10 23:45:54 [sat] p24496: 已在队伍中（顶栏 4 人 队长=二号美人）→ 跳过申请，不碰 UI
09-10 23:45:56 p24496 已拉起任务脚本（队员·三号美人 gw=file://pzxy_p24496）
09-10 23:45:57 [sat] p19488: 已点队长身体 (537,240)（第2次申请）
09-10 23:45:59 [sat] 当前成员数: 5（目标 5）
09-10 23:45:59 [看门狗] 补组批准结束: 5/5
09-10 23:46:06 [看门狗] 队伍满员 5/5，恢复抓鬼
09-10 23:46:06 [sat] p19488: 已在队伍中（顶栏 5 人 队长=二号美人）→ 跳过申请，不碰 UI
09-10 23:46:06 p24496 任务脚本已在跑，跳过
09-10 23:46:06 p25152 任务脚本已在跑，跳过
09-10 23:46:06 [sat] 阵法验证: 天覆阵/4
09-10 23:46:06 p21292 任务脚本已在跑，跳过
09-10 23:46:07 p9060 已拉起任务脚本（队长·二号美人 gw=file://pzxy_p9060）
09-10 23:46:08 p19488 已拉起任务脚本（队员·这是猛男 gw=file://pzxy_p19488）
09-10 23:46:09 [sat] 已点挂件位 (677,584)/(24,566)/(20,57) 清理可能遮挡的 UI（队长会话首次）
09-10 23:46:09 p24496 任务脚本已在跑，跳过
09-10 23:46:10 p25152 任务脚本已在跑，跳过
09-10 23:46:10 p19488 任务脚本已在跑，跳过
09-10 23:46:10 p21292 任务脚本已在跑，跳过
09-10 23:46:11 p9060 任务脚本已在跑，跳过
09-10 23:46:11 [看门狗] 满员，抓鬼已恢复 ✓
09-10 23:46:23 [看门狗] 心跳: 5/5
09-10 23:50:40 [看门狗] 心跳: 5/5
09-10 23:52:48 [看门狗] 心跳: 5/5
09-10 23:54:59 [看门狗] 心跳: 5/5
09-10 23:59:15 [看门狗] 心跳: 5/5
09-11 00:00:34 squad_auto_team 日志已桥接到 GUI（组队内部步骤可见）
09-11 00:00:56 已启动队员进程 PID=14348，等待登录界面窗口…
09-11 00:00:56 已启动队员进程 PID=26444，等待登录界面窗口…
09-11 00:00:57 已启动队员进程 PID=2668，等待登录界面窗口…
09-11 00:00:57 已启动队员进程 PID=19908，等待登录界面窗口…
09-11 00:00:57 p26444 检测到登录界面，开始播种…
09-11 00:00:58 p14348 检测到登录界面，开始播种…
09-11 00:00:58 已启动队长进程 PID=24732，等待登录界面窗口…
09-11 00:00:58 p19908 检测到登录界面，开始播种…
09-11 00:00:59 p2668 检测到登录界面，开始播种…
09-11 00:01:00 p24732 检测到登录界面，开始播种…
09-11 00:01:04 p26444 播种成功 ✓
09-11 00:01:04 p26444 重放 member#2 登录点击 4 步…
09-11 00:01:04 [内存] 已修剪 5 个游戏进程：1.5GB → 20.0MB（释放 1.5GB）
09-11 00:01:05 p19908 播种成功 ✓
09-11 00:01:05 p19908 重放 member#4 登录点击 4 步…
09-11 00:01:07 p2668 播种成功 ✓
09-11 00:01:07 p2668 重放 member#3 登录点击 4 步…
09-11 00:01:07 p14348 播种成功 ✓
09-11 00:01:07 p14348 重放 member#1 登录点击 4 步…
09-11 00:01:10 p24732 播种成功 ✓
09-11 00:01:10 p24732 重放 leader#1 登录点击 4 步…
09-11 00:01:12 p26444 登录点击重放完毕，等待进入场景…
09-11 00:01:13 p19908 登录点击重放完毕，等待进入场景…
09-11 00:01:14 p26444 检测到已登录 ✓
09-11 00:01:14 p19908 检测到已登录 ✓
09-11 00:01:14 p2668 登录点击重放完毕，等待进入场景…
09-11 00:01:16 p14348 登录点击重放完毕，等待进入场景…
09-11 00:01:16 p2668 检测到已登录 ✓
09-11 00:01:16 p24732 登录点击重放完毕，等待进入场景…
09-11 00:01:18 p14348 检测到已登录 ✓
09-11 00:01:18 p24732 检测到已登录 ✓
09-11 00:01:24 [autoTeam] Lua 队伍读数 0/5 未满员 → 走组队流程
09-11 00:01:24 [autoTeam] 阶段1: 队长先行 传送+走位[139,80]
09-11 00:01:24 [sat] 队长准备: 传送 大唐官府 + 走位 [139,80]
09-11 00:01:35 [sat] 队长当前位置: (2640.0, 1660.0)（第1次传送后）
09-11 00:01:35 [sat] 走位点击 (540,240)（偏差 140,-60）——途中不点组队图标
09-11 00:01:40 [sat] 队长已就位: (2777.8166097638, 1600.9357386727)（目标 (2780.0, 1600.0)，±3 格容差）
09-11 00:01:40 [autoTeam] 阶段2: 建队
09-11 00:01:41 [sat] 建队第1次 脚底屏幕位 (418,292) → 身体点上移 40
09-11 00:01:45 [sat] 建队第1次 顶栏stats（应为 1）: ((1, 0, '二号美人'),)
09-11 00:01:45 [sat] 联动信号已发布: 队长 p24732 就位 (2778, 1601)（队员凭此行动）
09-11 00:01:45 [autoTeam] 阶段3: 4 名队员并行传送+申请入队
09-11 00:01:47 [sat] p14348: 异图(五庄观≠队长大唐官府) 就地传送
09-11 00:01:47 [sat] p19908: 异图(五庄观≠队长大唐官府) 就地传送
09-11 00:01:47 [sat] p26444: 异图(五庄观≠队长大唐官府) 就地传送
09-11 00:01:47 [sat] p2668: 异图(五庄观≠队长大唐官府) 就地传送
09-11 00:01:59 [sat] p14348: 已点队长身体 (537,240)（第1次申请）
09-11 00:01:59 [sat] p19908: 已点队长身体 (537,240)（第1次申请）
09-11 00:02:00 [sat] p26444: 已点队长身体 (537,240)（第1次申请）
09-11 00:02:00 [sat] p2668: 已点队长身体 (537,240)（第1次申请）
09-11 00:02:17 [sat] p26444: 已点队长身体 (537,240)（第2次申请）
09-11 00:02:20 [sat] p19908: 已点队长身体 (537,240)（第2次申请）
09-11 00:02:20 [sat] p14348: 已点队长身体 (537,240)（第2次申请）
09-11 00:02:20 [sat] p2668: 已点队长身体 (537,240)（第2次申请）
09-11 00:02:24 [sat] p26444: 申请轮次结束（是否入队由队长批准裁决）
09-11 00:02:27 [sat] p14348: 申请轮次结束（是否入队由队长批准裁决）
09-11 00:02:27 [sat] p19908: 申请轮次结束（是否入队由队长批准裁决）
09-11 00:02:27 [sat] p2668: 申请轮次结束（是否入队由队长批准裁决）
09-11 00:02:27 [autoTeam] 阶段4: 队长批准申请
09-11 00:02:30 [sat] 当前成员数: 1（目标 5）
09-11 00:02:35 [sat] 当前成员数: 2（目标 5）
09-11 00:02:40 [sat] 当前成员数: 3（目标 5）
09-11 00:02:44 [sat] 当前成员数: 4（目标 5）
09-11 00:02:49 [sat] 当前成员数: 5（目标 5）
09-11 00:02:49 [autoTeam] 批准结束: 成员=5/目标=5
09-11 00:02:57 [sat] 阵法验证: 天覆阵/4
09-11 00:02:59 [sat] 已点挂件位 (677,584)/(24,566)/(20,57) 清理可能遮挡的 UI（队长会话首次）
09-11 00:02:59 [autoTeam] 天覆阵完成 ✓
09-11 00:02:59 p14348 已拉起任务脚本（队员·三号美人 gw=file://pzxy_p14348）
09-11 00:03:00 p26444 已拉起任务脚本（队员·这是帅哥 gw=file://pzxy_p26444）
09-11 00:03:00 p2668 已拉起任务脚本（队员·这是猛男 gw=file://pzxy_p2668）
09-11 00:03:00 p19908 已拉起任务脚本（队员·一号美人 gw=file://pzxy_p19908）
09-11 00:03:01 p24732 已拉起任务脚本（队长·二号美人 gw=file://pzxy_p24732）
09-11 00:03:01 [autoTeam] 组队+任务脚本启动完成
09-11 00:03:01 [看门狗] 启动（目标 5 人，每 15s 判定）
09-11 00:03:01 已清理残留任务脚本（绑定死 PID 21292，系统 PID 23932）
09-11 00:03:01 已清理残留任务脚本（绑定死 PID 25152，系统 PID 19232）
09-11 00:03:02 已清理残留任务脚本（绑定死 PID 24496，系统 PID 6104）
09-11 00:03:02 已清理残留任务脚本（绑定死 PID 9060，系统 PID 14308）
09-11 00:03:02 已清理残留任务脚本（绑定死 PID 19488，系统 PID 26260）
09-11 00:05:14 [看门狗] 心跳: 5/5
09-11 00:09:36 [看门狗] 心跳: 5/5
09-11 00:11:49 [看门狗] 心跳: 5/5
09-11 00:13:57 [看门狗] 心跳: 5/5
09-11 00:18:12 [看门狗] 心跳: 5/5
09-11 00:22:25 [看门狗] 心跳: 5/5
09-11 00:24:32 [看门狗] 心跳: 5/5
09-11 00:26:38 [看门狗] 心跳: 5/5
09-11 00:30:51 [看门狗] 心跳: 5/5
09-11 00:31:05 [内存] 已修剪 5 个游戏进程：3.4GB → 140.1MB（释放 3.3GB）
09-11 00:32:57 [看门狗] 心跳: 5/5
09-11 00:33:29 p24732 任务脚本扫描未命中（第1次），下轮复验
09-11 00:34:32 p24732 任务脚本已死（连续2轮未命中）→ 自动补拉
09-11 00:34:32 p24732 已拉起任务脚本（队长·二号美人 gw=file://pzxy_p24732）
09-11 00:35:11 [暂停] 自动化冻结：停任务脚本，看门狗/掉线闭环挂起（可人工接管）
09-11 00:35:11 已打断 p14348 任务脚本（系统 PID 23020）
09-11 00:35:12 已打断 p26444 任务脚本（系统 PID 10268）
09-11 00:35:12 已打断 p2668 任务脚本（系统 PID 26228）
09-11 00:35:12 已打断 p19908 任务脚本（系统 PID 25400）
09-11 00:35:13 已打断 p24732 任务脚本（系统 PID 24216）
09-11 00:35:13 [暂停] 完成：任务脚本已全部停止
09-11 00:36:44 [恢复] 解冻：跳过组队，按角色直接拉起任务脚本
09-11 00:36:44 p14348 已拉起任务脚本（队员·三号美人 gw=file://pzxy_p14348）
09-11 00:36:44 p26444 已拉起任务脚本（队员·这是帅哥 gw=file://pzxy_p26444）
09-11 00:36:44 p2668 已拉起任务脚本（队员·这是猛男 gw=file://pzxy_p2668）
09-11 00:36:45 p19908 已拉起任务脚本（队员·一号美人 gw=file://pzxy_p19908）
09-11 00:36:45 p24732 已拉起任务脚本（队长·二号美人 gw=file://pzxy_p24732）
09-11 00:36:45 [恢复] 完成：任务脚本已拉起，看门狗/掉线闭环恢复（缺员时看门狗自动补组）
09-11 00:37:32 [暂停] 自动化冻结：停任务脚本，看门狗/掉线闭环挂起（可人工接管）
09-11 00:37:32 已打断 p14348 任务脚本（系统 PID 25636）
09-11 00:37:33 已打断 p26444 任务脚本（系统 PID 26596）
09-11 00:37:33 已打断 p2668 任务脚本（系统 PID 7520）
09-11 00:37:33 已打断 p19908 任务脚本（系统 PID 11668）
09-11 00:37:34 已打断 p24732 任务脚本（系统 PID 21380）
09-11 00:37:34 [暂停] 完成：任务脚本已全部停止
09-11 00:39:17 [恢复] 解冻：跳过组队，按角色直接拉起任务脚本
09-11 00:39:18 p14348 已拉起任务脚本（队员·三号美人 gw=file://pzxy_p14348）
09-11 00:39:18 p26444 已拉起任务脚本（队员·这是帅哥 gw=file://pzxy_p26444）
09-11 00:39:18 p2668 已拉起任务脚本（队员·这是猛男 gw=file://pzxy_p2668）
09-11 00:39:19 p19908 已拉起任务脚本（队员·一号美人 gw=file://pzxy_p19908）
09-11 00:39:19 p24732 已拉起任务脚本（队长·二号美人 gw=file://pzxy_p24732）
09-11 00:39:19 [恢复] 完成：任务脚本已拉起，看门狗/掉线闭环恢复（缺员时看门狗自动补组）
09-11 00:40:31 [看门狗] 心跳: 5/5
09-11 00:42:38 [看门狗] 心跳: 5/5
09-11 00:44:47 [看门狗] 心跳: 5/5
09-11 00:49:02 [看门狗] 心跳: 5/5
09-11 00:53:16 [看门狗] 心跳: 5/5
09-11 01:01:05 [内存] 已修剪 5 个游戏进程：2.9GB → 184.1MB（释放 2.8GB）
09-11 01:01:09 p24732 任务脚本扫描未命中（第1次），下轮复验
09-11 01:01:41 [看门狗] 心跳: 5/5
09-11 01:02:12 p24732 任务脚本已死（连续2轮未命中）→ 自动补拉
09-11 01:02:13 p24732 已拉起任务脚本（队长·二号美人 gw=file://pzxy_p24732）
09-11 01:12:19 [看门狗] 心跳: 5/5
09-11 01:14:26 [看门狗] 心跳: 5/5
09-11 01:16:32 [看门狗] 心跳: 5/5
09-11 01:18:38 [看门狗] 心跳: 5/5
09-11 01:20:45 [看门狗] 心跳: 5/5
09-11 01:22:51 [看门狗] 心跳: 5/5
09-11 01:24:57 [看门狗] 心跳: 5/5
09-11 01:29:09 [看门狗] 心跳: 5/5
09-11 01:29:41 p24732 任务脚本扫描未命中（第1次），下轮复验
09-11 01:30:44 p24732 任务脚本已死（连续2轮未命中）→ 自动补拉
09-11 01:30:45 p24732 已拉起任务脚本（队长·二号美人 gw=file://pzxy_p24732）
09-11 01:31:06 [内存] 已修剪 5 个游戏进程：3.0GB → 161.7MB（释放 2.8GB）
09-11 01:33:28 [看门狗] 心跳: 5/5
09-11 01:35:36 [看门狗] 心跳: 5/5
09-11 01:41:59 [看门狗] 心跳: 5/5
09-11 01:44:09 [看门狗] 心跳: 5/5
09-11 01:46:16 [看门狗] 心跳: 5/5
09-11 01:48:22 [看门狗] 心跳: 5/5
09-11 01:52:34 [看门狗] 心跳: 5/5
09-11 01:54:10 p24732 任务脚本扫描未命中（第1次），下轮复验
09-11 01:54:41 [看门狗] 心跳: 5/5
09-11 01:55:13 p24732 任务脚本已死（连续2轮未命中）→ 自动补拉
09-11 01:55:13 p24732 已拉起任务脚本（队长·二号美人 gw=file://pzxy_p24732）
09-11 01:56:48 [看门狗] 心跳: 5/5
09-11 01:58:54 [看门狗] 心跳: 5/5
09-11 02:01:06 [内存] 已修剪 5 个游戏进程：2.9GB → 201.6MB（释放 2.7GB）
09-11 02:03:07 [看门狗] 心跳: 5/5
09-11 02:07:20 [看门狗] 心跳: 5/5
09-11 02:09:26 [看门狗] 心跳: 5/5
09-11 02:12:07 p24732 进程已死（状态=已登录）→ 重启闭环
09-11 02:12:07 [sat] 联动信号已撤销（队长掉线/重启）
09-11 02:12:08 p24732 已重启为新进程 PID=3268，等待登录界面…
09-11 02:12:09 p3268 检测到登录界面，开始播种…
09-11 02:12:16 p3268 播种成功 ✓
09-11 02:12:16 p24732 → 新 PID=3268 播种/登录流程接管完成
09-11 02:12:16 p3268 重放 leader#1 登录点击 4 步…
09-11 02:12:20 [看门狗] 队长 PID 变更 24732 → 3268，跟随新通道
09-11 02:12:23 p3268 登录点击重放完毕，等待进入场景…
09-11 02:12:24 p3268 检测到已登录 ✓
09-11 02:12:24 [sat] 队长准备: 传送 大唐官府 + 走位 [139,80]
09-11 02:12:34 [sat] 队长当前位置: (2640.0, 1660.0)（第1次传送后）
09-11 02:12:34 [sat] 走位点击 (540,240)（偏差 140,-60）——途中不点组队图标
09-11 02:12:39 [sat] 队长已就位: (2778.1291211626, 1600.801805216)（目标 (2780.0, 1600.0)，±3 格容差）
09-11 02:12:41 [任务闸] 队长任务暂不启动：未到齐：p14348 p14348（在线但未入队）、p26444 p26444（在线但未入队）、p2668 p2668（在线但未入队）、p19908 p19908（在线但未入队）（队伍 0/5）——请先完成组队或确认队友在线
09-11 02:12:51 [看门狗] 检测到缺员 0/5 → 打断抓鬼，启动补组队
09-11 02:12:52 [sat] 队长准备: 传送 大唐官府 + 走位 [139,80]
09-11 02:12:52 [sat] 队长已在锚点附近 (2778.1291211626, 1600.801805216)，跳过传送直接就位
09-11 02:12:52 [看门狗] 队伍已散（0 人）→ 重新建队
09-11 02:12:53 [sat] 建队第1次 脚底屏幕位 (417,292) → 身体点上移 40
09-11 02:12:57 [sat] 建队第1次 顶栏stats（应为 1）: ((1, 0, '二号美人'),)
09-11 02:12:57 [sat] 联动信号已发布: 队长 p3268 就位 (2778, 1601)（队员凭此行动）
09-11 02:12:57 [看门狗] 4 名在线队员并行申请归队
09-11 02:12:59 [sat] p14348: 异图(建邺城≠队长大唐官府) 就地传送
09-11 02:12:59 [sat] p2668: 异图(建邺城≠队长大唐官府) 就地传送
09-11 02:12:59 [sat] p26444: 异图(建邺城≠队长大唐官府) 就地传送
09-11 02:13:00 [sat] p19908: 异图(建邺城≠队长大唐官府) 就地传送
09-11 02:13:06 [sat] p2668: 队长不在视野 (-1061,240) → 向其方向走 (60,240)
09-11 02:13:11 [sat] p2668: 异图(建邺城≠队长大唐官府) 就地传送
09-11 02:13:11 [sat] p19908: 已点队长身体 (538,240)（第1次申请）
09-11 02:13:12 [sat] p26444: 已点队长身体 (538,240)（第1次申请）
09-11 02:13:12 [sat] p14348: 已点队长身体 (538,240)（第1次申请）
09-11 02:13:19 [sat] p2668: 队长不在视野 (-743,296) → 向其方向走 (60,296)
09-11 02:13:22 [sat] p19908: 已点队长身体 (538,240)（第2次申请）
09-11 02:13:23 [sat] p26444: 已点队长身体 (538,240)（第2次申请）
09-11 02:13:23 [sat] p14348: 已点队长身体 (538,240)（第2次申请）
09-11 02:13:24 [sat] p2668: 异图(建邺城≠队长大唐官府) 就地传送
09-11 02:13:32 [sat] p2668: 队长不在视野 (-403,340) → 向其方向走 (60,340)
09-11 02:13:33 [sat] p26444: 已点队长身体 (538,240)（第3次申请）
09-11 02:13:34 [sat] p19908: 已点队长身体 (538,240)（第3次申请）
09-11 02:13:35 [sat] p14348: 已点队长身体 (538,240)（第3次申请）
09-11 02:13:36 [sat] p2668: 申请轮次结束（是否入队由队长批准裁决）
09-11 02:13:39 [看门狗] 心跳: 1/5
09-11 02:13:40 [sat] p26444: 申请轮次结束（是否入队由队长批准裁决）
09-11 02:13:41 [sat] p19908: 申请轮次结束（是否入队由队长批准裁决）
09-11 02:13:44 [sat] p14348: 申请轮次结束（是否入队由队长批准裁决）
09-11 02:13:46 [sat] 当前成员数: 1（目标 5）
09-11 02:13:51 [sat] 当前成员数: 2（目标 5）
09-11 02:13:55 [sat] 当前成员数: 3（目标 5）
09-11 02:14:00 [sat] 当前成员数: 4（目标 5）
09-11 02:15:43 [看门狗] 心跳: 4/5
09-11 02:17:48 [看门狗] 心跳: 4/5
09-11 02:19:53 [看门狗] 心跳: 4/5
09-11 02:20:53 [看门狗] 补组批准结束: 4/5
09-11 02:20:53 [看门狗] 仍未满员，掉线队员回来后继续下一轮
09-11 02:20:55 [sat] 队长准备: 传送 大唐官府 + 走位 [139,80]
09-11 02:20:55 [sat] 队长已在锚点附近 (2778.9779971595, 1561.0308616716)，跳过传送直接就位
09-11 02:20:56 [sat] 联动信号已发布: 队长 p3268 就位 (2779, 1561)（队员凭此行动）
09-11 02:20:56 [看门狗] 4 名在线队员并行申请归队
09-11 02:20:56 [sat] p14348: 已在队伍中（顶栏 4 人 队长=二号美人）→ 跳过申请，不碰 UI
09-11 02:20:56 [sat] p26444: 已在队伍中（顶栏 4 人 队长=二号美人）→ 跳过申请，不碰 UI
09-11 02:20:56 [sat] p19908: 已在队伍中（顶栏 4 人 队长=二号美人）→ 跳过申请，不碰 UI
09-11 02:20:57 [sat] p2668: 异图(建邺城≠队长大唐官府) 就地传送
09-11 02:21:05 [sat] p2668: 队长不在视野 (-80,284) → 向其方向走 (60,284)
09-11 02:21:10 [sat] p2668: 异图(建邺城≠队长大唐官府) 就地传送
09-11 02:21:22 [sat] p2668: 已点队长身体 (216,300)（第2次申请）
09-11 02:21:30 [sat] p2668: 异图(建邺城≠队长大唐官府) 就地传送
09-11 02:21:41 [sat] p2668: 已点队长身体 (216,300)（第3次申请）
09-11 02:21:50 [sat] p2668: 申请轮次结束（是否入队由队长批准裁决）
09-11 02:21:52 [sat] 当前成员数: 4（目标 5）
09-11 02:21:57 [看门狗] 心跳: 4/5
09-11 02:24:02 [看门狗] 心跳: 4/5
09-11 02:26:07 [看门狗] 心跳: 4/5
09-11 02:28:12 [看门狗] 心跳: 4/5
09-11 02:28:53 [看门狗] 补组批准结束: 4/5
09-11 02:28:54 [看门狗] 仍未满员，掉线队员回来后继续下一轮
09-11 02:28:59 [sat] 队长准备: 传送 大唐官府 + 走位 [139,80]
09-11 02:28:59 [sat] 队长已在锚点附近 (2778.9779971595, 1561.0308616716)，跳过传送直接就位
09-11 02:29:00 [sat] 联动信号已发布: 队长 p3268 就位 (2779, 1561)（队员凭此行动）
09-11 02:29:00 [看门狗] 4 名在线队员并行申请归队
09-11 02:29:00 [sat] p14348: 已在队伍中（顶栏 4 人 队长=二号美人）→ 跳过申请，不碰 UI
09-11 02:29:00 [sat] p26444: 已在队伍中（顶栏 4 人 队长=二号美人）→ 跳过申请，不碰 UI
09-11 02:29:01 [sat] p19908: 已在队伍中（顶栏 4 人 队长=二号美人）→ 跳过申请，不碰 UI
09-11 02:29:01 [sat] p2668: 异图(建邺城≠队长大唐官府) 就地传送
09-11 02:29:12 [sat] p2668: 已点队长身体 (216,300)（第1次申请）
09-11 02:29:21 [sat] p2668: 异图(建邺城≠队长大唐官府) 就地传送
09-11 02:29:32 [sat] p2668: 已点队长身体 (216,300)（第2次申请）
09-11 02:29:40 [sat] p2668: 异图(建邺城≠队长大唐官府) 就地传送
09-11 02:29:51 [sat] p2668: 已点队长身体 (343,195)（第3次申请）
09-11 02:29:57 [sat] p2668: 申请轮次结束（是否入队由队长批准裁决）
09-11 02:30:00 [sat] 当前成员数: 4（目标 5）
09-11 02:30:18 [看门狗] 心跳: 4/5
09-11 02:31:07 [内存] 已修剪 5 个游戏进程：2.3GB → 152.9MB（释放 2.1GB）
09-11 02:32:22 [看门狗] 心跳: 4/5
09-11 02:34:28 [看门狗] 心跳: 4/5
09-11 02:36:33 [看门狗] 心跳: 4/5
09-11 02:37:08 [看门狗] 补组批准结束: 4/5
09-11 02:37:08 [看门狗] 仍未满员，掉线队员回来后继续下一轮
09-11 02:37:20 [sat] 队长准备: 传送 大唐官府 + 走位 [139,80]
09-11 02:37:20 [sat] 队长已在锚点附近 (2778.9779971595, 1561.0308616716)，跳过传送直接就位
09-11 02:37:20 [sat] 联动信号已发布: 队长 p3268 就位 (2779, 1561)（队员凭此行动）
09-11 02:37:20 [看门狗] 4 名在线队员并行申请归队
09-11 02:37:21 [sat] p14348: 已在队伍中（顶栏 4 人 队长=二号美人）→ 跳过申请，不碰 UI
09-11 02:37:21 [sat] p26444: 已在队伍中（顶栏 4 人 队长=二号美人）→ 跳过申请，不碰 UI
09-11 02:37:21 [sat] p19908: 已在队伍中（顶栏 4 人 队长=二号美人）→ 跳过申请，不碰 UI
09-11 02:37:21 [sat] p2668: 异图(建邺城≠队长大唐官府) 就地传送
09-11 02:37:33 [sat] p2668: 已点队长身体 (471,68)（第1次申请）
09-11 02:37:43 [sat] p2668: 异图(建邺城≠队长大唐官府) 就地传送
09-11 02:37:54 [sat] p2668: 已点队长身体 (576,250)（第2次申请）
09-11 02:38:04 [sat] p2668: 异图(建邺城≠队长大唐官府) 就地传送
09-11 02:38:14 [sat] p2668: 已点队长身体 (704,138)（第3次申请）
09-11 02:38:21 [sat] p2668: 申请轮次结束（是否入队由队长批准裁决）
09-11 02:38:23 [sat] 当前成员数: 4（目标 5）
09-11 02:38:38 [看门狗] 心跳: 4/5
09-11 02:40:43 [看门狗] 心跳: 4/5
09-11 02:42:49 [看门狗] 心跳: 4/5
09-11 02:44:54 [看门狗] 心跳: 4/5
09-11 02:45:29 [看门狗] 补组批准结束: 4/5
09-11 02:45:29 [看门狗] 仍未满员，掉线队员回来后继续下一轮
09-11 02:45:41 [sat] 队长准备: 传送 大唐官府 + 走位 [139,80]
09-11 02:45:41 [sat] 队长已在锚点附近 (2778.9779971595, 1561.0308616716)，跳过传送直接就位
09-11 02:45:41 [sat] 联动信号已发布: 队长 p3268 就位 (2779, 1561)（队员凭此行动）
09-11 02:45:41 [看门狗] 4 名在线队员并行申请归队
09-11 02:45:41 [sat] p14348: 已在队伍中（顶栏 4 人 队长=二号美人）→ 跳过申请，不碰 UI
09-11 02:45:42 [sat] p26444: 已在队伍中（顶栏 4 人 队长=二号美人）→ 跳过申请，不碰 UI
09-11 02:45:42 [sat] p19908: 已在队伍中（顶栏 4 人 队长=二号美人）→ 跳过申请，不碰 UI
09-11 02:45:42 [sat] p2668: 异图(建邺城≠队长大唐官府) 就地传送
09-11 02:45:54 [sat] p2668: 已点队长身体 (576,250)（第1次申请）
09-11 02:46:01 [sat] p2668: 异图(建邺城≠队长大唐官府) 就地传送
09-11 02:46:14 [sat] p2668: 已点队长身体 (686,138)（第2次申请）
09-11 02:46:20 [sat] p2668: 异图(建邺城≠队长大唐官府) 就地传送
09-11 02:46:34 [sat] p2668: 已点队长身体 (559,249)（第3次申请）
09-11 02:46:42 [sat] p2668: 申请轮次结束（是否入队由队长批准裁决）
09-11 02:46:44 [sat] 当前成员数: 4（目标 5）
09-11 02:46:59 [看门狗] 心跳: 4/5
09-11 02:49:04 [看门狗] 心跳: 4/5
09-11 02:51:09 [看门狗] 心跳: 4/5
09-11 02:53:14 [看门狗] 心跳: 4/5
09-11 02:53:48 [看门狗] 补组批准结束: 4/5
09-11 02:53:49 [看门狗] 仍未满员，掉线队员回来后继续下一轮
09-11 02:54:01 [sat] 队长准备: 传送 大唐官府 + 走位 [139,80]
09-11 02:54:01 [sat] 队长已在锚点附近 (2778.9779971595, 1561.0308616716)，跳过传送直接就位
09-11 02:54:01 [sat] 联动信号已发布: 队长 p3268 就位 (2779, 1561)（队员凭此行动）
09-11 02:54:01 [看门狗] 4 名在线队员并行申请归队
09-11 02:54:01 [sat] p14348: 已在队伍中（顶栏 4 人 队长=二号美人）→ 跳过申请，不碰 UI
09-11 02:54:02 [sat] p26444: 已在队伍中（顶栏 4 人 队长=二号美人）→ 跳过申请，不碰 UI
09-11 02:54:02 [sat] p19908: 已在队伍中（顶栏 4 人 队长=二号美人）→ 跳过申请，不碰 UI
09-11 02:54:02 [sat] p2668: 异图(建邺城≠队长大唐官府) 就地传送
09-11 02:54:14 [sat] p2668: 已点队长身体 (682,135)（第1次申请）
09-11 02:54:22 [sat] p2668: 异图(建邺城≠队长大唐官府) 就地传送
09-11 02:54:33 [sat] p2668: 已点队长身体 (610,217)（第2次申请）
09-11 02:54:42 [sat] p2668: 异图(建邺城≠队长大唐官府) 就地传送
09-11 02:54:54 [sat] p2668: 已点队长身体 (684,74)（第3次申请）
09-11 02:55:02 [sat] p2668: 申请轮次结束（是否入队由队长批准裁决）
09-11 02:55:05 [sat] 当前成员数: 4（目标 5）
09-11 02:55:19 [看门狗] 心跳: 4/5
09-11 02:57:24 [看门狗] 心跳: 4/5
09-11 02:59:29 [看门狗] 心跳: 4/5
09-11 03:01:07 [内存] 已修剪 5 个游戏进程：600.6MB → 91.5MB（释放 509.1MB）
09-11 03:01:33 [看门狗] 心跳: 4/5
09-11 03:02:11 [看门狗] 补组批准结束: 4/5
09-11 03:02:12 [看门狗] 仍未满员，掉线队员回来后继续下一轮
09-11 03:02:20 [sat] 队长准备: 传送 大唐官府 + 走位 [139,80]
09-11 03:02:20 [sat] 队长已在锚点附近 (2778.9779971595, 1561.0308616716)，跳过传送直接就位
09-11 03:02:20 [sat] 联动信号已发布: 队长 p3268 就位 (2779, 1561)（队员凭此行动）
09-11 03:02:20 [看门狗] 4 名在线队员并行申请归队
09-11 03:02:20 [sat] p14348: 已在队伍中（顶栏 4 人 队长=二号美人）→ 跳过申请，不碰 UI
09-11 03:02:20 [sat] p26444: 已在队伍中（顶栏 4 人 队长=二号美人）→ 跳过申请，不碰 UI
09-11 03:02:21 [sat] p19908: 已在队伍中（顶栏 4 人 队长=二号美人）→ 跳过申请，不碰 UI
09-11 03:02:21 [sat] p2668: 异图(建邺城≠队长大唐官府) 就地传送
09-11 03:02:29 [sat] p2668: 队长不在视野 (792,-50) → 向其方向走 (740,60)
09-11 03:02:33 [sat] p2668: 异图(建邺城≠队长大唐官府) 就地传送
09-11 03:02:45 [sat] p2668: 已点队长身体 (580,56)（第2次申请）
09-11 03:02:53 [sat] p2668: 异图(建邺城≠队长大唐官府) 就地传送
09-11 03:03:05 [sat] p2668: 已点队长身体 (580,56)（第3次申请）
09-11 03:03:13 [sat] p2668: 申请轮次结束（是否入队由队长批准裁决）
09-11 03:03:15 [sat] 当前成员数: 4（目标 5）
09-11 03:03:38 [看门狗] 心跳: 4/5
09-11 03:05:43 [看门狗] 心跳: 4/5
09-11 03:07:49 [看门狗] 心跳: 4/5
09-11 03:09:54 [看门狗] 心跳: 4/5
09-11 03:10:20 [看门狗] 补组批准结束: 4/5
09-11 03:10:21 [看门狗] 仍未满员，掉线队员回来后继续下一轮
09-11 03:10:26 p3268 任务脚本扫描未命中（第1次），下轮复验
09-11 03:10:26 [sat] 队长准备: 传送 大唐官府 + 走位 [139,80]
09-11 03:10:27 [sat] 队长已在锚点附近 (2778.9779971595, 1561.0308616716)，跳过传送直接就位
09-11 03:10:27 [sat] 联动信号已发布: 队长 p3268 就位 (2779, 1561)（队员凭此行动）
09-11 03:10:27 [看门狗] 4 名在线队员并行申请归队
09-11 03:10:27 [sat] p14348: 已在队伍中（顶栏 4 人 队长=二号美人）→ 跳过申请，不碰 UI
09-11 03:10:27 [sat] p26444: 已在队伍中（顶栏 4 人 队长=二号美人）→ 跳过申请，不碰 UI
09-11 03:10:28 [sat] p19908: 已在队伍中（顶栏 4 人 队长=二号美人）→ 跳过申请，不碰 UI
09-11 03:10:28 [sat] p2668: 异图(建邺城≠队长大唐官府) 就地传送
09-11 03:10:37 [sat] p2668: 队长不在视野 (747,-101) → 向其方向走 (740,60)
09-11 03:10:41 [sat] p2668: 异图(建邺城≠队长大唐官府) 就地传送
09-11 03:10:53 [sat] p2668: 已点队长身体 (585,56)（第2次申请）
09-11 03:11:01 [sat] p2668: 异图(建邺城≠队长大唐官府) 就地传送
09-11 03:11:13 [sat] p2668: 已点队长身体 (585,56)（第3次申请）
09-11 03:11:20 [sat] p2668: 申请轮次结束（是否入队由队长批准裁决）
09-11 03:11:22 [sat] 当前成员数: 4（目标 5）
09-11 03:12:00 [看门狗] 心跳: 4/5
09-11 03:14:07 [看门狗] 心跳: 4/5
09-11 03:16:12 [看门狗] 心跳: 4/5
09-11 03:17:04 p3268 进程已死（状态=已登录）→ 重启闭环
09-11 03:17:04 [sat] 联动信号已撤销（队长掉线/重启）
09-11 03:17:04 p3268 已重启为新进程 PID=23060，等待登录界面…
09-11 07:06:00 squad_auto_team 日志已桥接到 GUI（组队内部步骤可见）
09-11 07:06:20 [卫生] 清理旧 IPC 文件 150 个，日志轮转 0 个
09-11 07:06:30 已启动队员进程 PID=5140，等待登录界面窗口…
09-11 07:06:30 [内存] 没有游戏进程可清理
09-11 07:06:30 已启动队员进程 PID=16864，等待登录界面窗口…
09-11 07:06:31 已启动队员进程 PID=18716，等待登录界面窗口…
09-11 07:06:32 已启动队员进程 PID=18980，等待登录界面窗口…
09-11 07:06:33 已启动队长进程 PID=19232，等待登录界面窗口…
09-11 07:06:42 p5140 检测到登录界面，开始播种…
09-11 07:06:42 p19232 检测到登录界面，开始播种…
09-11 07:06:42 p18980 检测到登录界面，开始播种…
09-11 07:06:42 p18716 检测到登录界面，开始播种…
09-11 07:06:42 p16864 检测到登录界面，开始播种…
09-11 07:06:53 p19232 播种成功 ✓
09-11 07:06:53 p19232 重放 leader#1 登录点击 4 步…
09-11 07:06:53 p18980 播种成功 ✓
09-11 07:06:53 p18980 重放 member#4 登录点击 4 步…
09-11 07:06:53 p16864 播种成功 ✓
09-11 07:06:53 p16864 重放 member#2 登录点击 4 步…
09-11 07:06:54 p18716 播种成功 ✓
09-11 07:06:54 p18716 重放 member#3 登录点击 4 步…
09-11 07:06:54 p5140 播种成功 ✓
09-11 07:06:54 p5140 重放 member#1 登录点击 4 步…
09-11 07:07:00 p19232 登录点击重放完毕，等待进入场景…
09-11 07:07:01 p18980 登录点击重放完毕，等待进入场景…
09-11 07:07:01 p18716 登录点击重放完毕，等待进入场景…
09-11 07:07:01 p16864 登录点击重放完毕，等待进入场景…
09-11 07:07:02 p19232 检测到已登录 ✓
09-11 07:07:03 p5140 登录点击重放完毕，等待进入场景…
09-11 07:07:04 p5140 检测到已登录 ✓
09-11 07:07:04 p16864 检测到已登录 ✓
09-11 07:07:04 p18716 检测到已登录 ✓
09-11 07:07:04 p18980 检测到已登录 ✓
09-11 07:08:23 [autoTeam] Lua 队伍读数 0/5 未满员 → 走组队流程
09-11 07:08:23 [autoTeam] 阶段1: 队长先行 传送+走位[139,80]
09-11 07:08:23 [sat] 队长准备: 传送 大唐官府 + 走位 [139,80]
09-11 07:08:24 [sat] 队长已在锚点附近 (2778.0, 1561.0)，跳过传送直接就位
09-11 07:08:24 [autoTeam] 阶段2: 建队
09-11 07:08:25 [sat] 建队第1次 脚底屏幕位 (400,300) → 身体点上移 40
09-11 07:08:29 [sat] 建队第1次 顶栏stats（应为 1）: ((1, 0, '二号美人'),)
09-11 07:08:29 [sat] 联动信号已发布: 队长 p19232 就位 (2778, 1561)（队员凭此行动）
09-11 07:08:29 [autoTeam] 阶段3: 4 名队员并行传送+申请入队
09-11 07:08:41 [sat] p18716: 已点队长身体 (538,201)（第1次申请）
09-11 07:08:42 [sat] p16864: 已点队长身体 (538,201)（第1次申请）
09-11 07:08:42 [sat] p5140: 已点队长身体 (538,201)（第1次申请）
09-11 07:08:42 [sat] p18980: 已点队长身体 (538,201)（第1次申请）
09-11 07:08:55 [sat] p18716: 已点队长身体 (538,201)（第2次申请）
09-11 07:08:55 [sat] p5140: 已点队长身体 (538,201)（第2次申请）
09-11 07:08:55 [sat] p16864: 已点队长身体 (538,201)（第2次申请）
09-11 07:08:55 [sat] p18980: 已点队长身体 (538,201)（第2次申请）
09-11 07:09:02 [sat] p18716: 申请轮次结束（是否入队由队长批准裁决）
09-11 07:09:03 [sat] p16864: 申请轮次结束（是否入队由队长批准裁决）
09-11 07:09:04 [sat] p5140: 申请轮次结束（是否入队由队长批准裁决）
09-11 07:09:04 [sat] p18980: 申请轮次结束（是否入队由队长批准裁决）
09-11 07:09:04 [autoTeam] 阶段4: 队长批准申请
09-11 07:09:06 [sat] 当前成员数: 1（目标 5）
09-11 07:09:12 [sat] 当前成员数: 2（目标 5）
09-11 07:09:16 [sat] 当前成员数: 3（目标 5）
09-11 07:09:21 [sat] 当前成员数: 4（目标 5）
09-11 07:09:26 [sat] 当前成员数: 5（目标 5）
09-11 07:09:26 [autoTeam] 批准结束: 成员=5/目标=5
09-11 07:09:33 [sat] 阵法验证: 天覆阵/4
09-11 07:09:35 [sat] 已点挂件位 (677,584)/(24,566)/(20,57) 清理可能遮挡的 UI（队长会话首次）
09-11 07:09:35 [autoTeam] 天覆阵完成 ✓
09-11 07:09:35 p5140 已拉起任务脚本（队员·三号美人 gw=file://pzxy_p5140）
09-11 07:09:36 p16864 已拉起任务脚本（队员·这是帅哥 gw=file://pzxy_p16864）
09-11 07:09:36 p18716 已拉起任务脚本（队员·这是猛男 gw=file://pzxy_p18716）
09-11 07:09:36 p18980 已拉起任务脚本（队员·一号美人 gw=file://pzxy_p18980）
09-11 07:09:37 p19232 已拉起任务脚本（队长·二号美人 gw=file://pzxy_p19232）
09-11 07:09:37 [autoTeam] 组队+任务脚本启动完成
09-11 07:09:37 [看门狗] 启动（目标 5 人，每 15s 判定）
09-11 07:10:20 [暂停] 自动化冻结：停任务脚本，看门狗/掉线闭环挂起（可人工接管）
09-11 07:10:20 已打断 p5140 任务脚本（系统 PID 11976）
09-11 07:10:20 已打断 p16864 任务脚本（系统 PID 17992）
09-11 07:10:21 已打断 p18716 任务脚本（系统 PID 19256）
09-11 07:10:21 已打断 p18980 任务脚本（系统 PID 19040）
09-11 07:10:21 已打断 p19232 任务脚本（系统 PID 9224）
09-11 07:10:21 [暂停] 完成：任务脚本已全部停止
09-11 07:13:38 [恢复] 解冻：跳过组队，按角色直接拉起任务脚本
09-11 07:13:39 p5140 已拉起任务脚本（队员·三号美人 gw=file://pzxy_p5140）
09-11 07:13:39 p16864 已拉起任务脚本（队员·这是帅哥 gw=file://pzxy_p16864）
09-11 07:13:39 p18716 已拉起任务脚本（队员·这是猛男 gw=file://pzxy_p18716）
09-11 07:13:39 p18980 已拉起任务脚本（队员·一号美人 gw=file://pzxy_p18980）
09-11 07:13:40 p19232 已拉起任务脚本（队长·二号美人 gw=file://pzxy_p19232）
09-11 07:13:40 [恢复] 完成：任务脚本已拉起，看门狗/掉线闭环恢复（缺员时看门狗自动补组）
09-11 07:13:41 [暂停] 自动化冻结：停任务脚本，看门狗/掉线闭环挂起（可人工接管）
09-11 07:13:41 已打断 p5140 任务脚本（系统 PID 7848）
09-11 07:13:42 已打断 p16864 任务脚本（系统 PID 4660）
09-11 07:13:42 已打断 p18716 任务脚本（系统 PID 14468）
09-11 07:13:42 已打断 p18980 任务脚本（系统 PID 11716）
09-11 07:13:43 已打断 p19232 任务脚本（系统 PID 14828）
09-11 07:13:43 [暂停] 完成：任务脚本已全部停止
09-11 07:14:17 [恢复] 解冻：跳过组队，按角色直接拉起任务脚本
09-11 07:14:17 p5140 已拉起任务脚本（队员·三号美人 gw=file://pzxy_p5140）
09-11 07:14:17 p16864 已拉起任务脚本（队员·这是帅哥 gw=file://pzxy_p16864）
09-11 07:14:18 p18716 已拉起任务脚本（队员·这是猛男 gw=file://pzxy_p18716）
09-11 07:14:18 p18980 已拉起任务脚本（队员·一号美人 gw=file://pzxy_p18980）
09-11 07:14:18 p19232 已拉起任务脚本（队长·二号美人 gw=file://pzxy_p19232）
09-11 07:14:18 [恢复] 完成：任务脚本已拉起，看门狗/掉线闭环恢复（缺员时看门狗自动补组）
09-11 07:15:29 [看门狗] 心跳: 5/5
09-11 07:17:37 [看门狗] 心跳: 5/5
09-11 07:18:11 [暂停] 自动化冻结：停任务脚本，看门狗/掉线闭环挂起（可人工接管）
09-11 07:18:11 已打断 p5140 任务脚本（系统 PID 17648）
09-11 07:18:11 已打断 p16864 任务脚本（系统 PID 7536）
09-11 07:18:11 已打断 p18716 任务脚本（系统 PID 16200）
09-11 07:18:12 已打断 p18980 任务脚本（系统 PID 17032）
09-11 07:18:12 已打断 p19232 任务脚本（系统 PID 20268）
09-11 07:18:12 [暂停] 完成：任务脚本已全部停止
09-11 07:18:32 squad_auto_team 日志已桥接到 GUI（组队内部步骤可见）
